Year,Month,Day,Hour,Pressure_hPa,Latitude,Longitude,Height_m,Temperature_K,Specific_Humidity,Vapour_Pressure_hPa,Radio_Refractivity
2026,1,1,0,1000.0,19.25,72.5,98.74719199631119,294.9778747558594,0.013421397656202316,21.403236122985273,354.82127872002764
2026,1,1,0,1000.0,19.25,72.75,99.76690820928911,293.9270935058594,0.013761859387159348,21.941670727286084,358.74361049767316
2026,1,1,0,1000.0,19.25,73.0,100.04733016785804,293.2239685058594,0.01285729929804802,20.510637279709048,353.62343676086493
2026,1,1,0,1000.0,19.0,72.5,99.00212104955567,295.1204528808594,0.013394217938184738,21.360242321761792,354.4214265901075
2026,1,1,0,1000.0,19.0,72.75,99.57571141935576,294.3860778808594,0.014223914593458176,22.672050078067333,361.1803826825894
2026,1,1,0,1000.0,19.0,73.0,99.41000753474684,293.9778747558594,0.013078074902296066,20.86005301186601,353.9970389245873
2026,1,1,0,1000.0,18.75,72.5,99.04036040754234,295.1751403808594,0.013479094952344894,21.49449899649286,354.91357552757336
2026,1,1,0,1000.0,18.75,72.75,99.04036040754234,294.7415466308594,0.013999801129102707,22.317840506185597,359.1063920861941
2026,1,1,0,1000.0,18.75,73.0,98.72169909098673,294.6634216308594,0.01275668665766716,20.351369442764693,350.77921002473266
2026,1,1,0,925.0,19.25,72.5,771.1038236808697,290.23126220703125,0.011871293187141418,17.52780198787022,324.93541618512114
2026,1,1,0,925.0,19.25,72.75,771.6009353346964,290.34844970703125,0.011196091771125793,16.537613630890867,320.3918103732502
2026,1,1,0,925.0,19.25,73.0,771.6519211453453,290.56915283203125,0.009412720799446106,13.918400246991473,308.5216584493167
2026,1,1,0,925.0,19.0,72.5,771.2567811128164,290.16876220703125,0.01227898895740509,18.125300590557703,327.6690678872529
2026,1,1,0,925.0,19.0,72.75,771.5244566187231,290.00469970703125,0.011511757969856262,17.000641118346998,322.9119651823379
2026,1,1,0,925.0,19.0,73.0,771.5881888820342,290.40899658203125,0.00986047089099884,14.576535475494035,311.63647550657333
2026,1,1,0,925.0,18.75,72.5,771.2567811128164,290.16290283203125,0.012336209416389465,18.209136526431156,328.0487175544167
2026,1,1,0,925.0,18.75,72.75,771.3842456394386,290.01446533203125,0.01161523163318634,17.152380621117157,323.57148032749853
2026,1,1,0,925.0,18.75,73.0,771.4097385447631,290.58282470703125,0.009630635380744934,14.238751221129043,309.91937526785125
2026,1,1,0,850.0,19.25,72.5,1489.0417949809569,286.14166259765625,0.008769765496253967,11.920873500969096,284.82205422473083
2026,1,1,0,850.0,19.25,72.75,1489.3732027501746,286.23345947265625,0.008389249444007874,11.406256004916964,282.37040535299843
2026,1,1,0,850.0,19.25,73.0,1489.4241885608237,286.33990478515625,0.008235707879066467,11.198536271798075,281.30115800371607
2026,1,1,0,850.0,19.0,72.5,1489.2074988655659,286.31939697265625,0.00895334780216217,12.16906921894011,285.74083880891624
2026,1,1,0,850.0,19.0,72.75,1489.2967240342014,286.39752197265625,0.00844360888004303,11.479787287506841,282.51330094124825
2026,1,1,0,850.0,19.0,73.0,1489.564399540108,286.46002197265625,0.00815369188785553,11.087564584233967,280.65742989988786
2026,1,1,0,850.0,18.75,72.5,1489.5134137294592,286.58209228515625,0.008865609765052795,12.050457877710656,284.8895198637714
2026,1,1,0,850.0,18.75,72.75,1489.4751743714726,286.60650634765625,0.008572831749916077,11.65456593600822,283.06290629199475
2026,1,1,0,850.0,18.75,73.0,1489.9340466673125,286.76763916015625,0.007567182183265686,10.293667047281263,276.70144638499596
2026,1,1,6,1000.0,19.25,72.5,121.81062842242255,295.28424072265625,0.013671085238456726,21.798134514264994,356.0473728460777
2026,1,1,6,1000.0,19.25,72.75,120.79091220944461,296.34674072265625,0.01248614490032196,19.923011275548365,346.47356447588686
2026,1,1,6,1000.0,19.25,73.0,119.84767471244004,297.75299072265625,0.011062785983085632,17.667053186443795,334.9481185159153
2026,1,1,6,1000.0,19.0,72.5,121.35175612658247,295.37017822265625,0.013934776186943054,22.215051188559325,357.6991390130667
2026,1,1,6,1000.0,19.0,72.75,120.80365866210684,295.64166259765625,0.013170406222343445,21.006155774532356,352.1245218163698
2026,1,1,6,1000.0,19.0,73.0,119.54175984854666,297.29010009765625,0.011408969759941101,18.216095176326327,337.9027040357644
2026,1,1,6,1000.0,18.75,72.5,120.79091220944461,295.52838134765625,0.01400439441204071,22.32510111413616,357.92684031712014
2026,1,1,6,1000.0,18.75,72.75,120.43401153490234,295.39166259765625,0.01318185031414032,21.024263485085374,352.57587647418507
2026,1,1,6,1000.0,18.75,73.0,118.53479008823095,297.28814697265625,0.010868236422538757,17.358399934171974,334.28561182333476
2026,1,1,6,925.0,19.25,72.5,795.097377720093,290.8597106933594,0.01108822226524353,16.37934734780766,319.00244857760896
2026,1,1,6,925.0,19.25,72.75,795.5052642052842,291.3538513183594,0.009844154119491577,14.552558164193027,310.3120966917577
2026,1,1,6,925.0,19.25,73.0,795.3395603206753,291.7542419433594,0.008884280920028687,13.141203051897655,303.61401520491086
2026,1,1,6,925.0,19.0,72.5,795.1101241727553,291.0374450683594,0.011135905981063843,16.449311501047795,319.07165729485587
2026,1,1,6,925.0,19.0,72.75,795.0718848147686,291.7718200683594,0.009486526250839233,14.026909310009323,307.47297052076146
2026,1,1,6,925.0,19.0,73.0,795.1356170780797,291.9319763183594,0.008895248174667358,13.157338067395049,303.4647488285597
2026,1,1,6,925.0,18.75,72.5,794.918927382822,291.3460388183594,0.01092180609703064,16.13514089235906,317.2764901013285
2026,1,1,6,925.0,18.75,72.75,794.7404770455507,291.9632263183594,0.00956377387046814,14.140468697037889,307.72803889166266
2026,1,1,6,925.0,18.75,73.0,795.0846312674308,291.9964294433594,0.00902971625328064,13.355149998412301,304.25043483210976
2026,1,1,6,850.0,19.25,72.5,1513.997755987009,286.63970947265625,0.008044436573982239,10.93971964779091,279.77873328159745
2026,1,1,6,850.0,19.25,72.75,1514.8135289573913,286.69537353515625,0.00808735191822052,10.997795275076395,279.9783203556875
2026,1,1,6,850.0,19.25,73.0,1515.3998657798536,286.79400634765625,0.008146002888679504,11.077160424164044,280.2247870524623
2026,1,1,6,850.0,19.0,72.5,1514.3546566615512,286.79595947265625,0.007906630635261536,10.753211972257143,278.7534794551515
2026,1,1,6,850.0,19.0,72.75,1515.0047257473245,286.89654541015625,0.007920458912849426,10.77192867865705,278.7234756665195
2026,1,1,6,850.0,19.0,73.0,1515.7312735490714,286.99029541015625,0.008048728108406067,10.94552734617306,279.4026630566828
2026,1,1,6,850.0,18.75,72.5,1514.74979669408,287.01470947265625,0.007713988423347473,10.492436325751157,277.32311211101205
2026,1,1,6,850.0,18.75,72.75,1515.3106406112179,287.14654541015625,0.007786467671394348,10.590557066338224,277.61786059386156
2026,1,1,6,850.0,18.75,73.0,1515.9862026023159,287.25592041015625,0.007910922169685364,10.759020638781486,278.25543262388646
2026,1,1,12,1000.0,19.25,72.5,91.45076897755605,296.01580810546875,0.014008652418851852,22.331831714804462,357.20937889937704
2026,1,1,12,1000.0,19.25,72.75,90.0486591847114,296.65643310546875,0.013882767409086227,22.132831602509178,355.38971000384606
2026,1,1,12,1000.0,19.25,73.0,87.26993250434654,298.87518310546875,0.012234818190336227,19.52495168787046,341.1704679890948
2026,1,1,12,1000.0,19.0,72.5,90.81344634444484,296.30291748046875,0.014031540602445602,22.368010309789994,356.9249356287475
2026,1,1,12,1000.0,19.0,72.75,89.53880107822243,296.43182373046875,0.014161717146635056,22.573757091752576,357.6017741310448
2026,1,1,12,1000.0,19.0,73.0,87.25718605168431,298.12127685546875,0.01277698203921318,20.38349818985823,345.8431256826353
2026,1,1,12,1000.0,18.75,72.5,90.27809533263144,296.60174560546875,0.014018665999174118,22.347659972905657,356.3833993078953
2026,1,1,12,1000.0,18.75,72.75,89.01619651907124,296.39666748046875,0.014148365706205368,22.552656343120237,357.5659668877421
2026,1,1,12,1000.0,18.75,73.0,87.21894669369765,297.48455810546875,0.012996327131986618,20.730683815179386,348.23016682378636
2026,1,1,12,925.0,19.25,72.5,767.6516760151276,292.9050598144531,0.008582547307014465,12.69720890236866,300.26542719458985
2026,1,1,12,925.0,19.25,72.75,767.2947753405853,293.0749816894531,0.00983138382434845,14.53379203007573,308.03492238007186
2026,1,1,12,925.0,19.25,73.0,766.9506211187052,293.3796691894531,0.010414078831672668,15.389776093621558,311.35902789211275
2026,1,1,12,925.0,19.0,72.5,767.3457611512341,292.8288879394531,0.008880093693733215,13.13504275178003,302.26243790060505
2026,1,1,12,925.0,19.0,72.75,766.8104101394207,293.2937316894531,0.009124711155891418,13.494874752206448,303.25324903971375
2026,1,1,12,925.0,19.0,73.0,766.4280165595541,293.4382629394531,0.009824231266975403,14.523281116668597,307.52999810271797
2026,1,1,12,925.0,18.75,72.5,766.9123817607185,292.7566223144531,0.009331181645393372,13.798509810658853,305.2386091044486
2026,1,1,12,925.0,18.75,72.75,766.3515378435807,293.4441223144531,0.008758977055549622,12.956840929599066,300.7372580831549
2026,1,1,12,925.0,18.75,73.0,765.8416797370917,293.4480285644531,0.009479478001594543,14.01654736441803,305.3227119515715
2026,1,1,12,850.0,19.25,72.5,1489.8567712980478,287.9954833984375,0.00725146010518074,9.866073424282192,273.40059239209046
2026,1,1,12,850.0,19.25,72.75,1490.379375857199,288.2200927734375,0.0070421285927295685,9.582478246254514,271.87959857034707
2026,1,1,12,850.0,19.25,73.0,1490.6343049104435,288.0609130859375,0.007881838828325272,10.719655239880726,277.16535972150035
2026,1,1,12,850.0,19.0,72.5,1489.5763493394788,288.2679443359375,0.006864268332719803,9.341462782485042,270.7454912844451
2026,1,1,12,850.0,19.0,72.75,1490.0862074459678,288.4974365234375,0.00658007338643074,8.95624725657997,268.77044274746464
2026,1,1,12,850.0,19.0,73.0,1490.315643593888,288.4447021484375,0.007294375449419022,9.924204792534024,273.16642273789984
2026,1,1,12,850.0,18.75,72.5,1489.5126170761678,288.6204833984375,0.006540972739458084,8.903237433336331,268.4013922038659
2026,1,1,12,850.0,18.75,72.75,1489.9332500140213,288.7435302734375,0.006666380912065506,9.073247862846216,269.03063878099437
2026,1,1,12,850.0,18.75,73.0,1489.9969822773323,288.7689208984375,0.007640082389116287,10.392375175212559,274.90399401218315
2026,1,1,18,1000.0,19.25,72.5,116.85902988979417,295.7348937988281,0.014309268444776535,22.80692601840367,359.6652755991658
2026,1,1,18,1000.0,19.25,72.75,116.97374796375419,295.1294250488281,0.0137394480407238,21.90623434694757,356.746008805915
2026,1,1,18,1000.0,19.25,73.0,117.01198732174086,294.9848937988281,0.0131290964782238,20.940790283393206,352.8283492402606
2026,1,1,18,1000.0,19.0,72.5,116.76980472115861,295.9907531738281,0.014379363507032394,22.917679685674937,359.74189884271453
2026,1,1,18,1000.0,19.0,72.75,116.85902988979417,295.4458312988281,0.014285903424024582,22.770006050524966,359.95466333302204
2026,1,1,18,1000.0,19.0,73.0,116.75705826849638,295.1528625488281,0.01367984339594841,21.81198399584561,356.3066811771431
2026,1,1,18,1000.0,18.75,72.5,116.71881891050971,296.3227844238281,0.014359813183546066,22.88679014769919,359.09838219362507
2026,1,1,18,1000.0,18.75,72.75,116.60410083654969,295.7680969238281,0.014370303601026535,22.903365112203808,360.0251870408465
2026,1,1,18,1000.0,18.75,73.0,116.34917178330521,295.2153625488281,0.013937335461378098,22.219096958790796,357.95387165565893
2026,1,1,18,925.0,19.25,72.5,792.7178739203755,293.0216064453125,0.008462544530630112,12.520582520415275,299.3567517656654
2026,1,1,18,925.0,19.25,72.75,792.6668881097266,292.9200439453125,0.009157296270132065,13.542799387018505,303.9232032514374
2026,1,1,18,925.0,19.25,73.0,792.4756913197932,292.4688720703125,0.009890671819448471,14.620914151382237,309.18426779792236
2026,1,1,18,925.0,19.0,72.5,792.7178739203755,293.0645751953125,0.008409138768911362,12.441968876925678,298.9634737256106
2026,1,1,18,925.0,19.0,72.75,792.5011842251176,292.7462158203125,0.009303685277700424,13.758078084710608,305.0756204600773
2026,1,1,18,925.0,19.0,73.0,792.233508719211,292.3790283203125,0.010083314031362534,14.903953646987551,310.53386296754326
2026,1,1,18,925.0,18.75,72.5,792.6668881097266,292.9688720703125,0.008426304906606674,12.467238101715097,299.18860614193756
2026,1,1,18,925.0,18.75,72.75,792.233508719211,292.6759033203125,0.009354706853628159,13.833101123122379,305.4899862440701
2026,1,1,18,925.0,18.75,73.0,791.8511151393443,292.4298095703125,0.010172005742788315,15.034241767363136,311.03693757420024
2026,1,1,18,850.0,19.25,72.5,1515.6368701340418,288.19921875,0.007015421986579895,9.546291881129592,271.7399016427304
2026,1,1,18,850.0,19.25,72.75,1515.6878559446907,288.216796875,0.007731631398200989,10.516321771942042,276.0763880210827
2026,1,1,18,850.0,19.25,73.0,1515.483912702095,288.408203125,0.007961466908454895,10.82743155340293,277.25695417300784
2026,1,1,18,850.0,19.0,72.5,1515.483912702095,288.173828125,0.007229521870613098,9.836355623851517,273.07046825606363
2026,1,1,18,850.0,19.0,72.75,1515.4074339861218,288.2421875,0.007863715291023254,10.695123648524575,276.8506330352629
2026,1,1,18,850.0,19.0,73.0,1515.3946875334595,288.49609375,0.00802631676197052,10.915197922267549,277.55103026197787
2026,1,1,18,850.0,18.75,72.5,1515.3691946281351,288.212890625,0.007255271077156067,9.871235733027683,273.18409544965266
2026,1,1,18,850.0,18.75,72.75,1515.1652513855395,288.345703125,0.007764533162117004,10.560863539524073,276.1316907163336
2026,1,1,18,850.0,18.75,73.0,1515.305462364824,288.6640625,0.007900908589363098,10.74546703665231,276.601306808789
2026,1,5,0,1000.0,19.25,72.5,124.76120815498922,296.1103515625,0.013059012591838837,20.82988726451911,350.67565259435696
2026,1,5,0,1000.0,19.25,72.75,124.22585714317582,295.8388671875,0.01180063933134079,18.837000357971192,342.58546125963363
2026,1,5,0,1000.0,19.25,73.0,124.50627910174474,296.4208984375,0.011318080127239227,18.071967869208684,338.5077970115631
2026,1,5,0,1000.0,19.0,72.5,124.08564616389134,296.3486328125,0.013951651751995087,22.24172830797218,356.31887305395173
2026,1,5,0,1000.0,19.0,72.75,123.44832353078014,296.3349609375,0.011935584247112274,19.0508576033766,342.78614605835
2026,1,5,0,1000.0,19.0,73.0,123.41008417279347,297.2724609375,0.010913722217082977,17.430569728866207,334.6117343285647
2026,1,5,0,1000.0,18.75,72.5,123.5885345100646,296.7138671875,0.01457010954618454,23.219020511279194,359.9046777281502
2026,1,5,0,1000.0,18.75,72.75,122.76001508702004,296.9990234375,0.012176863849163055,19.43314455246104,343.4557286404507
2026,1,5,0,1000.0,18.75,73.0,122.50508603377556,298.1142578125,0.01082264631986618,17.286060662058357,332.85320666412235
2026,1,5,0,925.0,19.25,72.5,805.9092574458404,295.21014404296875,0.008255574852228165,12.215893459928514,295.4331522943611
2026,1,5,0,925.0,19.25,72.75,805.6543283925959,295.12811279296875,0.009520146995782852,14.076335452172271,303.49696972654783
2026,1,5,0,925.0,19.25,73.0,805.7435535612315,294.83319091796875,0.00986776128411293,14.58724847299191,306.0532325099331
2026,1,5,0,925.0,19.0,72.5,805.488624507987,295.22186279296875,0.008836839348077774,13.071404588207153,299.080667926927
2026,1,5,0,925.0,19.0,72.75,805.2336954547425,295.02264404296875,0.009667012840509415,14.29222063198042,304.552194382273
2026,1,5,0,925.0,19.0,73.0,805.3229206233781,294.90740966796875,0.009965989738702774,14.731582817831933,306.57948340657794
2026,1,5,0,925.0,18.75,72.5,805.0552451174714,295.24334716796875,0.009030912071466446,13.356908986204642,300.27652489626524
2026,1,5,0,925.0,18.75,72.75,804.9022876855247,295.08514404296875,0.009636018425226212,14.246663637465575,304.279568981456
2026,1,5,0,925.0,18.75,73.0,804.8385554222135,294.99530029296875,0.009950730949640274,14.70916307244208,306.37322601875223
2026,1,5,0,850.0,19.25,72.5,1532.2439046463371,288.6610107421875,0.008301250636577606,11.2872109478137,279.02982264042754
2026,1,5,0,850.0,19.25,72.75,1532.2184117410125,288.6434326171875,0.009169094264507294,12.460679159526853,284.3034900515525
2026,1,5,0,850.0,19.25,73.0,1532.0909472143903,288.6824951171875,0.009448044002056122,12.837604000324376,285.94450205909686
2026,1,5,0,850.0,19.0,72.5,1532.0527078564037,288.7215576171875,0.008826248347759247,11.997241857141924,282.1377910901525
2026,1,5,0,850.0,19.0,72.75,1531.9379897824435,288.7508544921875,0.009294502437114716,12.630149981909408,284.9351302846906
2026,1,5,0,850.0,19.0,73.0,1532.0017220457548,288.8426513671875,0.009317867457866669,12.661721555052342,284.9677743112552
2026,1,5,0,850.0,18.75,72.5,1531.912496877119,288.7977294921875,0.008958332240581512,12.175807206384258,282.8478006140864
2026,1,5,0,850.0,18.75,72.75,1531.7722858978348,288.8582763671875,0.00926923006772995,12.596000133779746,284.655501677728
2026,1,5,0,850.0,18.75,73.0,1531.7722858978348,288.9930419921875,0.009080402553081512,12.34080976106887,283.3567924361204
2026,1,5,6,1000.0,19.25,72.5,149.17718760197164,298.00482177734375,0.01225360482931137,19.554710764260975,342.530707168289
2026,1,5,6,1000.0,19.25,72.75,148.42514689490042,299.70404052734375,0.011682353913784027,18.649516013901366,336.3667122659962
2026,1,5,6,1000.0,19.25,73.0,148.38690753691372,300.76263427734375,0.01114114373922348,17.79134743838271,331.3725626620346
2026,1,5,6,1000.0,19.0,72.5,148.75655466411823,298.06927490234375,0.011988960206508636,19.13543684559088,340.67864234738903
2026,1,5,6,1000.0,19.0,72.75,148.33592172626484,299.31146240234375,0.011414848268032074,18.225416416099257,335.14384892943633
2026,1,5,6,1000.0,19.0,73.0,147.50740230322026,300.65911865234375,0.01093371957540512,17.46229717708194,330.15416181597107
2026,1,5,6,1000.0,18.75,72.5,148.61634368483377,298.15521240234375,0.011913619935512543,19.016051497829036,340.0563718174392
2026,1,5,6,1000.0,18.75,72.75,148.19571074698038,299.19818115234375,0.011166892945766449,17.832189307795314,333.66102637632474
2026,1,5,6,1000.0,18.75,73.0,146.16902477368674,300.93060302734375,0.010676704347133636,17.054463091907024,328.11156010766535
2026,1,5,6,925.0,19.25,72.5,830.8748778730504,294.5950927734375,0.009841762483119965,14.549043641857615,306.1870205962502
2026,1,5,6,925.0,19.25,72.75,831.0405817576594,294.5872802734375,0.009728752076625824,14.38296267171995,305.4829593448869
2026,1,5,6,925.0,19.25,73.0,830.9513565890238,294.4075927734375,0.010019145905971527,14.809681969857465,307.5435005824524
2026,1,5,6,925.0,19.0,72.5,830.505230745846,294.5228271484375,0.009525619447231293,14.084380359407428,304.2794313785739
2026,1,5,6,925.0,19.0,72.75,830.5562165564949,294.5853271484375,0.009487472474575043,14.028300389008564,303.96098521175776
2026,1,5,6,925.0,19.0,73.0,830.6709346304549,294.4837646484375,0.010000549256801605,14.782359604720055,307.32995187028723
2026,1,5,6,925.0,18.75,72.5,830.1610765239659,294.4193115234375,0.009230934083461761,13.651095425004502,302.54326868524475
2026,1,5,6,925.0,18.75,72.75,830.2248087872771,294.4466552734375,0.009254775941371918,13.686156578127369,302.66056036973464
2026,1,5,6,925.0,18.75,73.0,830.4287520298726,294.5853271484375,0.009836994111537933,14.542036464213496,306.169125554266
2026,1,5,6,850.0,19.25,72.5,1556.683634319569,288.4412841796875,0.00942683219909668,12.80894647102732,286.1032358426032
2026,1,5,6,850.0,19.25,72.75,1556.849338204178,288.4822998046875,0.009303808212280273,12.642724353681613,285.3093897866976
2026,1,5,6,850.0,19.25,73.0,1556.7728594882046,288.5037841796875,0.009161233901977539,12.45005617249593,284.4205164298396
2026,1,5,6,850.0,19.0,72.5,1556.224762023729,288.5799560546875,0.009070634841918945,12.327607632969046,283.7822783835892
2026,1,5,6,850.0,19.0,72.75,1556.2120155710666,288.5447998046875,0.008886098861694336,12.078157813789076,282.70603625599426
2026,1,5,6,850.0,19.0,73.0,1556.3267336450267,288.4901123046875,0.008865594863891602,12.05043773205292,282.64565242524463
2026,1,5,6,850.0,18.75,72.5,1555.8168755385377,288.7186279296875,0.008786916732788086,11.944063599326487,281.90324455864237
2026,1,5,6,850.0,18.75,72.75,1555.6511716539287,288.6112060546875,0.008718729019165039,11.851864499360591,281.61520367131016
2026,1,5,6,850.0,18.75,73.0,1555.8806078018488,288.4022216796875,0.009060144424438477,12.313428514769557,283.92762803105074
2026,1,5,12,1000.0,19.25,72.5,121.91267472996641,298.2440185546875,0.012798182666301727,20.417059152477197,345.8063369643471
2026,1,5,12,1000.0,19.25,72.75,121.23711273886853,299.0506591796875,0.01321064680814743,21.069826377931236,347.36582738073105
2026,1,5,12,1000.0,19.25,73.0,120.2683823365395,301.4666748046875,0.011179320514202118,17.851900728025996,330.6762763254977
2026,1,5,12,1000.0,19.0,72.5,121.3263379075041,298.7674560546875,0.01185261458158493,18.919373526538045,338.79235683081026
2026,1,5,12,1000.0,19.0,72.75,120.7909868956907,298.9373779296875,0.011882655322551727,18.966981350537612,338.7535809006614
2026,1,5,12,1000.0,19.0,73.0,119.70753841940164,300.8338623046875,0.010781638324260712,17.220988563497876,328.92600378621967
2026,1,5,12,1000.0,18.75,72.5,120.8547191590018,298.9764404296875,0.01209055632352829,19.296410424616987,340.0736439899467
2026,1,5,12,1000.0,18.75,72.75,120.12817135725503,298.7869873046875,0.011714808642864227,18.700959960764088,337.8524752121074
2026,1,5,12,1000.0,18.75,73.0,118.70056865908593,300.3494873046875,0.010904662311077118,17.41619519316426,330.3782540635045
2026,1,5,12,925.0,19.25,72.5,804.8198340698659,295.2747497558594,0.00958232581615448,14.167739772156644,303.70736990770627
2026,1,5,12,925.0,19.25,72.75,804.9218056911637,295.3118591308594,0.01045207679271698,15.445574508351692,309.12698732683526
2026,1,5,12,925.0,19.25,73.0,805.393424439666,295.6517028808594,0.01004628837108612,14.849558823325312,306.15245719306387
2026,1,5,12,925.0,19.0,72.5,804.3737082266881,295.3977966308594,0.008808419108390808,13.029589362606469,298.6904997993284
2026,1,5,12,925.0,19.0,72.75,804.1825114367547,295.4466247558594,0.009538456797599792,14.103252002453162,303.219881519444
2026,1,5,12,925.0,19.0,73.0,804.654130185257,295.5657653808594,0.009656235575675964,14.276379913796816,303.8125823724383
2026,1,5,12,925.0,18.75,72.5,803.7873714042257,295.4876403808594,0.008537575602531433,12.631020190981545,296.88006943698235
2026,1,5,12,925.0,18.75,72.75,803.3284991083857,295.5267028808594,0.009226128458976746,13.64402828898054,301.16011281293567
2026,1,5,12,925.0,18.75,73.0,803.6216675196168,295.5306091308594,0.009561821818351746,14.137599174869932,303.26327856262276
2026,1,5,12,850.0,19.25,72.5,1532.3630043133996,289.32318115234375,0.008539620786905289,11.609649503650376,279.7126126922874
2026,1,5,12,850.0,19.25,72.75,1532.7453978932665,289.13568115234375,0.009306851774454117,12.646836917761549,284.5552445946649
2026,1,5,12,850.0,19.25,73.0,1533.3317347157288,288.99700927734375,0.00952238216996193,12.938030410884576,286.0193543716289
2026,1,5,12,850.0,19.0,72.5,1531.878639112235,289.31536865234375,0.00831550732254982,11.30649829637181,278.3706568865873
2026,1,5,12,850.0,19.0,72.75,1531.980610733533,289.13372802734375,0.009009305387735367,12.244710617462403,282.7633357940594
2026,1,5,12,850.0,19.0,73.0,1532.4522294820351,288.95989990234375,0.009399358183145523,12.771827486783732,285.3210488576387
2026,1,5,12,850.0,18.75,72.5,1531.368781005746,289.30755615234375,0.008246365934610367,11.212956339311454,277.9626693771723
2026,1,5,12,850.0,18.75,72.75,1531.0883590471772,289.15325927734375,0.008876744657754898,12.065511618997766,281.9411017796074
2026,1,5,12,850.0,18.75,73.0,1531.4452597217196,289.05950927734375,0.009297315031290054,12.633950497497734,284.5875765649828
2026,1,5,18,1000.0,19.25,72.5,137.59932573655377,297.09295654296875,0.013033289462327957,20.789179797252046,349.05169735916155
2026,1,5,18,1000.0,19.25,72.75,137.05122827207813,296.78826904296875,0.013204474002122879,21.060059665938244,350.64739994663074
2026,1,5,18,1000.0,19.25,73.0,137.31890377798484,296.79412841796875,0.013260263949632645,21.148328768937766,351.01248892873144
2026,1,5,18,1000.0,19.0,72.5,137.01298891409147,297.06561279296875,0.014722246676683426,23.459317297539712,360.37785245503824
2026,1,5,18,1000.0,19.0,72.75,136.93651019811813,296.84100341796875,0.014105219393968582,22.484465162777283,356.59895222492304
2026,1,5,18,1000.0,19.0,73.0,137.67580445252713,296.84490966796875,0.013792891055345535,21.990735810534815,354.50304433380023
2026,1,5,18,1000.0,18.75,72.5,136.52862371292696,297.31951904296875,0.015456575900316238,24.618552886662776,364.87689571451654
2026,1,5,18,1000.0,18.75,72.75,136.93651019811813,296.97381591796875,0.01481141522526741,23.60013631692323,361.11547877644296
2026,1,5,18,1000.0,18.75,73.0,137.612072189216,296.93475341796875,0.013976950198411942,22.281719414776386,355.59861737657604
2026,1,5,18,925.0,19.25,72.5,818.628673686988,294.8235778808594,0.009955614805221558,14.71633896853844,306.6192130398062
2026,1,5,18,925.0,19.25,72.75,818.4247304443924,294.9329528808594,0.010250300168991089,15.14924467672784,308.3384248889775
2026,1,5,18,925.0,19.25,73.0,818.462969802379,295.0852966308594,0.009919852018356323,14.663791380805318,306.06620815573126
2026,1,5,18,925.0,19.0,72.5,818.3864910864057,295.1087341308594,0.009801596403121948,14.490017856716237,305.29264585993894
2026,1,5,18,925.0,19.0,72.75,818.3227588230945,294.9934997558594,0.01011773943901062,14.954526226947172,307.4271842536219
2026,1,5,18,925.0,19.0,73.0,818.6541665923124,294.9388122558594,0.009953230619430542,14.712835866656611,306.45973003799736
2026,1,5,18,925.0,18.75,72.5,818.1060691278368,295.2571716308594,0.009662359952926636,14.285381716044222,304.23240989480837
2026,1,5,18,925.0,18.75,72.75,818.2717730124457,294.9895935058594,0.009877890348434448,14.602132649628608,305.92159464623643
2026,1,5,18,925.0,18.75,73.0,818.6159272343257,294.8294372558594,0.009879320859909058,14.604234703294233,306.13081536046985
2026,1,5,18,850.0,19.25,72.5,1545.4962321485932,288.7978515625,0.009063255041837692,12.317632924039495,283.4819305764584
2026,1,5,18,850.0,19.25,72.75,1545.5217250539176,288.9072265625,0.008975040167570114,12.198392765027716,282.82090072700896
2026,1,5,18,850.0,19.25,73.0,1545.4070069799575,288.8349609375,0.008890639990568161,12.084297034009413,282.3951764131388
2026,1,5,18,850.0,19.0,72.5,1545.483485695931,288.8994140625,0.009036075323820114,12.280895419515149,283.1987317669972
2026,1,5,18,850.0,19.0,72.75,1545.4070069799575,288.9287109375,0.008927356451749802,12.133933330613763,282.50780314069834
2026,1,5,18,850.0,19.0,73.0,1545.381514074633,288.8369140625,0.008823882788419724,11.994043577244229,281.9893794390903
2026,1,5,18,850.0,18.75,72.5,1545.432499885282,289.0595703125,0.008606921881437302,11.70066953094191,280.4212429722246
2026,1,5,18,850.0,18.75,72.75,1545.2667960006731,289.0283203125,0.00840521976351738,11.427859344094855,279.23909454140136
2026,1,5,18,850.0,18.75,73.0,1545.2795424533354,288.9677734375,0.008241187781095505,11.20595045765278,278.31704321204546
2026,1,15,0,1000.0,19.25,72.5,115.92769240132972,295.9207763671875,0.009319163858890533,14.89820384472665,325.691144059231
2026,1,15,0,1000.0,19.25,72.75,114.99720135698736,295.2723388671875,0.00847945362329483,13.562672174443756,320.8323481958556
2026,1,15,0,1000.0,19.25,73.0,114.47459679783617,294.3016357421875,0.008228637278079987,13.163493921115304,320.3635147772432
2026,1,15,0,1000.0,19.0,72.5,115.18839814692072,296.2703857421875,0.010262824594974518,16.39744885773828,331.60298312041425
2026,1,15,0,1000.0,19.0,72.75,114.23241419725392,295.5965576171875,0.009641982614994049,15.411275898509757,328.3082747409964
2026,1,15,0,1000.0,19.0,73.0,113.73530254342717,295.0321044921875,0.009261466562747955,14.806481548843117,326.4708381883316
2026,1,15,0,1000.0,18.75,72.5,114.41086453452505,296.6610107421875,0.010757781565189362,17.183130820091996,334.4046457153734
2026,1,15,0,1000.0,18.75,72.75,113.35290896356045,295.8289794921875,0.010391093790531158,16.601105167684455,333.06990356397466
2026,1,15,0,1000.0,18.75,73.0,112.8557973097337,295.8778076171875,0.010183192789554596,16.27099951052173,331.5967716907446
2026,1,15,0,925.0,19.25,72.5,793.4403886648346,295.08013916015625,0.0022194781340658665,3.2962248620362744,257.3763092899957
2026,1,15,0,925.0,19.25,72.75,793.3001776855501,295.35552978515625,0.0031879344023764133,4.731732153456551,263.26113658362226
2026,1,15,0,925.0,19.25,73.0,793.1344738009412,295.12701416015625,0.0046723284758627415,6.928724664403206,272.889136581141
2026,1,15,0,925.0,19.0,72.5,793.3256705908746,295.43170166015625,0.0024145045317709446,3.5854410318967798,258.2892457901021
2026,1,15,0,925.0,19.0,72.75,793.0707415376302,295.53131103515625,0.003449718002229929,5.1194749044229235,264.7484662803253
2026,1,15,0,925.0,19.0,73.0,792.9815163689946,295.33990478515625,0.004946033004671335,7.333392307995145,274.40152212534554
2026,1,15,0,925.0,18.75,72.5,793.0325021796434,295.66802978515625,0.0028407969512045383,4.217376962817643,260.7668875157894
2026,1,15,0,925.0,18.75,72.75,792.7903195790612,295.71685791015625,0.0038674273528158665,5.737913371855962,267.206509234471
2026,1,15,0,925.0,18.75,73.0,792.7265873157501,295.62310791015625,0.005368510726839304,7.95775526207499,276.7734638789793
2026,1,15,0,850.0,19.25,72.5,1519.0190616826337,289.50970458984375,0.0038154730573296547,5.2020088546952,250.98361033006654
2026,1,15,0,850.0,19.25,72.75,1519.7328630317184,289.68353271484375,0.00448924396187067,6.118127504309399,254.89116985522702
2026,1,15,0,850.0,19.25,73.0,1520.1280030642474,289.87493896484375,0.005064309574663639,6.899446087766303,258.1732107511665
2026,1,15,0,850.0,19.0,72.5,1519.4651875258116,289.52337646484375,0.004495919682085514,6.127200662052733,255.08759388546247
2026,1,15,0,850.0,19.0,72.75,1520.0132849902873,289.66400146484375,0.005174935795366764,7.049687060786374,259.0514302891959
2026,1,15,0,850.0,19.0,73.0,1520.4339179281408,289.94329833984375,0.005520165897905827,7.518413057548808,260.8514364068144
2026,1,15,0,850.0,18.75,72.5,1519.8475811056783,289.61517333984375,0.00513011310249567,6.988815989858022,258.82969698653386
2026,1,15,0,850.0,18.75,72.75,1520.2682140435318,289.71282958984375,0.005849183537065983,7.964944666447268,263.0698872829645
2026,1,15,0,850.0,18.75,73.0,1520.7015934340475,290.02532958984375,0.0061300406232476234,8.345973653075022,264.4379767122361
2026,1,15,6,1000.0,19.25,72.5,140.0329770646704,295.86627197265625,0.010445971041917801,16.68822555853374,333.39022984447405
2026,1,15,6,1000.0,19.25,72.75,138.50340274520352,297.75885009765625,0.009257692843675613,14.800482185637824,322.8802071349189
2026,1,15,6,1000.0,19.25,73.0,137.53467234287447,299.66705322265625,0.00895204022526741,14.314472498333398,318.41149693303817
2026,1,15,6,1000.0,19.0,72.5,139.25544345227473,296.07720947265625,0.010909933596849442,17.424558685985286,336.2351762291027
2026,1,15,6,1000.0,19.0,72.75,137.9680517333901,296.87017822265625,0.010150808840990067,16.219572744754615,330.0396969410582
2026,1,15,6,1000.0,19.0,73.0,136.425730961261,299.24713134765625,0.009603876620531082,15.350722546911175,323.2581805183541
2026,1,15,6,1000.0,18.75,72.5,138.57988146117685,296.28033447265625,0.011392969638109207,18.19072429326744,339.20942451778603
2026,1,15,6,1000.0,18.75,72.75,137.34347555294113,296.29791259765625,0.010839838534593582,17.313340566010687,335.457012978515
2026,1,15,6,1000.0,18.75,73.0,134.67946694653628,299.33502197265625,0.009789843112230301,15.646211186600054,324.3745802411553
2026,1,15,6,925.0,19.25,72.5,818.3260450179216,295.34234619140625,0.0028546268586069345,4.237872945094784,261.1619535494203
2026,1,15,6,925.0,19.25,72.75,818.3770308285705,295.34820556640625,0.004820149391889572,7.1472921278521655,273.5971598335498
2026,1,15,6,925.0,19.25,73.0,818.1603411333126,295.49273681640625,0.006064217537641525,8.985216466508351,281.29971989970625
2026,1,15,6,925.0,19.0,72.5,818.2240733966238,295.59039306640625,0.003081124508753419,4.573494503740511,262.36037832062664
2026,1,15,6,925.0,19.0,72.75,818.0966088700015,295.67828369140625,0.0048854760825634,7.243871457888477,273.6697062695396
2026,1,15,6,925.0,19.0,73.0,818.0456230593526,295.63922119140625,0.006670277565717697,9.8795767364673,284.95811248511137
2026,1,15,6,925.0,18.75,72.5,818.0073837013659,295.84234619140625,0.0033576900605112314,4.98318105863985,263.86630874565634
2026,1,15,6,925.0,18.75,72.75,817.8161869114326,295.89508056640625,0.0051114968955516815,7.577962860243366,274.8698731446992
2026,1,15,6,925.0,18.75,73.0,817.8671727220815,295.70172119140625,0.0073278360068798065,10.849191146319002,289.0251609043977
2026,1,15,6,850.0,19.25,72.5,1543.9244352046826,289.22186279296875,0.004331596195697784,5.903842682823567,254.38600171101075
2026,1,15,6,850.0,19.25,72.75,1544.740208175065,289.40545654296875,0.005086906254291534,6.930136173468179,258.7784680005983
2026,1,15,6,850.0,19.25,73.0,1545.2628127342161,289.46600341796875,0.005694396793842316,7.754895501414453,262.38936385421766
2026,1,15,6,850.0,19.0,72.5,1544.3833075005227,289.29803466796875,0.005108363926410675,6.959278517872373,259.01590165010765
2026,1,15,6,850.0,19.0,72.75,1545.0078836809716,289.46600341796875,0.005703456699848175,7.767191086961964,262.44409857634747
2026,1,15,6,850.0,19.0,73.0,1545.5687275981095,289.54998779296875,0.00621844083070755,8.465876311659311,265.4663960535577
2026,1,15,6,850.0,18.75,72.5,1544.8804191543495,289.44451904296875,0.005776889622211456,7.866845064851105,262.9098284883167
2026,1,15,6,850.0,18.75,72.75,1545.2755591868784,289.59686279296875,0.0062394216656684875,8.494332028817254,265.54388967014586
2026,1,15,6,850.0,18.75,73.0,1545.823656651354,289.70233154296875,0.006692416965961456,9.108540578455512,268.1632036269328
2026,1,15,12,1000.0,19.25,72.5,104.77113564997987,296.0057373046875,0.01180928573012352,18.850703993484107,342.4054375733182
2026,1,15,12,1000.0,19.25,72.75,103.12684325655296,297.8240966796875,0.011613305658102036,18.54006101384725,338.52160084949577
2026,1,15,12,1000.0,19.25,73.0,100.56480627144592,301.2147216796875,0.009908612817525864,15.834893770522015,322.7221227897793
2026,1,15,12,1000.0,19.0,72.5,104.04458784823309,296.5272216796875,0.011860307306051254,18.93156493057838,342.0054094932558
2026,1,15,12,1000.0,19.0,72.75,102.34930964415729,297.4041748046875,0.01222270354628563,19.505761063160747,343.18227885530524
2026,1,15,12,1000.0,19.0,73.0,100.04220171229473,300.2596435546875,0.010868962854146957,17.359552554176602,330.2643175224891
2026,1,15,12,1000.0,18.75,72.5,103.61120845771747,297.0350341796875,0.012027677148580551,19.196784083519237,342.4048923099015
2026,1,15,12,1000.0,18.75,72.75,101.85219799033055,297.1678466796875,0.012315686792135239,19.653047233876542,344.14277988399147
2026,1,15,12,1000.0,18.75,73.0,100.01670880697027,299.4862060546875,0.011414941400289536,18.22556409046837,334.9046642142289
2026,1,15,12,925.0,19.25,72.5,786.8111378822024,296.5447692871094,0.004332207143306732,6.4256737770420695,269.309563090246
2026,1,15,12,925.0,19.25,72.75,786.9768417668114,296.9275817871094,0.005670212209224701,8.403432281638029,277.29448041461234
2026,1,15,12,925.0,19.25,73.0,786.390504944349,297.2478942871094,0.006765983998775482,10.020750336808767,283.7849785804053
2026,1,15,12,925.0,19.0,72.5,786.6071946396069,296.6346130371094,0.004572533071041107,6.781145402449515,270.7265933825606
2026,1,15,12,925.0,19.0,72.75,786.5434623762957,297.0291442871094,0.005905769765377045,8.75128750045541,278.6581633343516
2026,1,15,12,925.0,19.0,73.0,785.8041681218867,297.1346130371094,0.007256649434566498,10.744258970607232,286.9659567684277
2026,1,15,12,925.0,18.75,72.5,786.4669836603224,296.7596130371094,0.00456681102514267,6.772682995661499,270.564613912589
2026,1,15,12,925.0,18.75,72.75,786.3012797757135,297.1385192871094,0.006020687520503998,8.920954134523704,279.25875942458913
2026,1,15,12,925.0,18.75,73.0,785.4982532579934,297.0447692871094,0.007615230977535248,11.272732232242527,289.3005104503062
2026,1,15,12,850.0,19.25,72.5,1515.5432633723035,291.1463623046875,0.003005276434123516,4.0994020431881495,244.59147599018655
2026,1,15,12,850.0,19.25,72.75,1516.9963589757972,291.2401123046875,0.004145394079387188,5.650692226131547,251.3287454273717
2026,1,15,12,850.0,19.25,73.0,1517.6464280615705,291.3690185546875,0.0058524711057543755,7.96940554559814,261.3941006847919
2026,1,15,12,850.0,19.0,72.5,1515.6069956356148,291.1717529296875,0.0033881766721606255,4.620630847552184,246.8617575993622
2026,1,15,12,850.0,19.0,72.75,1516.9453731651483,291.3221435546875,0.004402409307658672,6.000101412281089,252.7866443949453
2026,1,15,12,850.0,19.0,73.0,1517.391499008326,291.4530029296875,0.006242523901164532,8.498539442339867,263.63216270663236
2026,1,15,12,850.0,18.75,72.5,1515.900164046846,291.1346435546875,0.004038582555949688,5.505451186059281,250.78963781121823
2026,1,15,12,850.0,18.75,72.75,1517.1110770497571,291.3084716796875,0.005034218542277813,6.858576107865199,256.57312219557195
2026,1,15,12,850.0,18.75,73.0,1517.4169919136505,291.5975341796875,0.006441841833293438,8.768831689656228,264.6687048079875
2026,1,15,18,1000.0,19.25,72.5,123.20362649324694,296.1404113769531,0.011732585728168488,18.72913754036247,341.6962026619587
2026,1,15,18,1000.0,19.25,72.75,122.56630386013573,296.2068176269531,0.010334499180316925,16.511252334968024,332.17291392005563
2026,1,15,18,1000.0,19.25,73.0,122.069192206309,297.1560363769531,0.009136207401752472,14.607333079826759,322.8458845935228
2026,1,15,18,1000.0,19.0,72.5,123.26735875655805,296.3220520019531,0.012722022831439972,20.296492809102716,348.09601873897947
2026,1,15,18,1000.0,19.0,72.75,122.43883933351349,296.4158020019531,0.01116848737001419,17.83471824755125,337.507745650503
2026,1,15,18,1000.0,19.0,73.0,121.80151670040229,297.3845520019531,0.009931094944477081,15.870606782036447,327.87849083712024
2026,1,15,18,1000.0,18.75,72.5,123.29285166188251,296.6404113769531,0.013072021305561066,20.850473384161322,349.978245640007
2026,1,15,18,1000.0,18.75,72.75,122.14567092228233,296.6423645019531,0.011851795017719269,18.918074677790166,341.7843161369908
2026,1,15,18,1000.0,18.75,73.0,121.29165859391333,297.7888488769531,0.010843761265277863,17.319564915451387,333.437224496162
2026,1,15,18,925.0,19.25,72.5,804.7897106172852,296.3873291015625,0.005471035838127136,8.109224847713568,276.615620600426
2026,1,15,18,925.0,19.25,72.75,805.0446396705297,296.7154541015625,0.006268307566642761,9.28646456888984,281.25930834174983
2026,1,15,18,925.0,19.25,73.0,805.1593577444897,296.9576416015625,0.006660744547843933,9.865513980832707,283.4471255995633
2026,1,15,18,925.0,19.0,72.5,804.9299215965697,296.4830322265625,0.005389973521232605,7.989465739260499,276.00703937022723
2026,1,15,18,925.0,19.0,72.75,805.0573861231919,296.6959228515625,0.006209179759025574,9.199196334129713,280.91063488946713
2026,1,15,18,925.0,19.0,73.0,805.1211183865031,296.9674072265625,0.006998345255851746,10.36343119770161,285.5423840579274
2026,1,15,18,925.0,18.75,72.5,804.942668049232,296.5845947265625,0.005259320139884949,7.796417479143165,275.0823070356033
2026,1,15,18,925.0,18.75,72.75,805.0064003125431,296.7388916015625,0.006058499217033386,8.976774838676102,279.9221285885375
2026,1,15,18,925.0,18.75,73.0,805.0318932178675,297.0064697265625,0.007334038615226746,10.858333638976124,287.5917152700497
2026,1,15,18,850.0,19.25,72.5,1534.8190864107519,291.43310546875,0.005148213356733322,7.01339728173781,257.13043533159953
2026,1,15,18,850.0,19.25,72.75,1535.72408454977,291.25341796875,0.006913941353559494,9.40877908398226,267.84082854021824
2026,1,15,18,850.0,19.25,73.0,1536.3359142775566,290.96240234375,0.008149426430463791,11.081792908547355,275.52127791842577
2026,1,15,18,850.0,19.0,72.5,1535.1504941799699,291.59521484375,0.0049779824912548065,6.782191673466732,255.95611927027107
2026,1,15,18,850.0,19.0,72.75,1535.902534887041,291.48974609375,0.006491940468549728,8.836759487811925,265.0790059457329
2026,1,15,18,850.0,19.0,73.0,1536.4888717095034,291.20849609375,0.007777493447065353,10.578408434315698,273.03309777674957
2026,1,15,18,850.0,18.75,72.5,1535.5328877598365,291.69287109375,0.004926007241010666,6.711589980739715,255.55096164281787
2026,1,15,18,850.0,18.75,72.75,1536.1702103929476,291.64599609375,0.006441395729780197,8.76822680777814,264.61568225365033
2026,1,15,18,850.0,18.75,73.0,1536.705561404761,291.43701171875,0.00758771225810051,10.321466001055425,271.65417843988064
2026,1,25,0,1000.0,19.25,72.5,118.70405401723576,294.5281677246094,0.012295804917812347,19.621555581987042,347.84235940815125
2026,1,25,0,1000.0,19.25,72.75,118.04123847880011,293.9500427246094,0.011619172990322113,18.549362238440942,344.0642951819581
2026,1,25,0,1000.0,19.25,73.0,117.49314101432446,293.4715270996094,0.010986410081386566,17.545891315676535,340.41016068680597
2026,1,25,0,1000.0,19.0,72.5,117.96475976282676,294.8582458496094,0.012508951127529144,19.95912656316785,348.8068890924254
2026,1,25,0,1000.0,19.0,72.75,117.22546550841777,294.3211364746094,0.012264810502529144,19.572460849978345,347.93502989053417
2026,1,25,0,1000.0,19.0,73.0,116.8685648338755,293.8738708496094,0.011567674577236176,18.46772181334873,343.82162885142117
2026,1,25,0,1000.0,18.75,72.5,117.19997260309331,295.1766052246094,0.01275690644979477,20.351717390456947,350.01911249450325
2026,1,25,0,1000.0,18.75,72.75,116.26948155875095,294.6082458496094,0.012485586106777191,19.922126373639585,349.0165973524443
2026,1,25,0,1000.0,18.75,73.0,115.87434152622201,294.4695739746094,0.012042604386806488,19.22043562078508,346.20291518051175
2026,1,25,0,925.0,19.25,72.5,793.1698252907466,292.5688171386719,0.007023923099040985,10.401146905214436,290.66858785545105
2026,1,25,0,925.0,19.25,72.75,793.0933465747732,293.1469421386719,0.007182709872722626,10.635259195124357,291.0223011019289
2026,1,25,0,925.0,19.25,73.0,792.8639104268533,293.3988952636719,0.007579438388347626,11.219991835527122,293.2664467990745
2026,1,25,0,925.0,19.0,72.5,792.7491923528933,292.8969421386719,0.006924264132976532,10.25418858286371,289.6532805931918
2026,1,25,0,925.0,19.0,72.75,792.6089813736088,293.3129577636719,0.007012955844402313,10.384975326244142,289.74634535820684
2026,1,25,0,925.0,19.0,73.0,792.570742015622,293.6235046386719,0.007419221103191376,10.98388359646926,291.9834494860208
2026,1,25,0,925.0,18.75,72.5,792.2520806990665,293.2035827636719,0.006802670657634735,10.074861356947252,288.5257082331715
2026,1,25,0,925.0,18.75,72.75,792.1373626251064,293.5785827636719,0.006936661899089813,10.272471444845465,288.9566005239157
2026,1,25,0,925.0,18.75,73.0,792.111869719782,293.8090515136719,0.007403962314128876,10.961394710296906,291.6718908998436
2026,1,25,0,850.0,19.25,72.5,1515.35764315541,287.9678955078125,0.00730026513338089,9.932182481714204,273.7283951587895
2026,1,25,0,850.0,19.25,72.75,1516.0204586938455,288.0010986328125,0.007723696529865265,10.50557943629348,276.2702397757911
2026,1,25,0,850.0,19.25,73.0,1516.3646129157257,288.1983642578125,0.007389910519123077,10.053601846999841,274.0190730288198
2026,1,25,0,850.0,19.0,72.5,1515.3703896080722,288.0264892578125,0.00737655907869339,10.035518946457382,274.12824325794287
2026,1,25,0,850.0,19.0,72.75,1515.9184870725478,288.1104736328125,0.007527239620685577,10.239580441169558,274.9521485728621
2026,1,25,0,850.0,19.0,73.0,1516.4155987263746,288.3018798828125,0.007277853786945343,9.901825582367348,273.22336988872917
2026,1,25,0,850.0,18.75,72.5,1515.3321502500855,288.1339111328125,0.007305987179279327,9.939933047490765,273.5797757716177
2026,1,25,0,850.0,18.75,72.75,1515.7527831879388,288.2237548828125,0.007363207638263702,10.01743575377655,273.8285699077381
2026,1,25,0,850.0,18.75,73.0,1516.27538774709,288.4366455078125,0.00717819482088089,9.766824293266382,272.46969513414757
2026,1,25,6,1000.0,19.25,72.5,145.08428173579918,295.13909912109375,0.012219443917274475,19.50059748617619,346.4300977783802
2026,1,25,6,1000.0,19.25,72.75,143.91160809087458,297.10980224609375,0.011394992470741272,18.193931861536615,338.06078723892585
2026,1,25,6,1000.0,19.25,73.0,143.2360460997767,299.04144287109375,0.01050807535648346,16.78681231018608,329.5145477931172
2026,1,25,6,1000.0,19.0,72.5,144.20477650210572,295.21527099609375,0.012628093361854553,20.147780638406367,349.0890350008192
2026,1,25,6,1000.0,19.0,72.75,143.4399893423723,296.18402099609375,0.012033000588417053,19.205218883264564,343.6584269824941
2026,1,25,6,1000.0,19.0,73.0,142.38203377140766,298.46917724609375,0.01079656183719635,17.24466978916774,332.19792435333676
2026,1,25,6,1000.0,18.75,72.5,143.5674538689945,295.27972412109375,0.013132110238075256,20.945559144723006,352.4069211821793
2026,1,25,6,1000.0,18.75,72.75,142.91738478322108,295.56488037109375,0.0124673992395401,19.893325440550882,347.48777595226386
2026,1,25,6,1000.0,18.75,73.0,140.89069880992744,298.39691162109375,0.01058913767337799,16.915482591664837,330.9168702354382
2026,1,25,6,925.0,19.25,72.5,821.8064240846772,293.63983154296875,0.006725858896970749,9.961565030802662,287.54210002624444
2026,1,25,6,925.0,19.25,72.75,822.1505783065573,293.80584716796875,0.0072928182780742645,10.797574585185965,290.9677157552753
2026,1,25,6,925.0,19.25,73.0,822.0231137799351,293.80194091796875,0.007694792002439499,11.389957259149154,293.5319800415589
2026,1,25,6,925.0,19.0,72.5,821.3220588835128,293.72967529296875,0.0069113485515117645,10.23514181197669,288.62372050105205
2026,1,25,6,925.0,19.0,72.75,821.4622698627973,293.95428466796875,0.007254194468259811,10.740640079775186,290.55147043227754
2026,1,25,6,925.0,19.0,73.0,821.5642414840951,293.92108154296875,0.007604669779539108,11.257170539634492,292.8197283867653
2026,1,25,6,925.0,18.75,72.5,820.7739614190372,293.88592529296875,0.0070791952311992645,10.482644221760406,289.5156390259726
2026,1,25,6,925.0,18.75,72.75,820.8631865876727,294.04608154296875,0.00738675519824028,10.936033820268486,291.28921944826305
2026,1,25,6,925.0,18.75,73.0,821.2710730728638,293.86248779296875,0.008238386362791061,12.190586107601233,296.9195758271729
2026,1,25,6,850.0,19.25,72.5,1545.2652026940902,288.2601318359375,0.007108274847269058,9.672098695205445,272.23815620039085
2026,1,25,6,850.0,19.25,72.75,1545.7368214425926,288.2913818359375,0.007102075964212418,9.663700237360281,272.1662489036015
2026,1,25,6,850.0,19.25,73.0,1545.9662575905127,288.2972412109375,0.007049623876810074,9.592633841147652,271.840908305363
2026,1,25,6,850.0,19.0,72.5,1545.0102736408458,288.3812255859375,0.007023874670267105,9.557745050250327,271.59272676138437
2026,1,25,6,850.0,19.0,72.75,1545.3926672207126,288.4085693359375,0.006978575140237808,9.496363982842931,271.28766368371146
2026,1,25,6,850.0,19.0,73.0,1545.698582084606,288.4124755859375,0.007005278021097183,9.532546913971688,271.44566253901917
2026,1,25,6,850.0,18.75,72.5,1544.8190768509126,288.5179443359375,0.006911817938089371,9.405901538780801,270.76333204536223
2026,1,25,6,850.0,18.75,72.75,1545.0612594514948,288.5140380859375,0.006840769201517105,9.309615622281326,270.33611142414486
2026,1,25,6,850.0,18.75,73.0,1545.481892389348,288.4847412109375,0.0069299377501010895,9.430456353461052,270.9093994266787
2026,1,25,12,1000.0,19.25,72.5,112.44601877297549,295.4130859375,0.013256438076496124,21.14227578223192,353.0481923321995
2026,1,25,12,1000.0,19.25,72.75,111.28609158071309,297.5029296875,0.012828238308429718,20.464636287841984,347.082060929716
2026,1,25,12,1000.0,19.25,73.0,109.3358843233928,300.7353515625,0.010659582912921906,17.027290148422413,328.2581546169562
2026,1,25,12,1000.0,19.0,72.5,112.01263938245987,295.8896484375,0.01335037499666214,21.290887098298416,352.96740329174406
2026,1,25,12,1000.0,19.0,72.75,110.96743026415749,297.1357421875,0.013180144131183624,21.021563848775408,349.9705476175453
2026,1,25,12,1000.0,19.0,73.0,109.28489851274391,299.7255859375,0.011567480862140656,18.467414707262467,335.58087501124083
2026,1,25,12,1000.0,18.75,72.5,111.78320323453984,296.3603515625,0.013423331081867218,21.406294427705895,352.75307187318833
2026,1,25,12,1000.0,18.75,72.75,110.69975475825079,296.9931640625,0.012545950710773468,20.01771592913242,345.9361544357336
2026,1,25,12,1000.0,18.75,73.0,109.25940560741947,299.0517578125,0.01167810708284378,18.642784218876358,337.24159678122976
2026,1,25,12,925.0,19.25,72.5,792.9949598932867,295.13818359375,0.007082711905241013,10.487829281408624,288.11817119499113
2026,1,25,12,925.0,19.25,72.75,793.3900999258157,295.48779296875,0.007531892508268356,11.14992942719984,290.5526903866805
2026,1,25,12,925.0,19.25,73.0,793.1861566832201,295.71630859375,0.008046876639127731,11.908582516220577,293.527333201616
2026,1,25,12,925.0,19.0,72.5,792.7655237453667,295.15771484375,0.007262956351041794,10.753556011120832,289.23385522080395
2026,1,25,12,925.0,19.0,72.75,792.9822134406245,295.59130859375,0.007040750235319138,10.42595865576447,287.3436377037789
2026,1,25,12,925.0,19.0,73.0,792.6890450293934,295.54638671875,0.007960092276334763,11.780768530346473,293.1795120264563
2026,1,25,12,925.0,18.75,72.5,792.49784823946,295.25146484375,0.007424604147672653,10.99181719869142,290.1468794926889
2026,1,25,12,925.0,18.75,72.75,792.5488340501089,295.69677734375,0.0070974938571453094,10.509623867078517,287.58219033744007
2026,1,25,12,925.0,18.75,73.0,792.1791869229044,295.45263671875,0.00805116817355156,11.914902639924987,293.86166412102324
2026,1,25,12,850.0,19.25,72.5,1520.0212515232013,289.9149169921875,0.005411665886640549,7.3711214887287495,260.2265880566917
2026,1,25,12,850.0,19.25,72.75,1521.0537141888412,290.2039794921875,0.005253832787275314,7.156824408976005,258.9857206434848
2026,1,25,12,850.0,19.25,73.0,1521.1684322628014,290.0692138671875,0.006212275475263596,8.457514275811112,264.8868403555291
2026,1,25,12,850.0,19.0,72.5,1520.0212515232013,290.0184326171875,0.005474608391523361,7.456569923297845,260.5009668709158
2026,1,25,12,850.0,19.0,72.75,1520.9389961148813,290.3211669921875,0.005436461418867111,7.404783771046311,259.96570881845474
2026,1,25,12,850.0,19.0,73.0,1520.8497709462458,290.1492919921875,0.006848376244306564,9.319925154082847,268.62441593473335
2026,1,25,12,850.0,18.75,72.5,1520.0977302391746,290.0985107421875,0.005576174706220627,7.594438886292322,261.0309942087602
2026,1,25,12,850.0,18.75,72.75,1520.8752638515703,290.4403076171875,0.00536302849650383,7.305088690154768,259.4048049007361
2026,1,25,12,850.0,18.75,73.0,1520.6713206089746,290.3426513671875,0.0067153386771678925,9.139610780841366,267.620195447801
2026,1,25,18,1000.0,19.25,72.5,131.75689455624502,295.55401611328125,0.013528577983379364,21.5727638746399,354.67499309152515
2026,1,25,18,1000.0,19.25,72.75,131.78238746156944,295.38604736328125,0.012750856578350067,20.34213994911997,349.66825790464736
2026,1,25,18,1000.0,19.25,73.0,131.78238746156944,296.07550048828125,0.011906377971172333,19.004575198385485,342.96058216061874
2026,1,25,18,1000.0,19.0,72.5,131.19605063910714,295.92510986328125,0.013989679515361786,22.301841117115245,357.22026347950805
2026,1,25,18,1000.0,19.0,72.75,131.19605063910714,295.69268798828125,0.013364069163799286,21.312550318197356,353.3553914390608
2026,1,25,18,1000.0,19.0,73.0,131.39999388170273,296.26104736328125,0.012571088969707489,20.05752122766336,347.16989346998827
2026,1,25,18,1000.0,18.75,72.5,130.76267124859152,296.35284423828125,0.014320604503154755,22.82483818572888,358.7889824364557
2026,1,25,18,1000.0,18.75,72.75,130.5842209113204,296.00323486328125,0.013859979808330536,22.096805538620654,356.22805534294304
2026,1,25,18,1000.0,18.75,73.0,130.6352067219693,296.60284423828125,0.013010255992412567,20.752727709002176,349.6193345557101
2026,1,25,18,925.0,19.25,72.5,812.1376422504118,295.4388427734375,0.006745032966136932,9.989847514581232,285.65122917368416
2026,1,25,18,925.0,19.25,72.75,812.4180642089807,295.6302490234375,0.007034949958324432,10.417406156798782,287.26342597077434
2026,1,25,18,925.0,19.25,73.0,812.3415854930073,295.4739990234375,0.007441215217113495,11.01629848699283,289.9975556564422
2026,1,25,18,925.0,19.0,72.5,811.9591919131407,295.5423583984375,0.0068866536021232605,10.198723029722366,286.4282142059627
2026,1,25,18,925.0,19.0,72.75,812.1886280610606,295.6458740234375,0.006850890815258026,10.145980066703668,286.0876057872324
2026,1,25,18,925.0,19.0,73.0,812.2905996823584,295.5540771484375,0.00741451233625412,10.97694371104728,289.7381867278033
2026,1,25,18,925.0,18.75,72.5,811.6022912385984,295.6322021484375,0.007064990699291229,10.46170053060808,287.45027449905376
2026,1,25,18,925.0,18.75,72.75,811.8572202918429,295.6947021484375,0.006826095283031464,10.10941027209977,285.877208534739
2026,1,25,18,925.0,18.75,73.0,811.9846848184651,295.7005615234375,0.007583789527416229,11.226403362900253,290.6356027501128
2026,1,25,18,850.0,19.25,72.5,1539.7690916367976,290.1583251953125,0.005278006196022034,7.189648387966915,259.17688024179307
2026,1,25,18,850.0,19.25,72.75,1540.2279639326377,289.8927001953125,0.006770983338356018,9.215033102485641,268.4332033667273
2026,1,25,18,850.0,19.25,73.0,1540.1514852166642,289.5860595703125,0.007902994751930237,10.74829071730091,275.58055396066396
2026,1,25,18,850.0,19.0,72.5,1539.8710632580953,290.3106689453125,0.005443945527076721,7.414943957781435,260.02126059484004
2026,1,25,18,850.0,19.0,72.75,1540.1259923113398,290.0469970703125,0.006592169404029846,8.972645652365626,267.19397040808525
2026,1,25,18,850.0,19.0,73.0,1540.202471027313,289.7052001953125,0.0077985674142837524,10.6069365822553,274.81935967445065
2026,1,25,18,850.0,18.75,72.5,1539.9730348793933,290.4708251953125,0.005687609314918518,7.745683835346494,261.3219540396814
2026,1,25,18,850.0,18.75,72.75,1540.075006500691,290.2540283203125,0.006649866700172424,9.050861736412445,267.3213283743516
2026,1,25,18,850.0,18.75,73.0,1540.202471027313,289.9376220703125,0.007704630494117737,10.479767149065841,273.9970347864699
2026,1,30,0,1000.0,19.25,72.5,110.23179563580581,297.6666259765625,0.012775011360645294,20.380378527707354,346.48908938408823
2026,1,30,0,1000.0,19.25,72.75,110.27003499379248,297.6744384765625,0.012484140694141388,19.919837424601955,344.539117614522
2026,1,30,0,1000.0,19.25,73.0,110.92010407956592,297.5865478515625,0.012680120766162872,20.23015418720066,345.9726836699996
2026,1,30,0,1000.0,19.0,72.5,110.14257046717024,297.4908447265625,0.014193601906299591,22.624146708138532,356.2012469102459
2026,1,30,0,1000.0,19.0,72.75,109.90038786658799,297.6080322265625,0.01313454657793045,20.949414305491292,348.97060062614275
2026,1,30,0,1000.0,19.0,73.0,109.97686658256133,297.9107666015625,0.013176508247852325,21.015810893481724,348.8054674577227
2026,1,30,0,1000.0,18.75,72.5,110.24454208846804,297.3385009765625,0.015185900032520294,24.191374606865104,363.0447182981719
2026,1,30,0,1000.0,18.75,72.75,109.63271236068128,297.5533447265625,0.01379973441362381,22.00155579859886,353.48350259664755
2026,1,30,0,1000.0,18.75,73.0,109.33954394945012,298.5162353515625,0.013626642525196075,21.72785394716034,350.89964839859954
2026,1,30,0,925.0,19.25,72.5,794.7218054840339,295.94366455078125,0.009887762367725372,14.616638935586845,304.7960044106285
2026,1,30,0,925.0,19.25,72.75,794.8365235579938,296.47686767578125,0.00980193167924881,14.490510571285942,303.6008574177652
2026,1,30,0,925.0,19.25,73.0,795.2826494011717,296.55303955078125,0.009863920509815216,14.58160459082358,303.89344649797624
2026,1,30,0,925.0,19.0,72.5,794.2884260935182,296.03741455078125,0.009908266365528107,14.64676766496034,304.80800550215474
2026,1,30,0,925.0,19.0,72.75,794.3649048094916,296.26007080078125,0.010119982063770294,14.957820677640761,305.85400429057654
2026,1,30,0,925.0,19.0,73.0,794.7472983893583,296.44171142578125,0.010102339088916779,14.931902631762624,305.51766045972454
2026,1,30,0,925.0,18.75,72.5,793.880539608327,296.13507080078125,0.009705133736133575,14.348250110193513,303.41724472645825
2026,1,30,0,925.0,18.75,72.75,793.9187789663138,296.16241455078125,0.0100293830037117,14.824722144482168,305.40981607507445
2026,1,30,0,925.0,18.75,73.0,794.1099757562471,296.32452392578125,0.010220594704151154,15.105613031490243,306.40146129724644
2026,1,30,0,850.0,19.25,72.5,1524.6621552721879,290.14239501953125,0.010070886462926865,13.678748074879381,287.9450468895626
2026,1,30,0,850.0,19.25,72.75,1525.1465204733524,290.13458251953125,0.010032262653112411,13.626605316307764,287.7233836220539
2026,1,30,0,850.0,19.25,73.0,1525.4141959792591,289.96563720703125,0.009794797748327255,13.305970441663522,286.5038074649718
2026,1,30,0,850.0,19.0,72.5,1524.3944797662812,290.19317626953125,0.010054197162389755,13.656217551785716,287.78426066757913
2026,1,30,0,850.0,19.0,72.75,1524.7513804408234,290.24493408203125,0.009890642017126083,13.435394384162038,286.7444154134772
2026,1,30,0,850.0,19.0,73.0,1525.0063094940679,290.11895751953125,0.00960167869925499,13.045145326736414,285.1653569877921
2026,1,30,0,850.0,18.75,72.5,1524.1522971656989,290.26544189453125,0.01006707176566124,13.673598281077288,287.77450335734187
2026,1,30,0,850.0,18.75,72.75,1524.3180010503079,290.34844970703125,0.009854879230260849,13.387103621089432,286.40731821422634
2026,1,30,0,850.0,18.75,73.0,1524.4837049349167,290.30743408203125,0.009436693042516708,12.822268740141574,283.95630206485845
2026,1,30,6,1000.0,19.25,72.5,137.66803708293608,297.8187255859375,0.013494383543729782,21.518680708479174,351.0553278436551
2026,1,30,6,1000.0,19.25,72.75,137.13268607112266,299.4085693359375,0.012791525572538376,20.40652094931037,344.0857628829448
2026,1,30,6,1000.0,19.25,73.0,136.80127830190483,301.1761474609375,0.01197279617190361,19.10982398317444,336.2387604809706
2026,1,30,6,1000.0,19.0,72.5,138.08867002078946,297.3812255859375,0.014755617827177048,23.51202030431821,360.1125460851974
2026,1,30,6,1000.0,19.0,72.75,137.948459041505,298.0140380859375,0.014333140105009079,22.84464547333514,356.3348576666069
2026,1,30,6,1000.0,19.0,73.0,136.92874282852708,300.4749755859375,0.012835871428251266,20.476719001628034,342.85431651772285
2026,1,30,6,1000.0,18.75,72.5,138.81521782253625,297.2288818359375,0.015530955046415329,24.735913017589105,365.5153521958085
2026,1,30,6,1000.0,18.75,72.75,138.56028876929176,297.3460693359375,0.014857660979032516,23.6731637540178,360.8466747229665
2026,1,30,6,1000.0,18.75,73.0,136.46987053268703,300.3226318359375,0.012888800352811813,20.56049885926085,343.41764532157003
2026,1,30,6,925.0,19.25,72.5,820.4700381883722,295.44244384765625,0.010281931608915329,15.195703489843428,307.89339478739487
2026,1,30,6,925.0,19.25,72.75,820.7632065996033,295.54010009765625,0.010426413267850876,15.407888977386012,308.6763391993514
2026,1,30,6,925.0,19.25,73.0,821.0563750108346,295.55767822265625,0.010362517088651657,15.314055737789657,308.25340305431513
2026,1,30,6,925.0,19.0,72.5,820.6357420729811,295.42486572265625,0.0102471224963665,15.144577358305671,307.69707565308596
2026,1,30,6,925.0,19.0,72.75,820.7632065996033,295.60845947265625,0.010405909270048141,15.377779099981982,308.46122144285346
2026,1,30,6,925.0,19.0,73.0,821.4387685907012,295.46588134765625,0.010745417326688766,15.876246624860652,310.77152238813744
2026,1,30,6,925.0,18.75,72.5,820.9798962948612,295.45416259765625,0.01013554260134697,14.980679103845473,306.9598170443562
2026,1,30,6,925.0,18.75,72.75,821.0946143688212,295.62408447265625,0.010335814207792282,15.27483970103035,308.0020985665058
2026,1,30,6,925.0,18.75,73.0,822.0251054131636,295.44635009765625,0.01091374084353447,16.123304335493692,311.85227433937234
2026,1,30,6,850.0,19.25,72.5,1549.7515557045476,290.22979736328125,0.00933271273970604,12.68178051773525,283.4253385377402
2026,1,30,6,850.0,19.25,72.75,1550.4908499589565,290.44073486328125,0.00926881656050682,12.595441364324886,282.796970833169
2026,1,30,6,850.0,19.25,73.0,1551.038947423432,290.41729736328125,0.009264525026082993,12.58964222700727,282.7986419144982
2026,1,30,6,850.0,19.0,72.5,1549.8535273258453,290.22198486328125,0.009507711976766586,12.918212573420208,284.4814988436368
2026,1,30,6,850.0,19.0,72.75,1550.5545822222675,290.50128173828125,0.009018953889608383,12.257752588954506,281.2338727120591
2026,1,30,6,850.0,19.0,73.0,1551.2938764766766,290.45831298828125,0.009066160768270493,12.321560381890817,281.5656005284693
2026,1,30,6,850.0,18.75,72.5,1550.1976815477253,290.13604736328125,0.009898718446493149,13.446299759346363,286.92268537822446
2026,1,30,6,850.0,18.75,72.75,1550.8222577281742,290.40557861328125,0.00928407534956932,12.61606027562888,282.9291427177521
2026,1,30,6,850.0,18.75,73.0,1551.6635236038812,290.41729736328125,0.009002741426229477,12.23583796149747,281.2339568494176
2026,1,30,12,1000.0,19.25,72.5,112.01664754433217,296.8017578125,0.016116738319396973,25.659831773727618,370.1039692518308
2026,1,30,12,1000.0,19.25,72.75,112.30981595556332,297.5068359375,0.015337109565734863,24.430029331062695,363.78732270243995
2026,1,30,12,1000.0,19.25,73.0,111.3410855532343,299.4736328125,0.014359593391418457,22.886442871699263,354.3066240117863
2026,1,30,12,1000.0,19.0,72.5,111.99115463900772,297.1552734375,0.015990376472473145,25.460584366597754,368.69290954877545
2026,1,30,12,1000.0,19.0,72.75,112.39904112419889,297.0380859375,0.016217827796936035,25.819207881520555,370.3968978777575
2026,1,30,12,1000.0,19.0,73.0,111.96566173368328,298.4013671875,0.015088677406311035,24.037904717945064,360.74648130385197
2026,1,30,12,1000.0,18.75,72.5,112.1950978816033,297.4833984375,0.01561129093170166,24.86266026289552,365.6475755901453
2026,1,30,12,1000.0,18.75,72.75,112.30981595556332,297.0322265625,0.01608097553253174,25.60344407287304,369.4941782076648
2026,1,30,12,1000.0,18.75,73.0,112.22059078692776,297.9462890625,0.015380501747131348,24.498507392630483,363.38686183502665
2026,1,30,12,925.0,19.25,72.5,793.6790859072671,295.9440002441406,0.009576328098773956,14.158923286634785,302.84625740819547
2026,1,30,12,925.0,19.25,72.75,794.2781691823916,295.9322814941406,0.009796150028705597,14.48201395430565,304.23673335906796
2026,1,30,12,925.0,19.25,73.0,794.6478163095961,296.4479064941406,0.01018572598695755,15.054395558792008,306.0298553017943
2026,1,30,12,925.0,19.0,72.5,793.5006355699959,295.8287658691406,0.009441860020160675,13.961241999390577,302.1451773670502
2026,1,30,12,925.0,19.0,72.75,793.8320433392138,295.8502502441406,0.00983620434999466,14.540875896519363,304.5890388167312
2026,1,30,12,925.0,19.0,73.0,794.2909156350538,296.1842346191406,0.0104069784283638,15.379349164705395,307.7409013137702
2026,1,30,12,925.0,18.75,72.5,793.4751426646715,295.7721252441406,0.009370334446430206,13.856079289804835,301.7660456402868
2026,1,30,12,925.0,18.75,72.75,793.5261284753203,295.8365783691406,0.009765155613422394,14.436464067785787,304.1609843875646
2026,1,30,12,925.0,18.75,73.0,794.0487330344715,295.6764221191406,0.010820873081684113,15.987003408342431,310.9745135572915
2026,1,30,12,850.0,19.25,72.5,1524.7712967731081,291.1794738769531,0.008054841309785843,10.953800239468581,274.71642474575634
2026,1,30,12,850.0,19.25,72.75,1525.446858764206,291.3591613769531,0.007546532899141312,10.265705980447727,271.4938735634737
2026,1,30,12,850.0,19.25,73.0,1526.300871092575,291.2243957519531,0.008058656007051468,10.95896257455237,274.689320941136
2026,1,30,12,850.0,19.0,72.5,1524.4016496459037,291.1208801269531,0.008215058594942093,11.170597807125283,275.73556751862975
2026,1,30,12,850.0,19.0,72.75,1524.9115077523927,291.2986145019531,0.007653344422578812,10.410331259860316,272.1954165441212
2026,1,30,12,850.0,19.0,73.0,1525.841998796735,291.1599426269531,0.008331883698701859,11.328652885814018,276.3874104564161
2026,1,30,12,850.0,18.75,72.5,1524.248692213957,291.0447082519531,0.008247006684541702,11.213823251113844,276.0109424382536
2026,1,30,12,850.0,18.75,72.75,1524.5800999831747,291.2439270019531,0.007820714265108109,10.636916325203677,273.25150464875793
2026,1,30,12,850.0,18.75,73.0,1525.2939013322593,291.1560363769531,0.00833665207028389,11.33510363920882,276.4201709284555
2026,1,30,18,1000.0,19.25,72.5,135.2818862073185,296.0150451660156,0.016105439513921738,25.642017046780307,371.3012771181797
2026,1,30,18,1000.0,19.25,72.75,136.0084340090653,296.0990295410156,0.01615932211279869,25.726971088040084,371.5264374761606
2026,1,30,18,1000.0,19.25,73.0,136.4418133995809,296.5658264160156,0.015691068023443222,24.988513758981963,367.6378593579394
2026,1,30,18,1000.0,19.0,72.5,135.42209718660297,296.2806701660156,0.016149308532476425,25.71118358568235,371.16452197366704
2026,1,30,18,1000.0,19.0,72.75,135.8682230297808,296.2298889160156,0.016309048980474472,25.96300914641066,372.3172922370754
2026,1,30,18,1000.0,19.0,73.0,135.9064623877675,296.4427795410156,0.01583411917090416,25.214155881310603,368.7922034403128
2026,1,30,18,1000.0,18.75,72.5,135.40935073394076,296.5541076660156,0.016147878021001816,25.708928212669612,370.7120825837658
2026,1,30,18,1000.0,18.75,72.75,135.4858294499141,296.3783264160156,0.016255643218755722,25.878822107548526,371.7180897808463
2026,1,30,18,1000.0,18.75,73.0,134.98871779608734,296.4955139160156,0.015856530517339706,25.249502959744696,368.85755658567234
2026,1,30,18,925.0,19.25,72.5,813.486774599379,294.41253662109375,0.009174663573503494,13.5683416189395,302.1954724174694
2026,1,30,18,925.0,19.25,72.75,814.2005759484636,294.18402099609375,0.00955231860280037,14.123629324266837,304.86885448344253
2026,1,30,18,925.0,19.25,73.0,814.5447301703437,294.00238037109375,0.009952384978532791,14.711593357783746,307.63205844802167
2026,1,30,18,925.0,19.0,72.5,813.3338171674324,294.23284912109375,0.009188968688249588,13.589379862866531,302.5063452187767
2026,1,30,18,925.0,19.0,72.75,813.7926894632724,294.12738037109375,0.00950368121266365,14.05212921573159,304.63100859842643
2026,1,30,18,925.0,19.0,73.0,814.3280404750858,294.12933349609375,0.009847480803728104,14.557446727438892,306.80727875393194
2026,1,30,18,925.0,18.75,72.5,813.1043810195123,294.14105224609375,0.009287673979997635,13.734533832302539,303.2448178899872
2026,1,30,18,925.0,18.75,72.75,813.4740281467168,294.22308349609375,0.0094807930290699,14.0184806516617,304.36723444897285
2026,1,30,18,925.0,18.75,73.0,814.0858578745035,294.33831787109375,0.009706813842058182,14.350719443434125,305.6548616897025
2026,1,30,18,850.0,19.25,72.5,1541.8758412658758,290.4750061035156,0.008360568434000015,11.367457638044536,277.328484524269
2026,1,30,18,850.0,19.25,72.75,1542.2837277510669,290.3724670410156,0.008773509413003922,11.925935672501765,279.9147783811786
2026,1,30,18,850.0,19.25,73.0,1542.627881972947,290.2474670410156,0.009257975965738297,12.580792443853937,282.9575271739821
2026,1,30,18,850.0,19.0,72.5,1541.7101373812668,290.5003967285156,0.008363429456949234,11.371327960287426,277.31695990947185
2026,1,30,18,850.0,19.0,72.75,1542.054291603147,290.4252014160156,0.008638087660074234,11.742816559597914,279.04458173807245
2026,1,30,18,850.0,19.0,73.0,1542.5514032569736,290.2269592285156,0.009212676435709,12.519577008652131,282.71037965739026
2026,1,30,18,850.0,18.75,72.5,1541.5954193073069,290.5111389160156,0.0084344781935215,11.467436667634992,277.72960952148645
2026,1,30,18,850.0,18.75,72.75,1541.9905593398357,290.4544982910156,0.008707229048013687,11.83631421896123,279.42458208633946
2026,1,30,18,850.0,18.75,73.0,1542.564149709636,290.2894592285156,0.009111586958169937,12.382957846137286,282.0328526730575
2026,2,1,0,1000.0,19.25,72.5,122.89945430842847,295.5509033203125,0.014753341674804688,23.508425647694203,362.9452862055123
2026,2,1,0,1000.0,19.25,72.75,122.5425536338862,295.2501220703125,0.014608383178710938,23.279476901309103,362.43775937425585
2026,2,1,0,1000.0,19.25,73.0,122.51706072856175,295.1212158203125,0.014498710632324219,23.106232529530782,361.89765938448727
2026,2,1,0,1000.0,19.0,72.5,122.45332846525062,295.8184814453125,0.014832496643066406,23.633426838108576,363.05908017218013
2026,2,1,0,1000.0,19.0,72.75,121.96896326408611,295.4708251953125,0.014876842498779297,23.70345241654361,363.904111865618
2026,2,1,0,1000.0,19.0,73.0,121.82875228480165,295.3282470703125,0.014965534210205078,23.843492352442745,364.72760779752997
2026,2,1,0,1000.0,18.75,72.5,122.10917424337057,296.0802001953125,0.014820098876953125,23.613849125605,362.5658879289415
2026,2,1,0,1000.0,18.75,72.75,121.39537289428603,295.6290283203125,0.014988899230957031,23.880382103981788,364.4103249545836
2026,2,1,0,1000.0,18.75,73.0,120.78354316649927,295.7540283203125,0.015048980712890625,23.975236698183156,364.6177378939051
2026,2,1,0,925.0,19.25,72.5,802.4934072956871,294.693603515625,0.008521530777215958,12.607404775451377,297.72435152443717
2026,2,1,0,925.0,19.25,72.75,802.2639711477672,294.980712890625,0.008635971695184708,12.775833475455572,298.103919435244
2026,2,1,0,925.0,19.25,73.0,802.0982672631582,295.066650390625,0.00933072343468666,13.797836050865246,302.3796032719364
2026,2,1,0,925.0,19.0,72.5,801.7541130412782,294.799072265625,0.008323166519403458,12.315406477230798,296.3452226827677
2026,2,1,0,925.0,19.0,72.75,801.5119304406959,294.914306640625,0.008614514023065567,12.744254869439589,298.04794988844264
2026,2,1,0,925.0,19.0,73.0,801.5501697986825,294.908447265625,0.009354565292596817,13.832892975648152,302.7238937705235
2026,2,1,0,925.0,18.75,72.5,801.0403116921937,294.843994140625,0.008324597030878067,12.317512484937563,296.3010562310727
2026,2,1,0,925.0,18.75,72.75,800.9383400708958,294.859619140625,0.00872180238366127,12.902139707120034,298.79072609960224
2026,2,1,0,925.0,18.75,73.0,800.8236219969358,294.924072265625,0.009345028549432755,13.818870326952993,302.6445788402313
2026,2,1,0,850.0,19.25,72.5,1529.473144498886,289.3023376464844,0.008929118514060974,12.136315374267053,282.08363882185535
2026,2,1,0,850.0,19.25,72.75,1529.524130309535,289.4449157714844,0.008804664015769958,11.968059102799225,281.16894262456316
2026,2,1,0,850.0,19.25,73.0,1529.587862572846,289.6714782714844,0.00833640992641449,11.334776062784503,278.09227813429175
2026,2,1,0,850.0,19.0,72.5,1528.797582507788,289.4644470214844,0.00853477418422699,11.60309452630304,279.5216913604105
2026,2,1,0,850.0,19.0,72.75,1528.7720896024637,289.5757751464844,0.008385047316551208,11.400571642002163,278.4935157753244
2026,2,1,0,850.0,19.0,73.0,1528.899554129086,289.6499938964844,0.008253440260887146,11.222527613196945,277.6175950340321
2026,2,1,0,850.0,18.75,72.5,1528.287724401299,289.6343688964844,0.00827394425868988,11.250268220343305,277.75860944739736
2026,2,1,0,850.0,18.75,72.75,1528.287724401299,289.7300720214844,0.008102759718894958,11.018645303071247,276.6211344609969
2026,2,1,0,850.0,18.75,73.0,1528.287724401299,289.6880798339844,0.008269652724266052,11.244462103674325,277.67203053561394
2026,2,1,6,1000.0,19.25,72.5,148.12622764272203,296.2945556640625,0.014093346893787384,22.4657004851304,357.35275191066745
2026,2,1,6,1000.0,19.25,72.75,146.8770752818241,298.2828369140625,0.01401037722826004,22.334558098771886,353.78892314914833
2026,2,1,6,1000.0,19.25,73.0,146.16327393273951,300.4234619140625,0.012757726013660431,20.353014821716563,342.4163732803179
2026,2,1,6,1000.0,19.0,72.5,147.45066565162415,296.1754150390625,0.014371342957019806,22.905007293657928,359.4029220625719
2026,2,1,6,1000.0,19.0,72.75,146.5201746072818,297.2886962890625,0.014376111328601837,22.91254128973907,357.7254719204188
2026,2,1,6,1000.0,19.0,73.0,145.27102224638384,299.9000244140625,0.012705273926258087,20.269976635576352,342.81670815408864
2026,2,1,6,1000.0,18.75,72.5,147.03003271377077,296.0699462890625,0.014833875000476837,23.6356034287106,362.67449367078166
2026,2,1,6,1000.0,18.75,72.75,146.17602038540176,296.5777587890625,0.014593549072742462,23.256045526378465,360.27202574559556
2026,2,1,6,1000.0,18.75,73.0,143.80518019022807,299.7847900390625,0.012564130127429962,20.046502335784783,342.0533022517557
2026,2,1,6,925.0,19.25,72.5,828.9222308650253,295.100830078125,0.009305641055107117,13.760953980082324,302.1797615411362
2026,2,1,6,925.0,19.25,72.75,828.9859631283364,295.339111328125,0.009304210543632507,13.758850468706704,301.87945054239765
2026,2,1,6,925.0,19.25,73.0,828.9477237703497,295.382080078125,0.00893847644329071,13.220933375344242,299.5273599834877
2026,2,1,6,925.0,19.0,72.5,828.3996263058741,295.159423828125,0.009226486086845398,13.64455421679604,301.6097106864544
2026,2,1,6,925.0,19.0,72.75,828.2721617792519,295.493408203125,0.008983299136161804,13.286870812675582,299.67489900681693
2026,2,1,6,925.0,19.0,73.0,828.4761050218475,295.432861328125,0.00897948443889618,13.281259254972946,299.72396862226555
2026,2,1,6,925.0,18.75,72.5,827.9025146520473,295.321533203125,0.009233638644218445,13.655072725366532,301.45708499280744
2026,2,1,6,925.0,18.75,72.75,827.7877965780874,295.589111328125,0.009050533175468445,13.385770270126555,299.981709449734
2026,2,1,6,925.0,18.75,73.0,828.1192043473052,295.251220703125,0.00987212359905243,14.593658708946096,305.5588398647965
2026,2,1,6,850.0,19.25,72.5,1556.5836543314997,289.66534423828125,0.007935900241136551,10.792828294678797,275.6900322663928
2026,2,1,6,850.0,19.25,72.75,1556.9533014587041,289.77471923828125,0.007704157382249832,10.47912662557575,274.1743781326044
2026,2,1,6,850.0,19.25,73.0,1557.297455680584,289.85479736328125,0.007242579013109207,9.85404308355982,271.3106289516236
2026,2,1,6,850.0,19.0,72.5,1556.150274940984,289.62237548828125,0.007927317172288895,10.781211282475773,275.68639510120585
2026,2,1,6,850.0,19.0,72.75,1556.3924575415663,289.67510986328125,0.007820982486009598,10.637279405477468,274.9876824568331
2026,2,1,6,850.0,19.0,73.0,1556.7875975740951,289.74151611328125,0.007438082247972488,10.118842160521389,272.61034763646126
2026,2,1,6,850.0,18.75,72.5,1555.8316136244284,289.58526611328125,0.007962126284837723,10.828323973575952,275.93742068949103
2026,2,1,6,850.0,18.75,72.75,1555.920838793064,289.56182861328125,0.007892031222581863,10.733451187359536,275.5416002852963
2026,2,1,6,850.0,18.75,73.0,1556.1757678463084,289.62042236328125,0.007679838687181473,10.446202215746048,274.19884940467483
2026,2,1,12,1000.0,19.25,72.5,117.27555508411385,298.67449951171875,0.012221001088619232,19.503064203200378,341.36300499472526
2026,2,1,12,1000.0,19.25,72.75,115.6057697853625,299.24871826171875,0.013849399983882904,22.080079025812715,351.2857832873737
2026,2,1,12,1000.0,19.25,73.0,113.37514056947327,301.61395263671875,0.012443207204341888,19.855013674829472,338.6922295010611
2026,2,1,12,1000.0,19.0,72.5,116.43428920840705,298.69793701171875,0.012026451528072357,19.194842124050584,340.04125117670316
2026,2,1,12,1000.0,19.0,72.75,114.8664755309535,299.01629638671875,0.013114593923091888,20.917841738003908,346.78180338189736
2026,2,1,12,1000.0,19.0,73.0,113.52809800141996,300.56707763671875,0.01277603954076767,20.382006178450293,342.3322894617403
2026,2,1,12,1000.0,18.75,72.5,116.02640272321588,298.62371826171875,0.01230158656835556,19.630713434606943,341.9688466069786
2026,2,1,12,1000.0,18.75,72.75,114.75175745699347,298.94207763671875,0.012291572988033295,19.6148523710235,341.4511140972222
2026,2,1,12,1000.0,18.75,73.0,114.15267418186895,299.90692138671875,0.012864254415035248,20.521646379389363,343.85057000741614
2026,2,1,12,925.0,19.25,72.5,802.7815966238471,296.7893371582031,0.007671516388654709,11.35566419217183,289.94172915575865
2026,2,1,12,925.0,19.25,72.75,801.7491339582069,296.8147277832031,0.0089365653693676,13.218121967361519,297.79822503265734
2026,2,1,12,925.0,19.25,73.0,800.7294177452291,297.0510559082031,0.009297054260969162,13.748327379330137,299.7580666204397
2026,2,1,12,925.0,19.0,72.5,802.0040630114514,296.8030090332031,0.007676761597394943,11.363392291550925,289.9588807677257
2026,2,1,12,925.0,19.0,72.75,800.8058964612025,296.8733215332031,0.008255165070295334,12.21529012648421,293.48421744715773
2026,2,1,12,925.0,19.0,73.0,800.2577989967267,296.7366027832031,0.009073417633771896,13.419430857269218,298.7441329671243
2026,2,1,12,925.0,18.75,72.5,801.3667403783403,296.7795715332031,0.0076853446662425995,11.376038166574348,290.0391334190838
2026,2,1,12,925.0,18.75,72.75,800.2960383547135,296.7561340332031,0.0081431083381176,12.05029463292823,292.9216900276371
2026,2,1,12,925.0,18.75,73.0,800.155827375429,296.3069152832031,0.00942198559641838,13.93202191891332,301.43760047035136
2026,2,1,12,850.0,19.25,72.5,1533.1819638969475,290.65887451171875,0.007476735860109329,10.171189073838496,271.8396209624568
2026,2,1,12,850.0,19.25,72.75,1532.9525277490275,290.98895263671875,0.007840562611818314,10.663783947273874,273.6503129089806
2026,2,1,12,850.0,19.25,73.0,1532.7358380537698,291.21356201171875,0.007909227162599564,10.756726420797037,273.8118361571099
2026,2,1,12,850.0,19.0,72.5,1532.3789373792274,290.69207763671875,0.007620740681886673,10.366187020667319,272.66418343313865
2026,2,1,12,850.0,19.0,72.75,1531.907318630725,290.98895263671875,0.007899690419435501,10.743818205549815,274.00287186665446
2026,2,1,12,850.0,19.0,73.0,1531.8053470094274,291.12762451171875,0.008005071431398392,10.886445716261395,274.4775144373267
2026,2,1,12,850.0,18.75,72.5,1531.8308399147518,290.78192138671875,0.007741380482912064,10.529520077897153,273.286327587589
2026,2,1,12,850.0,18.75,72.75,1531.1425314709918,290.95770263671875,0.008135724812746048,11.06325277420344,275.44482825268926
2026,2,1,12,850.0,18.75,73.0,1531.0787992076805,290.96160888671875,0.008615899831056595,11.712811020488573,278.30238315002913
2026,2,1,18,1000.0,19.25,72.5,138.66016917569965,298.1735534667969,0.012457560747861862,19.877744828092062,343.6456718614842
2026,2,1,18,1000.0,19.25,72.75,137.97186073193956,298.1012878417969,0.012720774859189987,20.294517089553214,345.4985627149328
2026,2,1,18,1000.0,19.25,73.0,137.55122779408617,298.3923034667969,0.012940596789121628,20.642480952617074,346.53630652493945
2026,2,1,18,1000.0,19.0,72.5,138.8386195129708,297.9059753417969,0.013240527361631393,21.117102837903946,349.2382191350407
2026,2,1,18,1000.0,19.0,72.75,138.25228269050848,298.0837097167969,0.012994002550840378,20.72700488376733,347.33950215870175
2026,2,1,18,1000.0,19.0,73.0,137.74242458401952,298.3981628417969,0.013268660753965378,21.161613414997323,348.7024807252293
2026,2,1,18,1000.0,18.75,72.5,139.13178792420194,297.5602722167969,0.01456136628985405,23.205209418609467,358.54372827458127
2026,2,1,18,1000.0,18.75,72.75,138.44347948044185,297.8825378417969,0.013795088976621628,21.994210938912666,352.959670194812
2026,2,1,18,1000.0,18.75,73.0,137.64045296272172,298.4196472167969,0.013857077807188034,22.09221754806148,352.5687896043478
2026,2,1,18,925.0,19.25,72.5,823.434683830615,296.4434509277344,0.007714424282312393,11.418881678549798,290.60452735919597
2026,2,1,18,925.0,19.25,72.75,823.039543798086,296.5528259277344,0.008558902889490128,12.662409835564963,295.7537223063996
2026,2,1,18,925.0,19.25,73.0,822.4532069756237,296.6153259277344,0.009190235286951065,13.5912426065178,299.61794002841435
2026,2,1,18,925.0,19.0,72.5,823.2562334933439,296.4414978027344,0.007731590420007706,11.444172144946416,290.71410780551355
2026,2,1,18,925.0,19.0,72.75,823.039543798086,296.4219665527344,0.008496914058923721,12.571172014332983,295.5206924694308
2026,2,1,18,925.0,19.0,73.0,822.5169392389348,296.3829040527344,0.009334716945886612,13.803708156196375,300.80029587043435
2026,2,1,18,925.0,18.75,72.5,822.9375721767882,296.4610290527344,0.0076548196375370026,11.331063481127671,290.21172396116526
2026,2,1,18,925.0,18.75,72.75,822.7591218395171,296.3028259277344,0.0083562470972538,12.364106973445535,294.7812660559864
2026,2,1,18,925.0,18.75,73.0,822.2747566383526,296.1973571777344,0.00934663787484169,13.82123666025597,301.09998963822807
2026,2,1,18,850.0,19.25,72.5,1553.2576268399505,290.3345947265625,0.008682742714881897,11.803203037666735,279.4150849891081
2026,2,1,18,850.0,19.25,72.75,1553.1811481239772,290.3638916015625,0.008754268288612366,11.89991939299421,279.80950512806567
2026,2,1,18,850.0,19.25,73.0,1552.9644584287194,290.5435791015625,0.008153930306434631,11.087887192301988,276.01585851607604
2026,2,1,18,850.0,19.0,72.5,1553.104669408004,290.4107666015625,0.00853826105594635,11.607810486211463,278.4639471064744
2026,2,1,18,850.0,19.0,72.75,1552.9899513340438,290.3697509765625,0.008693709969520569,11.818033421721212,279.4405405159346
2026,2,1,18,850.0,19.0,73.0,1552.6712900174882,290.4439697265625,0.00833846628665924,11.337557939520893,277.2312839161578
2026,2,1,18,850.0,18.75,72.5,1552.8497403547594,290.5142822265625,0.008135810494422913,11.063368714007964,275.94027490825977
2026,2,1,18,850.0,18.75,72.75,1552.6075577541772,290.4986572265625,0.008096709847450256,11.010458587925438,275.7238850439357
2026,2,1,18,850.0,18.75,73.0,1552.2634035322972,290.5533447265625,0.00791408121585846,10.763296443483194,274.5707893886911
2026,2,5,0,1000.0,19.25,72.5,119.92410363758266,298.9135437011719,0.011119253933429718,17.756626123871367,333.7341236036814
2026,2,5,0,1000.0,19.25,72.75,120.43396174407164,298.4506530761719,0.011013396084308624,17.588702883368686,333.663693251059
2026,2,5,0,1000.0,19.25,73.0,121.41543859906288,298.3569030761719,0.010173685848712921,16.255902387222818,328.20696330806834
2026,2,5,0,1000.0,19.0,72.5,119.51621715239149,298.9467468261719,0.011585123836994171,18.49538469012867,336.77218076074183
2026,2,5,0,1000.0,19.0,72.75,119.8348784689471,299.1361999511719,0.010458357632160187,16.707889093472957,329.059010378473
2026,2,5,0,1000.0,19.0,73.0,120.35748302809829,299.4799499511719,0.009698279201984406,15.500730396372564,323.58106723090935
2026,2,5,0,1000.0,18.75,72.5,119.146570025187,298.7807312011719,0.012378580868244171,19.752662563284453,342.25555540613846
2026,2,5,0,1000.0,18.75,72.75,119.10833066720032,299.6420593261719,0.010551340878009796,16.855489275069434,328.9992943208791
2026,2,5,0,1000.0,18.75,73.0,119.29952745713369,300.2865905761719,0.010063059628009796,16.08021402306701,324.93620420626377
2026,2,5,0,925.0,19.25,72.5,805.5149638574335,296.39404296875,0.007597040385007858,11.245928671147611,289.9267095233907
2026,2,5,0,925.0,19.25,72.75,805.4129922361358,296.56396484375,0.007509302347898483,11.116639724894936,289.18492830178684
2026,2,5,0,925.0,19.25,73.0,805.6169354787313,296.40380859375,0.007361959666013718,10.89948773374909,288.4447270733756
2026,2,5,0,925.0,19.0,72.5,804.8648947716601,296.41357421875,0.007622312754392624,11.28316696308052,290.0625489089046
2026,2,5,0,925.0,19.0,72.75,804.8648947716601,296.47021484375,0.007499765604734421,11.102585751572969,289.2316466980736
2026,2,5,0,925.0,19.0,73.0,805.0943309195801,296.47607421875,0.007428240031003952,10.997175782441897,288.777686652293
2026,2,5,0,925.0,18.75,72.5,804.1128540645889,296.39208984375,0.0076399557292461395,11.30916283163885,290.19742423657783
2026,2,5,0,925.0,18.75,72.75,804.2148256858867,296.45654296875,0.007474493235349655,11.065341937989821,289.0890914832939
2026,2,5,0,925.0,18.75,73.0,804.2658114965355,296.65185546875,0.007429193705320358,10.998581308703336,288.5848923761672
2026,2,5,0,850.0,19.25,72.5,1534.9114981925532,290.3658447265625,0.007281988859176636,9.90742673444226,270.9924274974043
2026,2,5,0,850.0,19.25,72.75,1535.0644556244997,290.5045166015625,0.007235735654830933,9.844772971912226,270.56523976981185
2026,2,5,0,850.0,19.25,73.0,1535.1154414351488,290.4615478515625,0.007244318723678589,9.8563997083052,270.66310610611987
2026,2,5,0,850.0,19.0,72.5,1534.3506542754153,290.5689697265625,0.007013529539108276,9.543727647398141,269.16560301372743
2026,2,5,0,850.0,19.0,72.75,1534.5418510653485,290.6666259765625,0.006886214017868042,9.371203819417893,268.2993384723012
2026,2,5,0,850.0,19.0,73.0,1534.7840336659308,290.5885009765625,0.006951063871383667,9.459084446973078,268.77078779551397
2026,2,5,0,850.0,18.75,72.5,1533.7515710002906,290.6998291015625,0.00681421160697937,9.273622394127958,267.8332574521506
2026,2,5,0,850.0,18.75,72.75,1533.9810071482107,290.7447509765625,0.0067088305950164795,9.130789213421293,267.15530027598777
2026,2,5,0,850.0,18.75,73.0,1534.2104432961307,290.7095947265625,0.006809920072555542,9.267806014133479,267.79721431760885
2026,2,5,6,1000.0,19.25,72.5,149.25356673628355,300.0389404296875,0.009745344519615173,15.575511864919967,323.1681847570564
2026,2,5,6,1000.0,19.25,72.75,149.04962349368796,301.2342529296875,0.00976155698299408,15.601270651510813,321.73665783952174
2026,2,5,6,1000.0,19.25,73.0,149.57222805283917,302.0623779296875,0.009405359625816345,15.035218691850766,318.36521476034386
2026,2,5,6,1000.0,19.0,72.5,148.76920153511904,299.9373779296875,0.00965331494808197,15.429283308182441,322.6931840555957
2026,2,5,6,1000.0,19.0,72.75,148.85842670375462,300.8768310546875,0.009556517004966736,15.275460594487503,320.8526894256392
2026,2,5,6,1000.0,19.0,73.0,148.67997636648346,302.0194091796875,0.009394392371177673,15.017786183707765,318.34796982235906
2026,2,5,6,1000.0,18.75,72.5,148.39955440791454,299.8358154296875,0.009899362921714783,15.820199966480764,324.44607269230585
2026,2,5,6,1000.0,18.75,72.75,148.31032923927896,300.8143310546875,0.009451135993003845,15.10797797017673,320.2420630533437
2026,2,5,6,1000.0,18.75,73.0,147.04843042571878,302.4764404296875,0.009228453040122986,14.75399655753269,316.6988746408982
2026,2,5,6,925.0,19.25,72.5,833.7708619597416,296.1927490234375,0.007759217172861099,11.484872886542139,291.1721305784245
2026,2,5,6,925.0,19.25,72.75,834.2807200662306,296.2689208984375,0.007654789835214615,11.331019570445024,290.4309201004753
2026,2,5,6,925.0,19.25,73.0,834.4336774981773,296.0286865234375,0.007738713175058365,11.45466577804726,291.23200544905353
2026,2,5,6,925.0,19.0,72.5,833.337482569226,296.1927490234375,0.007845524698495865,11.612015524231332,291.7126996620425
2026,2,5,6,925.0,19.0,72.75,833.847340675715,296.2864990234375,0.007809285074472427,11.558631282017272,291.3779513807418
2026,2,5,6,925.0,19.0,73.0,834.2679736135684,296.0247802734375,0.008211735635995865,12.151346056003776,294.2019118334149
2026,2,5,6,925.0,18.75,72.5,832.8531173680615,296.2279052734375,0.007889393717050552,11.676635423223836,291.9468982460668
2026,2,5,6,925.0,18.75,72.75,833.3119896639016,296.2767333984375,0.007872704416513443,11.652052170127392,291.7861444298468
2026,2,5,6,925.0,18.75,73.0,833.9875516549995,296.1107177734375,0.00835287943482399,12.359149264253277,294.98552294364276
2026,2,5,6,850.0,19.25,72.5,1562.7796253052777,290.27001953125,0.006971832364797592,9.487227203983265,269.23616138403696
2026,2,5,6,850.0,19.25,72.75,1563.2894834117667,290.20947265625,0.007199283689260483,9.795393321001841,270.665901635327
2026,2,5,6,850.0,19.25,73.0,1563.5061731070243,290.11962890625,0.006913658231496811,9.408395411716027,269.04816310486285
2026,2,5,6,850.0,19.0,72.5,1562.4227246307353,290.30908203125,0.0069847069680690765,9.504672834131556,269.2714939995338
2026,2,5,6,850.0,19.0,72.75,1562.856104021251,290.24658203125,0.0070419274270534515,9.582205679316978,269.68182675454244
2026,2,5,6,850.0,19.0,73.0,1563.3149763170911,290.11572265625,0.007039543241262436,9.578975251299703,269.8082987015215
2026,2,5,6,850.0,18.75,72.5,1562.116809766842,290.33056640625,0.007048603147268295,9.59125082817618,269.6315718699781
2026,2,5,6,850.0,18.75,72.75,1562.5374427046954,290.36767578125,0.006901737302541733,9.392240670667846,268.71127389824346
2026,2,5,6,850.0,18.75,73.0,1563.085540169171,290.25634765625,0.00697755441069603,9.494980850943067,269.2851497634763
2026,2,5,12,1000.0,19.25,72.5,127.84460492847967,301.186279296875,0.008641611784696579,13.820685068491201,314.4766000676336
2026,2,5,12,1000.0,19.25,72.75,126.56995966225725,301.457763671875,0.010395895689725876,16.60872865419374,325.58566865668325
2026,2,5,12,1000.0,19.25,73.0,125.06587824811481,303.487060546875,0.008886229246854782,14.209804804603065,313.24078294598564
2026,2,5,12,1000.0,19.0,72.5,127.56418296991073,301.043701171875,0.009008776396512985,14.404700671307596,317.05613414429473
2026,2,5,12,1000.0,19.0,72.75,126.16207317706608,301.125732421875,0.009122263640165329,14.585162147433289,317.69594813125275
2026,2,5,12,1000.0,19.0,73.0,124.63249885759919,302.713623046875,0.00864018127322197,13.818409175998132,312.5953590510736
2026,2,5,12,1000.0,18.75,72.5,127.29650746400402,300.559326171875,0.010114561766386032,16.162008822807593,324.9187778518766
2026,2,5,12,1000.0,18.75,72.75,125.66496152323934,300.660888671875,0.009634386748075485,15.399205705143345,321.6389741422308
2026,2,5,12,1000.0,18.75,73.0,124.07165494046133,301.934326171875,0.009391676634550095,15.013469470558663,318.43732622418725
2026,2,5,12,925.0,19.25,72.5,815.0470200705644,297.2115478515625,0.007522400468587875,11.135941714573658,288.53383731773613
2026,2,5,12,925.0,19.25,72.75,814.4734297007643,297.2955322265625,0.008181389421224594,12.106663294254046,292.5356783572747
2026,2,5,12,925.0,19.25,73.0,814.167514836871,297.7779541015625,0.007485207170248032,11.08113117019031,287.6651807728452
2026,2,5,12,925.0,19.0,72.5,814.741105206671,297.3170166015625,0.00704556331038475,10.433055481517245,285.4489245121391
2026,2,5,12,925.0,19.0,72.75,813.8233606149909,297.4752197265625,0.007553871721029282,11.182317941060807,288.43192885250454
2026,2,5,12,925.0,19.0,73.0,813.4537134877864,297.6412353515625,0.007510002702474594,11.117671807169051,287.97258868119593
2026,2,5,12,925.0,18.75,72.5,814.0910361208976,297.4107666015625,0.006949242204427719,10.291023215171982,284.7461336729741
2026,2,5,12,925.0,18.75,72.75,812.8928695706485,297.5318603515625,0.007365044206380844,10.904034091488839,287.1955033860208
2026,2,5,12,925.0,18.75,73.0,812.5104759907819,297.4166259765625,0.007713135331869125,11.41698267701847,289.48756393905825
2026,2,5,12,850.0,19.25,72.5,1545.9439512983538,290.7574462890625,0.006702888756990433,9.122735117221994,267.1063407914229
2026,2,5,12,850.0,19.25,72.75,1545.8547261297183,290.8238525390625,0.007226455956697464,9.832202436591219,270.16498583703304
2026,2,5,12,850.0,19.25,73.0,1546.1351480882872,290.9976806640625,0.007002819329500198,9.529215387159935,268.64310746696617
2026,2,5,12,850.0,19.0,72.5,1545.7145151504337,290.8199462890625,0.006264198571443558,8.527935319283975,264.4170895361217
2026,2,5,12,850.0,19.0,72.75,1545.332121570567,290.8804931640625,0.006844509392976761,9.314684571425195,267.82251866557795
2026,2,5,12,850.0,19.0,73.0,1545.2938822125802,290.9371337890625,0.007194507867097855,9.788923592677742,269.8522002215924
2026,2,5,12,850.0,18.75,72.5,1545.2683893072558,290.9176025390625,0.006234634667634964,8.487839621492268,264.13899599247827
2026,2,5,12,850.0,18.75,72.75,1544.427123431549,290.9332275390625,0.006743419915437698,9.177673507296129,267.1627529217392
2026,2,5,12,850.0,18.75,73.0,1544.1721943783045,290.9527587890625,0.007258404046297073,9.875479607333148,270.2167747686732
2026,2,5,18,1000.0,19.25,72.5,149.99945827576187,298.46844482421875,0.01176249235868454,18.776539698868838,338.61298933903106
2026,2,5,18,1000.0,19.25,72.75,150.48382347692637,298.22235107421875,0.011424891650676727,18.241341524429966,336.7127223697531
2026,2,5,18,1000.0,19.25,73.0,150.94269577276646,298.47625732421875,0.010939471423625946,17.47142281391966,333.13771661088253
2026,2,5,18,1000.0,19.0,72.5,150.19065506569524,298.16571044921875,0.01342570036649704,21.410042167122885,350.0858021264515
2026,2,5,18,1000.0,19.0,72.75,151.10839965737537,298.24969482421875,0.012454383075237274,19.87271250443982,343.51555479212334
2026,2,5,18,1000.0,19.0,73.0,151.46530033191763,298.46649169921875,0.011610858142375946,18.536181054977053,337.609303924594
2026,2,5,18,1000.0,18.75,72.5,149.98671182309965,298.22039794921875,0.014535300433635712,23.164034198429707,357.361473395032
2026,2,5,18,1000.0,18.75,72.75,151.54177904789097,298.34149169921875,0.01354634016752243,21.60085630960628,350.6262740089696
2026,2,5,18,1000.0,18.75,73.0,151.45255387925542,297.98992919921875,0.012255065143108368,19.557023953923533,342.56164731895797
2026,2,5,18,925.0,19.25,72.5,833.6125271180781,296.51513671875,0.0072747692465782166,10.770969237501205,287.77383008702355
2026,2,5,18,925.0,19.25,72.75,834.1478781298915,296.49951171875,0.007382534444332123,10.929812936764266,288.46535837594934
2026,2,5,18,925.0,19.25,73.0,834.517525257096,296.40966796875,0.007631443440914154,11.296620553013184,290.1241193781036
2026,2,5,18,925.0,19.0,72.5,833.3575980648336,296.42138671875,0.0072556957602500916,10.742853150862969,287.7599456893034
2026,2,5,18,925.0,19.0,72.75,833.892949076647,296.28076171875,0.007383964955806732,10.931921342146607,288.721561088749
2026,2,5,18,925.0,19.0,73.0,834.632243331056,296.16943359375,0.0077706798911094666,11.50175978255689,291.27070584597374
2026,2,5,18,925.0,18.75,72.5,833.1791477275625,296.48388671875,0.0071755871176719666,10.624758500196954,287.1885587257898
2026,2,5,18,925.0,18.75,72.75,833.8037239080114,296.09716796875,0.007249496877193451,10.733715282979784,288.08614969552866
2026,2,5,18,925.0,18.75,73.0,834.4537929937849,295.94873046875,0.007826946675777435,11.5846487096791,291.87741976678745
2026,2,5,18,850.0,19.25,72.5,1563.3301127296274,290.4058837890625,0.006971828639507294,9.487222156018532,269.09053895033304
2026,2,5,18,850.0,19.25,72.75,1563.6105346881964,290.2398681640625,0.007385723292827606,10.047930790214256,271.75121597294066
2026,2,5,18,850.0,19.25,73.0,1563.7762385728054,290.1656494140625,0.007360450923442841,10.013702022472065,271.6804694739431
2026,2,5,18,850.0,19.0,72.5,1563.1644088450184,290.5250244140625,0.0071005746722221375,9.661666226373635,269.7338878969409
2026,2,5,18,850.0,19.0,72.75,1563.3556056349519,290.3160400390625,0.007528297603130341,10.24101309901941,272.5227392465234
2026,2,5,18,850.0,19.0,73.0,1563.6742669515074,290.1246337890625,0.00745343416929245,10.139632895949642,272.28319841957966
2026,2,5,18,850.0,18.75,72.5,1563.1771552976807,290.5933837890625,0.007129184901714325,9.700427884277097,269.8316080799072
2026,2,5,18,850.0,18.75,72.75,1563.1899017503429,290.4000244140625,0.007426731288433075,10.103469582445298,271.82246856058043
2026,2,5,18,850.0,18.75,73.0,1563.3556056349519,290.1597900390625,0.0075240060687065125,10.235201743133892,272.66816454581823
2026,2,15,0,1000.0,19.25,72.5,106.24417248117349,298.81982421875,0.012388806790113449,19.76885826423741,342.26763735854286
2026,2,15,0,1000.0,19.25,72.75,105.10973819423555,299.00732421875,0.010843377560377121,17.318956077253315,331.78024630366656
2026,2,15,0,1000.0,19.25,73.0,104.24297941320431,298.77880859375,0.010087113827466965,16.11841711732241,327.0729843954085
2026,2,15,0,1000.0,19.0,72.5,105.40290660546671,299.00927734375,0.012778859585523605,20.386470413062998,344.575135676171
2026,2,15,0,1000.0,19.0,72.75,104.09002198125762,299.49365234375,0.010634046047925949,16.986760269072878,329.74292438091425
2026,2,15,0,1000.0,19.0,73.0,103.31248836886195,299.37646484375,0.009924035519361496,15.859392941718596,325.2078658004265
2026,2,15,0,1000.0,18.75,72.5,104.8165697830044,299.13232421875,0.013634305447340012,21.739972164369235,350.0405273059044
2026,2,15,0,1000.0,18.75,72.75,103.35072772684862,299.87646484375,0.010789494961500168,17.23345584208793,330.2551837378469
2026,2,15,0,1000.0,18.75,73.0,102.87910897834634,300.09716796875,0.009748082607984543,15.57986224687396,323.11097976909775
2026,2,15,0,925.0,19.25,72.5,791.1373635810904,296.898681640625,0.006213579326868057,9.205689983334873,280.71967068886045
2026,2,15,0,925.0,19.25,72.75,790.7039841905748,297.041259765625,0.007050428539514542,10.440229165845196,285.7851524203983
2026,2,15,0,925.0,19.25,73.0,790.0156757468147,297.172119140625,0.007454786449670792,11.036299317850796,288.15750039718245
2026,2,15,0,925.0,19.0,72.5,790.7677164538859,297.060791015625,0.006243143230676651,9.249324649253323,280.72967073421074
2026,2,15,0,925.0,19.0,72.75,790.1686331787614,297.049072265625,0.007146749645471573,10.58224403987073,286.3768001948063
2026,2,15,0,925.0,19.0,73.0,789.3783531137035,297.176025390625,0.00759640708565712,11.24499550357187,289.0345461668459
2026,2,15,0,925.0,18.75,72.5,790.3980693266815,297.099853515625,0.006132517009973526,9.0860385308306,279.99761441972385
2026,2,15,0,925.0,18.75,72.75,789.748000240908,297.074462890625,0.007143411785364151,10.577323009243772,286.3277023073818
2026,2,15,0,925.0,18.75,73.0,788.9067343652013,297.103759765625,0.0077594853937625885,11.485268032705873,290.1317093911163
2026,2,15,0,850.0,19.25,72.5,1521.1222263719008,290.6405029296875,0.006735470145940781,9.166898120115293,267.42502598354105
2026,2,15,0,850.0,19.25,72.75,1521.2624373511853,290.7205810546875,0.006752636283636093,9.19016555552405,267.4429027908948
2026,2,15,0,850.0,19.25,73.0,1521.1094799192385,290.8846435546875,0.006561901420354843,8.931611334131844,266.12942485742656
2026,2,15,0,850.0,19.0,72.5,1521.0584941085897,290.8338623046875,0.006498958915472031,8.846275339095458,265.8064538311372
2026,2,15,0,850.0,19.0,72.75,1521.0967334665763,290.8690185546875,0.006619598716497421,9.00983028419683,266.4906825941672
2026,2,15,0,850.0,19.0,73.0,1520.8035650553452,291.0272216796875,0.006558086723089218,8.926439640748056,265.9569888128744
2026,2,15,0,850.0,18.75,72.5,1521.0584941085897,290.9979248046875,0.0063153766095638275,8.597341540441152,264.53810197177535
2026,2,15,0,850.0,18.75,72.75,1520.905536676643,291.0272216796875,0.006405498832464218,8.71955231916876,265.0458690175604
2026,2,15,0,850.0,18.75,73.0,1520.446664380803,291.2088623046875,0.006558086723089218,8.926439640748056,265.76659381915783
2026,2,15,6,1000.0,19.25,72.5,129.1573401801966,299.87890625,0.010545603930950165,16.846383012870323,328.6464153972012
2026,2,15,6,1000.0,19.25,72.75,127.8826949139742,301.986328125,0.00954233855009079,15.252927939596521,319.35132524496515
2026,2,15,6,1000.0,19.25,73.0,126.97769677495629,303.48046875,0.009003512561321259,14.396329795268615,314.00424955877304
2026,2,15,6,1000.0,19.0,72.5,128.64748207370764,299.380859375,0.01155029982328415,18.44017647416616,335.9423228635614
2026,2,15,6,1000.0,19.0,72.75,127.81896265066308,300.708984375,0.01084696501493454,17.324648407842517,329.51967585316606
2026,2,15,6,1000.0,19.0,73.0,126.60804964775178,302.55859375,0.009863726794719696,15.763589116366768,320.7102857483347
2026,2,15,6,1000.0,18.75,72.5,128.41804592578762,298.87109375,0.012756697833538055,20.351387135022456,344.62729127850423
2026,2,15,6,1000.0,18.75,72.75,127.66600521871639,299.6875,0.011497847735881805,18.357017229012538,335.1747773918978
2026,2,15,6,1000.0,18.75,73.0,125.43537600282717,302.244140625,0.009727351367473602,15.546923282592275,320.2261716422231
2026,2,15,6,925.0,19.25,72.5,815.4452471345975,297.2017822265625,0.007047038525342941,10.435230661319233,285.5858631552825
2026,2,15,6,925.0,19.25,72.75,815.2030645340152,297.1939697265625,0.0073340944945812225,10.858416003462962,287.38167258601067
2026,2,15,6,925.0,19.25,73.0,814.6167277115529,297.1568603515625,0.007709365338087082,11.41142835496497,289.75928473689646
2026,2,15,6,925.0,19.0,72.5,814.8206709541485,297.2720947265625,0.007015567272901535,10.388825983234343,285.3120268976008
2026,2,15,6,925.0,19.0,72.75,814.4255309216196,297.4478759765625,0.007104258984327316,10.519598275227862,285.6688379927761
2026,2,15,6,925.0,19.0,73.0,814.0686302470773,297.1822509765625,0.0073760561645030975,10.92026466982765,287.65602535972283
2026,2,15,6,925.0,18.75,72.5,814.2088412263618,297.3521728515625,0.006963115185499191,10.311480925189416,284.8970989548876
2026,2,15,6,925.0,18.75,72.75,813.9284192677928,297.5201416015625,0.006971221417188644,10.323434573121785,284.76208271830575
2026,2,15,6,925.0,18.75,73.0,813.8137011938328,297.2154541015625,0.00771365687251091,11.41775105949765,289.7193572622126
2026,2,15,6,850.0,19.25,72.5,1546.0706191716847,290.7049865722656,0.006333094090223312,8.62136848905299,264.9489194978032
2026,2,15,6,850.0,19.25,72.75,1546.2235766036313,290.8553771972656,0.0064861588180065155,8.828920466780328,265.70738621966245
2026,2,15,6,850.0,19.25,73.0,1546.0706191716847,291.0838928222656,0.006416063755750656,8.733878073271702,265.0498577266686
2026,2,15,6,850.0,19.0,72.5,1545.7264649498045,290.8338928222656,0.006296377629041672,8.571576157408611,264.5950536573378
2026,2,15,6,850.0,19.0,72.75,1545.7647043077911,290.9862365722656,0.006355982273817062,8.652406744617888,264.7928213386951
2026,2,15,6,850.0,19.0,73.0,1545.5607610651957,291.0936584472656,0.006449919193983078,8.7797839098243,265.2417503681564
2026,2,15,6,850.0,18.75,72.5,1545.573507517858,291.0331115722656,0.00606415793299675,8.256604545422386,263.00101523265243
2026,2,15,6,850.0,18.75,72.75,1545.4587894438978,291.1190490722656,0.0061390213668346405,8.358155375741962,263.35958974757887
2026,2,15,6,850.0,18.75,73.0,1545.2038603906533,291.1151428222656,0.006621103733778,9.011870529771045,266.2408021972778
2026,2,15,12,1000.0,19.25,72.5,94.96811773611529,302.76416015625,0.006932489573955536,11.098722799166762,301.4670786241926
2026,2,15,12,1000.0,19.25,72.75,93.3875576059995,303.02978515625,0.009504072368144989,15.192112709562505,317.79055462339943
2026,2,15,12,1000.0,19.25,73.0,90.7362954522569,304.73876953125,0.009021513164043427,14.424955245831395,312.5829160124497
2026,2,15,12,1000.0,19.0,72.5,94.57297770358635,303.08056640625,0.007148019969463348,11.442288521342787,302.50034920608425
2026,2,15,12,1000.0,19.0,72.75,93.04340338411946,303.19970703125,0.008721105754375458,13.9471509385455,312.52654282170124
2026,2,15,12,1000.0,19.0,73.0,90.62157737829688,304.15478515625,0.008953802287578583,14.317274819010649,312.8603731581963
2026,2,15,12,1000.0,18.75,72.5,94.39452736631522,303.00048828125,0.007405988872051239,11.853385448002495,304.2627697914063
2026,2,15,12,1000.0,18.75,72.75,92.75023497288831,303.51416015625,0.007868997752666473,12.590910493146106,306.6527268035712
2026,2,15,12,1000.0,18.75,73.0,90.55784511498575,304.00048828125,0.00886177271604538,14.170906304539589,312.4577257320858
2026,2,15,12,925.0,19.25,72.5,784.66002462296,298.4871826171875,0.00526423379778862,7.803678258409723,273.1499154150606
2026,2,15,12,925.0,19.25,72.75,783.9334768212132,298.6278076171875,0.0062045566737651825,9.192372741678573,278.81429098261026
2026,2,15,12,925.0,19.25,73.0,782.8500283449241,299.0438232421875,0.006923150271177292,10.252545968551246,282.79497685509284
2026,2,15,12,925.0,19.0,72.5,784.6855175282844,298.5438232421875,0.005427788943052292,8.04533460668122,274.1032206862147
2026,2,15,12,925.0,19.0,72.75,783.7550264839421,298.7293701171875,0.005961846560239792,8.834083235681243,277.2088622065549
2026,2,15,12,925.0,19.0,73.0,782.5058741230441,298.8914794921875,0.006747674196958542,9.993743379403648,281.8803599414827
2026,2,15,12,925.0,18.75,72.5,784.6217852649733,298.5906982421875,0.005645226687192917,8.366529556769695,275.3986752085901
2026,2,15,12,925.0,18.75,72.75,783.5638296940087,298.7137451171875,0.005965184420347214,8.83901131047155,277.2458942727391
2026,2,15,12,925.0,18.75,73.0,782.0852411851907,298.7235107421875,0.006752919405698776,10.001480123391678,282.0946725169919
2026,2,15,12,850.0,19.25,72.5,1517.5743309386999,292.03155517578125,0.0046537891030311584,6.3417440047912566,253.60290614844598
2026,2,15,12,850.0,19.25,72.75,1517.6890490126598,292.08819580078125,0.006483890116214752,8.825844444182126,264.4088546350764
2026,2,15,12,850.0,19.25,73.0,1517.7655277286333,292.18389892578125,0.007225848734378815,9.831379871551155,268.70294257180046
2026,2,15,12,850.0,19.0,72.5,1517.6253167493487,292.01788330078125,0.00449834018945694,6.130490423070504,252.69203124920784
2026,2,15,12,850.0,19.0,72.75,1517.5743309386999,292.22100830078125,0.005642272531986237,7.684152817195607,259.28420587837877
2026,2,15,12,850.0,19.0,73.0,1517.1536980008464,292.23077392578125,0.00680861622095108,9.26603887881067,266.18368916569233
2026,2,15,12,850.0,18.75,72.5,1517.7145419179842,292.01397705078125,0.004829742014408112,6.580814305607826,254.66559016420646
2026,2,15,12,850.0,18.75,72.75,1517.3448947907798,292.35186767578125,0.005548812448978424,7.557298260512764,258.59952175633344
2026,2,15,12,850.0,18.75,73.0,1516.4271501990997,292.28155517578125,0.006874419748783112,9.355220192791759,266.51979741515515
2026,2,15,18,1000.0,19.25,72.5,110.01468271848695,301.0183410644531,0.007458474487066269,11.93701034363749,306.9297150371609
2026,2,15,18,1000.0,19.25,72.75,110.61376599361148,300.2409973144531,0.00820186361670494,13.12087605517851,312.75051971686327
2026,2,15,18,1000.0,19.25,73.0,111.02165247880265,300.3015441894531,0.007838036864995956,12.541605903146372,310.28058481148264
2026,2,15,18,1000.0,19.0,72.5,110.14214724510919,300.4558410644531,0.009097840636968613,14.546328056276822,318.3778849680025
2026,2,15,18,1000.0,19.0,72.75,110.58827308828704,300.4382629394531,0.008832719177007675,14.1246946953108,316.6576878463357
2026,2,15,18,1000.0,19.0,73.0,110.89418795218042,300.6921691894531,0.008382584899663925,13.408518390854164,313.3865515194569
2026,2,15,18,1000.0,18.75,72.5,110.23137241374477,299.9167785644531,0.011417653411626816,18.229864360816702,334.33303680916
2026,2,15,18,1000.0,18.75,72.75,110.34609048770479,300.4870910644531,0.010118748992681503,16.168658679043002,325.040403000133
2026,2,15,18,1000.0,18.75,73.0,110.48630146698925,301.1335754394531,0.009073521941900253,14.507658682402683,317.3673161207384
2026,2,15,18,925.0,19.25,72.5,797.9324178299929,297.8614501953125,0.004974629729986191,7.375664352014887,271.9930689014715
2026,2,15,18,925.0,19.25,72.75,798.2255862412242,298.1114501953125,0.004938390105962753,7.322094229590956,271.5141494568686
2026,2,15,18,925.0,19.25,73.0,798.4167830311575,298.1173095703125,0.005495812743902206,8.145827180829246,274.9653801336242
2026,2,15,18,925.0,19.0,72.5,798.0726288092774,298.0177001953125,0.004920747131109238,7.2960131869515035,271.4996984085144
2026,2,15,18,925.0,19.0,72.75,798.2893185045352,298.0841064453125,0.005024220794439316,7.448967023248528,272.0744734298592
2026,2,15,18,925.0,19.0,73.0,798.4805152944685,298.0880126953125,0.005440022796392441,8.06340847117825,274.64978912284965
2026,2,15,18,925.0,18.75,72.5,798.0853752619397,298.1368408203125,0.004913117736577988,7.284734725541172,271.3316334501502
2026,2,15,18,925.0,18.75,72.75,798.1873468832374,298.1134033203125,0.005034234374761581,7.463767989654806,272.1067834186995
2026,2,15,18,925.0,18.75,73.0,798.2510791465486,298.0938720703125,0.005323674529790878,7.891508794925251,273.92215637276837
2026,2,15,18,850.0,19.25,72.5,1530.4956489983838,292.05133056640625,0.006649438291788101,9.050280994039314,265.4285877899632
2026,2,15,18,850.0,19.25,72.75,1530.9800141995484,292.01812744140625,0.006971303373575211,9.486510392763693,267.37138144341094
2026,2,15,18,850.0,19.25,73.0,1531.298675516104,291.90875244140625,0.00717109814286232,9.757210280545864,268.6720733299377
2026,2,15,18,850.0,19.0,72.5,1530.7123386936416,292.02203369140625,0.006401959806680679,8.7147534536556,263.99159427297616
2026,2,15,18,850.0,19.0,72.75,1531.0055071048728,291.91656494140625,0.006886426359415054,9.371491583188481,266.97539158712493
2026,2,15,18,850.0,19.0,73.0,1531.1457180841574,291.77008056640625,0.00711769238114357,9.684857770210028,268.50306068702406
2026,2,15,18,850.0,18.75,72.5,1530.903535483575,292.03570556640625,0.006225530058145523,8.475491312579448,262.9310191004712
2026,2,15,18,850.0,18.75,72.75,1530.9417748415617,291.87750244140625,0.00691932812333107,9.416078928631492,267.2118296706234
2026,2,15,18,850.0,18.75,73.0,1530.8525496729262,291.78765869140625,0.0071272291243076324,9.697778204304925,268.54093371090636
2026,2,25,0,1000.0,19.25,72.5,91.03954650670718,297.91107177734375,0.01666451245546341,26.523211925988086,371.9513552622641
2026,2,25,0,1000.0,19.25,72.75,91.44743299189837,297.15521240234375,0.016285426914691925,25.925772787191892,370.65804568111747
2026,2,25,0,1000.0,19.25,73.0,91.80433366644064,296.19622802734375,0.015125282108783722,24.09568884603514,364.43309561342403
2026,2,25,0,1000.0,19.0,72.5,91.00130714872051,298.05560302734375,0.016592510044574738,26.409757029825247,371.24060095172536
2026,2,25,0,1000.0,19.0,72.75,91.02680005404497,297.63372802734375,0.01669646054506302,26.5735496919627,372.6138714531098
2026,2,25,0,1000.0,19.0,73.0,91.35820782326279,296.68646240234375,0.01590920239686966,25.332573065472236,368.90326390872315
2026,2,25,0,1000.0,18.75,72.5,90.95032133807162,298.17083740234375,0.01631975919008255,25.979891707689664,369.25081111681527
2026,2,25,0,1000.0,18.75,72.75,90.65715292684047,297.92669677734375,0.016455180943012238,26.193338979042373,370.5397676509899
2026,2,25,0,1000.0,18.75,73.0,91.02680005404497,297.34271240234375,0.014638431370258331,23.326938568963616,359.39120351436634
2026,2,25,0,925.0,19.25,72.5,773.9912935355092,297.0485534667969,0.005988605320453644,8.873589774979212,279.15453601162926
2026,2,25,0,925.0,19.25,72.75,773.9912935355092,297.0016784667969,0.006192691624164581,9.174859962541506,280.4784501124333
2026,2,25,0,925.0,19.25,73.0,773.6598857662913,296.6579284667969,0.006991870701313019,10.353883983736056,285.84557683091106
2026,2,25,0,925.0,19.0,72.5,774.0040399881714,297.1071472167969,0.005920417606830597,8.772915149295727,278.6666815542564
2026,2,25,0,925.0,19.0,72.75,773.7873502929135,296.9743347167969,0.006195075809955597,9.178379034121875,280.5227307864647
2026,2,25,0,925.0,19.0,73.0,773.5196747870068,296.7614440917969,0.006747253239154816,9.993122459610483,284.20259947356607
2026,2,25,0,925.0,18.75,72.5,773.9020683668736,297.0934753417969,0.0058121755719184875,8.613085906603917,278.0057837953046
2026,2,25,0,925.0,18.75,72.75,773.6726322189535,297.0290222167969,0.006070621311664581,8.994669920407839,279.6872572616426
2026,2,25,0,925.0,18.75,73.0,773.3412244497357,296.9489440917969,0.0063538625836372375,9.41272633397373,281.5413365832934
2026,2,25,0,850.0,19.25,72.5,1505.1206483610613,291.0117492675781,0.006563194096088409,8.933363845905502,266.00371637635936
2026,2,25,0,850.0,19.25,72.75,1505.4393096776168,291.2754211425781,0.0062890127301216125,8.561588123042334,264.0928463844746
2026,2,25,0,850.0,19.25,73.0,1505.1461412663857,291.5742492675781,0.005604751408100128,7.633226645018677,259.71052214400925
2026,2,25,0,850.0,19.0,72.5,1505.0824090030746,291.0859680175781,0.006471641361713409,8.809236806770278,265.37943560277864
2026,2,25,0,850.0,19.0,72.75,1505.2353664350212,291.2695617675781,0.00637102872133255,8.672810493853351,264.58791842896045
2026,2,25,0,850.0,19.0,73.0,1505.0441696450878,291.5683898925781,0.0057358816266059875,7.811195234935992,260.49727098896625
2026,2,25,0,850.0,18.75,72.5,1505.0824090030746,291.1640930175781,0.0064225271344184875,8.742642151959117,265.0048232275639
2026,2,25,0,850.0,18.75,72.75,1505.0951554557369,291.2910461425781,0.006306178867816925,8.584868137844989,264.17899957129015
2026,2,25,0,850.0,18.75,73.0,1504.94219802379,291.6328430175781,0.005639083683490753,7.679824789300845,259.8559788116032
2026,2,25,6,1000.0,19.25,72.5,118.47588753549888,297.736328125,0.015999767929315567,25.475393861753204,367.82620957063085
2026,2,25,6,1000.0,19.25,72.75,117.03553838466756,299.525390625,0.013501141220331192,21.529369071690443,348.58679992886096
2026,2,25,6,1000.0,19.25,73.0,115.2637814646184,301.66796875,0.011289093643426895,18.02599952267136,331.1203548648347
2026,2,25,6,1000.0,19.0,72.5,119.12595662127231,297.697265625,0.016481373459100723,26.234618738877067,371.08397322513235
2026,2,25,6,1000.0,19.0,72.75,118.19546557692995,298.4296875,0.015249703079462051,24.292080558724034,361.7672253442212
2026,2,25,6,1000.0,19.0,73.0,116.14328669831187,300.693359375,0.01258370652794838,20.077500106762898,340.8969984905508
2026,2,25,6,1000.0,18.75,72.5,119.83975797035686,297.73828125,0.01678750291466713,26.716986450542283,373.0472790100109
2026,2,25,6,1000.0,18.75,72.75,118.99849209465006,297.779296875,0.015716049820184708,25.027921665708348,365.8753806318111
2026,2,25,6,1000.0,18.75,73.0,116.20701896162299,300.228515625,0.01260659471154213,20.113740911217796,341.7032179355967
2026,2,25,6,925.0,19.25,72.5,800.4088643771064,296.4564208984375,0.006029315292835236,8.93369137938221,280.0422604460195
2026,2,25,6,925.0,19.25,72.75,800.1794282291863,296.3626708984375,0.006186671555042267,9.165974261588383,281.129304562365
2026,2,25,6,925.0,19.25,73.0,799.414641069453,295.7493896484375,0.007921405136585236,11.723786689246595,292.70077058858163
2026,2,25,6,925.0,19.0,72.5,800.893229578271,296.3177490234375,0.00601930171251297,8.918908243411199,280.12826778730744
2026,2,25,6,925.0,19.0,72.75,800.3068927558086,296.6009521484375,0.0061280205845832825,9.079401270515056,280.50513808674634
2026,2,25,6,925.0,19.0,73.0,799.8862598179552,295.7982177734375,0.00791759043931961,11.718167921294608,292.6202493473945
2026,2,25,6,925.0,18.75,72.5,801.4030876847598,296.3450927734375,0.006049342453479767,8.963257113531466,280.28728786874325
2026,2,25,6,925.0,18.75,72.75,800.6383005250265,296.6634521484375,0.006179042160511017,9.154713082170565,280.7571196713609
2026,2,25,6,925.0,18.75,73.0,800.5490753563909,295.7728271484375,0.008463568985462189,12.522090475249971,296.0773872445599
2026,2,25,6,850.0,19.25,72.5,1530.7569512779594,290.85760498046875,0.006334312260150909,8.623020449130866,264.7972232481945
2026,2,25,6,850.0,19.25,72.75,1530.616740298675,291.17596435546875,0.006011970341205597,8.185807619440183,262.5426883897338
2026,2,25,6,850.0,19.25,73.0,1530.0304034762128,291.27752685546875,0.005778320133686066,7.8687862880962705,261.0448474001383
2026,2,25,6,850.0,19.0,72.5,1531.1393448578262,290.83416748046875,0.006262786686420441,8.526020499417037,264.3938771646454
2026,2,25,6,850.0,19.0,72.75,1531.0118803312039,291.12322998046875,0.006214149296283722,8.460055735001479,263.8037466239776
2026,2,25,6,850.0,19.0,73.0,1530.6549796566617,291.28533935546875,0.005939491093158722,8.087475906021467,261.99830847461686
2026,2,25,6,850.0,18.75,72.5,1531.751174585613,290.78143310546875,0.006281860172748566,8.551887974064472,264.5627573563329
2026,2,25,6,850.0,18.75,72.75,1531.534484890355,291.07440185546875,0.006199367344379425,8.44000685055157,263.76598149150635
2026,2,25,6,850.0,18.75,73.0,1531.407020363733,291.34783935546875,0.0058350637555122375,7.94578543082875,261.31185515489864
2026,2,25,12,1000.0,19.25,72.5,94.25205090423336,298.76922607421875,0.014755118638277054,23.511231951663426,357.97769962601853
2026,2,25,12,1000.0,19.25,72.75,93.15585597528208,299.79071044921875,0.013899672776460648,22.159557508562475,350.8145756677981
2026,2,25,12,1000.0,19.25,73.0,90.40262220024168,302.22235107421875,0.01222311332821846,19.506410197116214,336.4232616294663
2026,2,25,12,1000.0,19.0,72.5,94.3795154308556,298.90203857421875,0.015198100358247757,24.2106320506988,360.69496240724663
2026,2,25,12,1000.0,19.0,72.75,93.41078502852656,299.06805419921875,0.015551436692476273,24.768228411289062,362.76401080353156
2026,2,25,12,1000.0,19.0,73.0,91.44783131854406,300.99774169921875,0.013799060136079788,22.000489706841414,348.385570180202
2026,2,25,12,1000.0,18.75,72.5,94.81289482137122,299.05047607421875,0.015357840806245804,24.462746159026526,361.5172990361149
2026,2,25,12,1000.0,18.75,72.75,93.6912069870955,298.78485107421875,0.015786517411470413,25.139075428663105,364.75533575494757
2026,2,25,12,1000.0,18.75,73.0,92.49304043684643,300.35516357421875,0.013734687119722366,21.898706348988764,348.90425889060054
2026,2,25,12,925.0,19.25,72.5,779.0528800131799,297.2103271484375,0.005700144916772842,8.447640352671394,277.1835655133532
2026,2,25,12,925.0,19.25,72.75,778.6067541700021,297.3275146484375,0.006030593067407608,8.935577756231469,279.11900961811426
2026,2,25,12,925.0,19.25,73.0,777.7654882942952,297.5247802734375,0.0077262260019779205,11.436268930615665,289.44610343364434
2026,2,25,12,925.0,19.0,72.5,779.3715413297355,297.2415771484375,0.00573638454079628,8.501161059677383,277.37662404294133
2026,2,25,12,925.0,19.0,72.75,778.7852045072732,297.6029052734375,0.005542311817407608,8.214516189813777,275.7891331510051
2026,2,25,12,925.0,19.0,73.0,778.1733747794864,297.7845458984375,0.0061927177011966705,9.174898452441868,279.63951552608063
2026,2,25,12,925.0,18.75,72.5,779.8304136255756,297.3587646484375,0.0057845450937747955,8.572283627024378,277.55319624553835
2026,2,25,12,925.0,18.75,72.75,779.2440768031132,297.7376708984375,0.005567584186792374,8.25184722495983,275.8057268325814
2026,2,25,12,925.0,18.75,73.0,778.836190317922,297.6751708984375,0.006535086780786514,9.680133118097222,281.8832005555336
2026,2,25,12,850.0,19.25,72.5,1509.7942148949949,290.991943359375,0.005678925663232803,7.733898657083591,260.7408435280717
2026,2,25,12,850.0,19.25,72.75,1510.1638620221993,291.452880859375,0.005468640476465225,7.4484683804358145,259.0213344621181
2026,2,25,12,850.0,19.25,73.0,1510.3550588121327,291.833740234375,0.00513056293129921,6.989426892401623,256.63023475275867
2026,2,25,12,850.0,19.0,72.5,1510.0109045902527,290.851318359375,0.005877289921045303,8.003081450752788,262.0702896797969
2026,2,25,12,850.0,19.0,72.75,1510.3550588121327,291.228271484375,0.005636487156152725,7.67630067012731,260.2483242309006
2026,2,25,12,850.0,19.0,73.0,1510.7374523919993,291.876708984375,0.0048210956156253815,6.56906748321298,254.7474706670589
2026,2,25,12,850.0,18.75,72.5,1510.4570304334304,290.755615234375,0.005927834659814835,8.071660959130858,262.47075454665725
2026,2,25,12,850.0,18.75,72.75,1510.6482272233638,291.136474609375,0.005541596561670303,7.547503447875902,259.77423987374914
2026,2,25,12,850.0,18.75,73.0,1511.1325924245284,291.837646484375,0.004682812839746475,6.381182575156793,253.96257378349827
2026,2,25,18,1000.0,19.25,72.5,115.01136684832487,298.0386962890625,0.0156850665807724,24.97904651743223,365.2601532077256
2026,2,25,18,1000.0,19.25,72.75,116.69389859973845,297.7008056640625,0.015907272696495056,25.329529780901147,367.2689923094292
2026,2,25,18,1000.0,19.25,73.0,117.94305096063641,297.6207275390625,0.015316948294639587,24.39821121200124,363.47474332835526
2026,2,25,18,1000.0,19.0,72.5,115.53397140747606,298.1324462890625,0.015748485922813416,25.07908670961437,365.5321425899425
2026,2,25,18,1000.0,19.0,72.75,116.87234893700959,297.9136962890625,0.01613043248653412,25.681422921520408,368.4093139038849
2026,2,25,18,1000.0,19.0,73.0,117.68812190739193,297.6871337890625,0.0158529132604599,25.243797902415636,366.92990252350546
2026,2,25,18,1000.0,18.75,72.5,116.14580113526281,298.2515869140625,0.015864834189414978,25.2625992332157,366.11360172757145
2026,2,25,18,1000.0,18.75,72.75,116.98706701096961,298.0797119140625,0.016185268759727478,25.767877923717975,368.5069887361801
2026,2,25,18,1000.0,18.75,73.0,117.407699948823,297.7144775390625,0.015710338950157166,25.0189130733735,365.94005593909935
2026,2,25,18,925.0,19.25,72.5,798.4971454319264,296.7415771484375,0.005809377878904343,8.608954579766172,278.3611785728192
2026,2,25,18,925.0,19.25,72.75,798.6883422218597,296.5247802734375,0.005781721323728561,8.568113652867513,278.4181235059199
2026,2,25,18,925.0,19.25,73.0,798.8922854644553,296.1400146484375,0.00578458234667778,8.572338639780737,278.8451195669196
2026,2,25,18,925.0,19.0,72.5,799.0834822543886,296.8333740234375,0.005804609507322311,8.601913138245987,278.2340113281645
2026,2,25,18,925.0,19.0,72.75,798.9942570857531,296.5599365234375,0.005785059183835983,8.573042802842897,278.40171484017867
2026,2,25,18,925.0,19.0,73.0,799.0579893490642,296.1986083984375,0.005836080759763718,8.648385900781834,279.10606304750263
2026,2,25,18,925.0,18.75,72.5,799.5805939082154,296.8782958984375,0.005846094340085983,8.663172317390869,278.4456539433631
2026,2,25,18,925.0,18.75,72.75,799.3766506656198,296.7083740234375,0.005844663828611374,8.661059983140166,278.61717576964656
2026,2,25,18,925.0,18.75,73.0,799.2874254969843,296.3548583984375,0.005908560007810593,8.755407344121629,279.39405427409207
2026,2,25,18,850.0,19.25,72.5,1527.1070842234608,290.00885009765625,0.005017831921577454,6.836318987902831,257.7599003397407
2026,2,25,18,850.0,19.25,72.75,1527.4767313506652,290.27642822265625,0.005142763257026672,7.005995757804164,258.24549121976804
2026,2,25,18,850.0,19.25,73.0,1527.4129990873541,290.06744384765625,0.005722120404243469,7.792519972377716,261.94067666935086
2026,2,25,18,850.0,19.0,72.5,1527.8591249305318,289.96783447265625,0.005610540509223938,7.6410841502317455,261.37073262012353
2026,2,25,18,850.0,19.0,72.75,1527.8973642885187,290.23736572265625,0.00522477924823761,7.117372649603849,258.77759335947354
2026,2,25,18,850.0,19.0,73.0,1527.6169423299496,290.13385009765625,0.005364969372749329,7.307723805135184,259.7246356862826
2026,2,25,18,850.0,18.75,72.5,1528.598419184941,289.95220947265625,0.006258085370063782,8.5196444793231,265.2845161965286
2026,2,25,18,850.0,18.75,72.75,1528.3944759423453,290.19244384765625,0.005562379956245422,7.575714501390402,260.8526722866756
2026,2,25,18,850.0,18.75,73.0,1527.9993359098164,290.27447509765625,0.005084112286567688,6.926341541621167,257.89482322964966
2026,3,1,0,1000.0,19.25,72.5,79.08297558289529,297.6175537109375,0.012605085968971252,20.111352021804713,345.42748066680605
2026,3,1,0,1000.0,19.25,72.75,79.52910142607313,296.1409912109375,0.014742746949195862,23.491693597460195,361.95129336745197
2026,3,1,0,1000.0,19.25,73.0,80.17917051184656,294.9066162109375,0.01380719244480133,22.013347540245782,357.5458596368955
2026,3,1,0,1000.0,19.0,72.5,79.05748267757083,297.5823974609375,0.012599840760231018,20.103046910707427,345.44331414335073
2026,3,1,0,1000.0,19.0,72.75,79.14670784620641,296.5062255859375,0.014433756470680237,23.00361681467547,359.3117644712717
2026,3,1,0,1000.0,19.0,73.0,79.66931240535759,295.3245849609375,0.013708487153053284,21.857278025368082,356.23893573253076
2026,3,1,0,1000.0,18.75,72.5,78.9300181509486,297.5452880859375,0.01222790777683258,19.514005040552103,343.015261654418
2026,3,1,0,1000.0,18.75,72.75,78.71332845569079,296.8597412109375,0.01380719244480133,22.013347540245782,354.5763885007879
2026,3,1,0,1000.0,18.75,73.0,79.26142592016642,295.7288818359375,0.013982191681861877,22.29000485900674,357.4698842864856
2026,3,1,0,925.0,19.25,72.5,755.6478535929701,290.8088073730469,0.01250893622636795,18.462170243957484,328.25734507705045
2026,3,1,0,925.0,19.25,72.75,755.2144742024545,291.1037292480469,0.011319227516651154,16.718253371645545,320.1662967321697
2026,3,1,0,925.0,19.25,73.0,754.5134193060321,291.2502136230469,0.00993020087480545,14.678997572444938,311.0012589369787
2026,3,1,0,925.0,19.0,72.5,755.5076426136857,290.8595886230469,0.012481756508350372,18.42235719260171,328.0102838649752
2026,3,1,0,925.0,19.0,72.75,754.7810948119388,291.1369323730469,0.010694094002246857,15.800906560144737,316.0844934008091
2026,3,1,0,925.0,19.0,73.0,754.0800399155165,291.2052917480469,0.009576387703418732,14.15901090419656,308.77200174344205
2026,3,1,0,925.0,18.75,72.5,755.2782064657656,290.8088073730469,0.012118406593799591,17.889994165391492,325.73372822945595
2026,3,1,0,925.0,18.75,72.75,754.3987012320722,291.2990417480469,0.009880609810352325,14.606128738121008,310.617999179266
2026,3,1,0,925.0,18.75,73.0,753.5701818090276,291.3849792480469,0.009155340492725372,13.539922975959612,305.8234737723528
2026,3,1,0,850.0,19.25,72.5,1475.0346384851098,288.856201171875,0.004374428186565638,5.962066687251615,255.00167957240643
2026,3,1,0,850.0,19.25,72.75,1475.6337217602343,289.639404296875,0.0038518146611750126,5.251441217702483,251.0806471253126
2026,3,1,0,850.0,19.25,73.0,1475.9778759821143,290.428466796875,0.004138393793255091,5.641173896190051,252.05866792713815
2026,3,1,0,850.0,19.0,72.5,1475.0091455797851,289.342529296875,0.004285259637981653,5.840851313419505,253.9882889364648
2026,3,1,0,850.0,19.0,72.75,1475.455271422963,290.225341796875,0.0038479999639093876,5.246252514913982,250.50371720778506
2026,3,1,0,850.0,19.0,73.0,1476.2328050353588,291.012451171875,0.004046364221721888,5.516033237938186,250.95172584021404
2026,3,1,0,850.0,18.75,72.5,1475.047384937772,289.885498046875,0.00417797127738595,5.69498656983828,252.81645605662183
2026,3,1,0,850.0,18.75,72.75,1475.5444965915985,290.830810546875,0.0037602619268000126,5.126905726050344,249.40763212730633
2026,3,1,0,850.0,18.75,73.0,1476.589705709901,291.555419921875,0.003890915308147669,5.304624037492141,249.51155025078424
2026,3,1,6,1000.0,19.25,72.5,107.3691465102762,297.55828857421875,0.01245114579796791,19.867585768010585,344.4862271970369
2026,3,1,6,1000.0,19.25,72.75,105.91605090678264,298.40399169921875,0.011957619339227676,19.085774945475624,339.99846640848915
2026,3,1,6,1000.0,19.25,73.0,104.6796449985469,299.43524169921875,0.011517498642206192,18.388173031688893,335.6510362830525
2026,3,1,6,1000.0,19.0,72.5,106.9994993830717,297.82196044921875,0.011901352554559708,18.996611390496156,340.44451252837797
2026,3,1,6,1000.0,19.0,72.75,106.28569803398715,297.83953857421875,0.012644264847040176,20.173385056832235,345.36778950266836
2026,3,1,6,1000.0,19.0,73.0,104.87084178848028,298.72625732421875,0.012114975601434708,19.335098514727434,340.58765955641485
2026,3,1,6,1000.0,18.75,72.5,106.73182387716498,297.91961669921875,0.011927101761102676,19.03741580255064,340.4782209485231
2026,3,1,6,1000.0,18.75,72.75,106.48964127658273,297.35125732421875,0.012847397476434708,20.494963747627065,347.4310533450256
2026,3,1,6,1000.0,18.75,73.0,104.42471594530242,298.26922607421875,0.01196572557091713,19.09862004348014,340.24208078759995
2026,3,1,6,925.0,19.25,72.5,784.1339844964897,291.4773254394531,0.0112481489777565,16.613984661145487,319.20395396622064
2026,3,1,6,925.0,19.25,72.75,784.1594774018141,291.7234191894531,0.011497057974338531,16.97908269450992,320.4734031560734
2026,3,1,6,925.0,19.25,73.0,783.8153231799341,292.3601379394531,0.01131061464548111,16.70561919083784,318.42037682568844
2026,3,1,6,925.0,19.0,72.5,784.0320128751919,291.2351379394531,0.011701144278049469,17.27835327727143,322.45177229644196
2026,3,1,6,925.0,19.0,72.75,783.4456760527296,291.2976379394531,0.012216605246067047,18.033893176854146,325.68746768598584
2026,3,1,6,925.0,19.0,73.0,783.2927186207829,291.9206848144531,0.011800326406955719,17.42376657272806,322.15298143530106
2026,3,1,6,925.0,18.75,72.5,783.7388444639607,291.3074035644531,0.011794127523899078,17.414678751666173,322.95215075897534
2026,3,1,6,925.0,18.75,72.75,782.8083534196184,291.0984191894531,0.011704482138156891,17.283247276972656,322.6604628813861
2026,3,1,6,925.0,18.75,73.0,782.8083534196184,291.8874816894531,0.011201895773410797,16.54612868650021,318.35598608803053
2026,3,1,6,850.0,19.25,72.5,1504.821106723499,290.2753601074219,0.00436552194878459,5.94996017166448,253.5717124897288
2026,3,1,6,850.0,19.25,72.75,1505.7006119571925,290.7109069824219,0.004109460394829512,5.601832128387445,251.61593152766144
2026,3,1,6,850.0,19.25,73.0,1506.5801171908859,291.0585632324219,0.004123288672417402,5.620635099938762,251.36868082353755
2026,3,1,6,850.0,19.0,72.5,1504.9230783447967,290.7030944824219,0.0038448157720267773,5.241921399163724,250.03479550425772
2026,3,1,6,850.0,19.0,72.75,1505.7006119571925,291.3612976074219,0.0038233580999076366,5.212734386063778,249.2895591826448
2026,3,1,6,850.0,19.0,73.0,1506.7330746228326,291.6288757324219,0.004042703192681074,5.511054727732665,250.34820307395043
2026,3,1,6,850.0,18.75,72.5,1505.3692041879747,291.1327819824219,0.0037723365239799023,5.143331105043634,249.19779671046274
2026,3,1,6,850.0,18.75,72.75,1506.0447661790724,292.0273132324219,0.0037275138311088085,5.082356455044604,248.0986459688099
2026,3,1,6,850.0,18.75,73.0,1507.1409611080237,292.1679382324219,0.004068452399224043,5.546069738429492,249.9947890869625
2026,3,1,12,1000.0,19.25,72.5,76.8705698110466,297.2923583984375,0.013084560632705688,20.870316400015593,349.1011119128761
2026,3,1,12,1000.0,19.25,72.75,75.09881289099744,298.5169677734375,0.012406975030899048,19.797632428458783,342.81918604751183
2026,3,1,12,1000.0,19.25,73.0,71.54255259823691,301.2220458984375,0.011272579431533813,17.99980966575968,331.6124131634482
2026,3,1,12,1000.0,19.0,72.5,77.26570984357554,297.5579833984375,0.012482792139053345,19.917701855148493,344.6977928548393
2026,3,1,12,1000.0,19.0,72.75,75.68514971345975,297.9876708984375,0.012884765863418579,20.554112956198693,346.7532468655317
2026,3,1,12,1000.0,19.0,73.0,72.7534656011482,300.0364990234375,0.01209607720375061,19.305157396887395,338.6248877280073
2026,3,1,12,1000.0,18.75,72.5,77.71183568675337,297.8353271484375,0.012384086847305298,19.761382896310657,343.6414416520592
2026,3,1,12,1000.0,18.75,72.75,76.18226136728649,297.6614990234375,0.012930065393447876,20.625812539844265,347.52976806754054
2026,3,1,12,1000.0,18.75,73.0,73.98987150938395,299.0892333984375,0.01244845986366272,19.863332154464906,342.278946959663
2026,3,1,12,925.0,19.25,72.5,755.4782660235657,294.57537841796875,0.0053963735699653625,7.998921412662926,278.05606080900407
2026,3,1,12,925.0,19.25,72.75,755.6184770028501,295.17303466796875,0.007694251835346222,11.389161416266965,291.9375450650781
2026,3,1,12,925.0,19.25,73.0,755.6312234555123,295.43280029296875,0.009794719517230988,14.479911689398381,304.8465742875584
2026,3,1,12,925.0,19.0,72.5,755.8479131507702,294.28240966796875,0.006046302616596222,8.958769503613889,282.5012562047878
2026,3,1,12,925.0,19.0,72.75,755.6822092661613,295.44256591796875,0.005593784153461456,8.290547252275047,278.38548306787897
2026,3,1,12,925.0,19.0,73.0,755.6057305501879,295.45623779296875,0.008165843784809113,12.083772754189408,294.57902669874954
2026,3,1,12,925.0,18.75,72.5,756.1283351093391,294.02850341796875,0.006608493626117706,9.788432469748177,286.3581342123862
2026,3,1,12,925.0,18.75,72.75,755.8734060560946,295.48748779296875,0.005909927189350128,8.757426007431501,280.33227925702755
2026,3,1,12,925.0,18.75,73.0,755.8479131507702,295.30975341796875,0.008343227207660675,12.344939611993711,295.86781967904756
2026,3,1,12,850.0,19.25,72.5,1484.0368206778055,293.484130859375,0.001957627246156335,2.6720352063346273,236.3193868615216
2026,3,1,12,850.0,19.25,72.75,1485.6046343552591,293.282958984375,0.0025856217835098505,3.5278625506126335,240.20068778588973
2026,3,1,12,850.0,19.25,73.0,1486.8410402634947,293.239990234375,0.003651352832093835,4.978743069909511,246.53165349551276
2026,3,1,12,850.0,19.0,72.5,1484.4319607103344,293.550537109375,0.0021965226624161005,2.9976773871164935,237.67287078165495
2026,3,1,12,850.0,19.0,72.75,1485.7958311451923,293.411865234375,0.002862187335267663,3.904557664693537,241.72052854062568
2026,3,1,12,850.0,19.0,73.0,1487.1851944853747,293.468505859375,0.0038439950440078974,5.240805047884751,247.45786710317637
2026,3,1,12,850.0,18.75,72.5,1484.9035794588367,293.575927734375,0.002534123370423913,3.4577053595170417,239.6421055046289
2026,3,1,12,850.0,18.75,72.75,1486.165478272397,293.546630859375,0.003174992511048913,4.330460521632329,243.4453865904669
2026,3,1,12,850.0,18.75,73.0,1487.5803345179038,293.597412109375,0.004155369475483894,5.664255690893865,249.17160223356882
2026,3,1,18,1000.0,19.25,72.5,103.54182493512056,297.4407653808594,0.012738607823848724,20.32274895489965,346.5744217385625
2026,3,1,18,1000.0,19.25,72.75,103.75851463037837,296.9720153808594,0.013542555272579193,21.59487022037325,352.637220125613
2026,3,1,18,1000.0,19.25,73.0,104.191894020894,296.6224060058594,0.01342620700597763,21.41084356913091,352.3804693937717
2026,3,1,18,1000.0,19.0,72.5,103.59281074576946,297.5364685058594,0.012645147740840912,20.174782933992752,345.81196061793423
2026,3,1,18,1000.0,19.0,72.75,103.65654300908058,297.3587341308594,0.012943170964717865,20.646555159270093,348.0596163420878
2026,3,1,18,1000.0,19.0,73.0,103.97520432563618,296.9602966308594,0.013064287602901459,20.838234939586734,349.4543817847189
2026,3,1,18,1000.0,18.75,72.5,103.75851463037837,297.6477966308594,0.012526892125606537,19.987536715192512,344.86249071932605
2026,3,1,18,1000.0,18.75,72.75,103.43985331382277,297.6243591308594,0.012701891362667084,20.26462143587318,346.0630433796666
2026,3,1,18,1000.0,18.75,73.0,103.73302172505393,297.0774841308594,0.0129331573843956,20.630706365334692,348.4046823530491
2026,3,1,18,925.0,19.25,72.5,781.575333287871,294.6197509765625,0.005105990916490555,7.5698253153352795,276.1650953957501
2026,3,1,18,925.0,19.25,72.75,781.9322339624133,294.8131103515625,0.005362529307603836,7.948917791618491,277.5895441884974
2026,3,1,18,925.0,19.25,73.0,781.9067410570889,294.1588134765625,0.007452506572008133,11.032939332983922,291.577241981645
2026,3,1,18,925.0,19.0,72.5,781.6773049091688,294.6099853515625,0.005126971751451492,7.600833585466762,276.3085853459116
2026,3,1,18,925.0,19.0,72.75,781.7282907198177,294.7427978515625,0.005396861582994461,7.999642418511301,277.88169621454966
2026,3,1,18,925.0,19.0,73.0,781.6518120038444,294.3033447265625,0.0073666758835315704,10.906439041981736,290.865938784846
2026,3,1,18,925.0,18.75,72.5,781.8175158884533,294.6920166015625,0.005000133067369461,7.413362474841046,275.41737636702214
2026,3,1,18,925.0,18.75,72.75,781.5370939298843,294.9068603515625,0.0053301043808460236,7.901009262282278,277.28498659994807
2026,3,1,18,925.0,18.75,73.0,781.4733616665733,294.4361572265625,0.0075726695358753204,11.21001767148339,292.0197243702638
2026,3,1,18,850.0,19.25,72.5,1510.7717084835292,293.12957763671875,0.003137298161163926,4.279145986023069,243.59570261906816
2026,3,1,18,850.0,19.25,72.75,1511.842410507156,293.27020263671875,0.004211612045764923,5.740725185730362,249.8086225580524
2026,3,1,18,850.0,19.25,73.0,1512.4924795929294,293.37762451171875,0.0055443719029426575,7.551270693637569,257.5543300553202
2026,3,1,18,850.0,19.0,72.5,1511.2560736846935,293.21160888671875,0.003663726383820176,4.99557734448042,246.6306437545347
2026,3,1,18,850.0,19.0,72.75,1512.2248040870227,293.35418701171875,0.004833884537220001,6.586442209648475,253.39561511592328
2026,3,1,18,850.0,19.0,73.0,1512.9131125307829,293.41278076171875,0.005984969437122345,8.149176830355183,260.1100509048271
2026,3,1,18,850.0,18.75,72.5,1511.8551569598183,293.25653076171875,0.004185862839221954,5.7057162519140014,249.66958746269816
2026,3,1,18,850.0,18.75,72.75,1512.696422835525,293.39129638671875,0.005367942154407501,7.311759919330048,256.5029417064245
2026,3,1,18,850.0,18.75,73.0,1513.3719848266228,293.41473388671875,0.006325431168079376,8.610976745474842,262.1088621776993
2026,3,5,0,1000.0,19.25,72.5,94.89295847715582,300.1455383300781,0.014512825757265091,23.128530787381067,354.3032159381527
2026,3,5,0,1000.0,19.25,72.75,94.12817131742237,300.1806945800781,0.011234093457460403,17.938772807193185,332.76772995907606
2026,3,5,0,1000.0,19.25,73.0,92.9300047671733,300.1689758300781,0.008484173566102982,13.57018287888552,314.6986208476941
2026,3,5,0,1000.0,19.0,72.5,93.89873516950233,300.1963195800781,0.014875698834657669,23.701646528336582,356.59922627159455
2026,3,5,0,1000.0,19.0,72.75,92.75155442990216,300.4717102050781,0.011801052838563919,18.837655726820064,336.0872670983769
2026,3,5,0,1000.0,19.0,73.0,91.43866980569308,301.0400695800781,0.008920002728700638,14.263520172366826,316.47959548427445
2026,3,5,0,1000.0,18.75,72.5,93.13394800976889,300.2549133300781,0.015259075909852982,24.306873868159922,359.0145704262806
2026,3,5,0,1000.0,18.75,72.75,91.68085240627533,300.6904602050781,0.012105274945497513,19.31972965246966,337.7749527240746
2026,3,5,0,1000.0,18.75,73.0,90.67388264595964,301.9853820800781,0.009680081158876419,15.471814623235101,320.2477958736102
2026,3,5,0,925.0,19.25,72.5,785.8796510212459,300.1634521484375,0.00621197372674942,9.203320162781816,277.2374952283817
2026,3,5,0,925.0,19.25,72.75,785.2805677461213,300.5462646484375,0.0060455575585365295,8.957669596701646,275.8215155949796
2026,3,5,0,925.0,19.25,73.0,785.038385145539,300.7376708984375,0.005560137331485748,8.240847234750612,272.66616583074
2026,3,5,0,925.0,19.0,72.5,784.8216954502813,300.3782958984375,0.0062439218163490295,9.250473776981346,277.20690429986905
2026,3,5,0,925.0,19.0,72.75,784.0951476485344,300.5814208984375,0.005829550325870514,8.638742728161564,274.4682632787684
2026,3,5,0,925.0,19.0,73.0,783.7637398793166,300.8568115234375,0.005371309816837311,7.96189085976854,271.39519185456766
2026,3,5,0,925.0,18.75,72.5,783.8274721426277,300.4544677734375,0.0061905160546302795,9.171648800859533,276.8012353781072
2026,3,5,0,925.0,18.75,72.75,783.2411353201654,300.6986083984375,0.005766130983829498,8.545090517702649,273.96106959768093
2026,3,5,0,925.0,18.75,73.0,782.7185307610142,300.9232177734375,0.005529619753360748,8.195767699052757,272.29141419126245
2026,3,5,0,850.0,19.25,72.5,1524.034790805219,293.94842529296875,0.00551682710647583,7.5138808506077215,256.82937196795166
2026,3,5,0,850.0,19.25,72.75,1523.9200727312589,294.06951904296875,0.005325138568878174,7.25364454210765,255.5877868326831
2026,3,5,0,850.0,19.25,73.0,1523.690636583339,294.19647216796875,0.004654228687286377,6.342341339140608,251.53667430338157
2026,3,5,0,850.0,19.0,72.5,1523.231764287499,294.07342529296875,0.005513012409210205,7.5087026079120225,256.6840867683567
2026,3,5,0,850.0,19.0,72.75,1522.9640887815922,294.25115966796875,0.005240738391876221,7.139043719974383,254.91701482687085
2026,3,5,0,850.0,19.0,73.0,1522.7728919916588,294.41131591796875,0.004719078540802002,6.430459855673979,251.71238549222466
2026,3,5,0,850.0,18.75,72.5,1522.556202296401,294.20233154296875,0.005586445331573486,7.608379576744385,256.9869830319176
2026,3,5,0,850.0,18.75,72.75,1522.275780337832,294.36248779296875,0.005322277545928955,7.24975996035654,255.28557924166483
2026,3,5,0,850.0,18.75,73.0,1522.0845835478988,294.54412841796875,0.005031406879425049,6.854757199509326,253.41063924925896
2026,3,5,6,1000.0,19.25,72.5,119.67365575910225,301.7596435546875,0.010558150708675385,16.86629844466903,326.2468948792612
2026,3,5,6,1000.0,19.25,72.75,117.14985813198187,304.8240966796875,0.008799098432064056,14.071216611727369,311.0591888594813
2026,3,5,6,1000.0,19.25,73.0,115.90070577108392,306.9530029296875,0.007267020642757416,11.631942870886258,298.85612484539286
2026,3,5,6,1000.0,19.0,72.5,118.32253177690649,301.5780029296875,0.010909102857112885,17.423240626692568,328.7691544654071
2026,3,5,6,1000.0,19.0,72.75,116.46154968822178,303.6834716796875,0.009588740766048431,15.326669738043096,317.5181735507966
2026,3,5,6,1000.0,19.0,73.0,114.97021472674156,306.0936279296875,0.007863543927669525,12.582225520677847,303.6079729940561
2026,3,5,6,1000.0,18.75,72.5,117.35380137457746,301.1541748046875,0.011449359357357025,18.28013749363709,332.85674360880097
2026,3,5,6,1000.0,18.75,72.75,115.8369735077728,302.5506591796875,0.009909175336360931,15.835787347347855,321.0145787446829
2026,3,5,6,1000.0,18.75,73.0,113.28768297532797,305.5819091796875,0.007819198071956635,12.511604601041533,303.9183177881485
2026,3,5,6,925.0,19.25,72.5,810.7060562857857,299.8553466796875,0.006090663373470306,9.024256172647219,276.81871324829797
2026,3,5,6,925.0,19.25,72.75,810.3491556112434,299.8514404296875,0.006471656262874603,9.586544394169389,279.15548915370033
2026,3,5,6,925.0,19.25,73.0,810.1961981792967,299.9822998046875,0.006475470960140228,9.592173002364953,279.0397039644043
2026,3,5,6,925.0,19.0,72.5,809.7755652414434,300.1014404296875,0.005749247968196869,8.520157924984865,274.4732429496334
2026,3,5,6,925.0,19.0,72.75,809.0872567976833,300.3397216796875,0.005277656018733978,7.82351169064723,271.34682585273185
2026,3,5,6,925.0,19.0,73.0,809.1254961556699,300.1014404296875,0.005714438855648041,8.468750722955942,274.2603326658611
2026,3,5,6,925.0,18.75,72.5,808.7431025758032,300.3123779296875,0.005300544202327728,7.857331820360857,271.5143523074712
2026,3,5,6,925.0,18.75,72.75,808.1440193006787,300.6170654296875,0.004888556897640228,7.248425962641056,268.6930313547003
2026,3,5,6,925.0,18.75,73.0,808.220498016652,300.3572998046875,0.005621455609798431,8.331419486567905,273.4290428388438
2026,3,5,6,850.0,19.25,72.5,1548.1064666578293,293.5666198730469,0.005539413541555405,7.544540209424686,257.3383347256475
2026,3,5,6,850.0,19.25,72.75,1547.8770305099092,293.7404479980469,0.0050239525735378265,6.84463241229547,254.14106226561682
2026,3,5,6,850.0,19.25,73.0,1547.5328762880292,293.8986511230469,0.004269596189260483,5.81955712988781,249.5617502239708
2026,3,5,6,850.0,19.0,72.5,1547.4818904773801,293.7502136230469,0.005478378385305405,7.461687721686098,256.79895851893156
2026,3,5,6,850.0,19.0,72.75,1547.074003992189,293.9103698730469,0.0050315819680690765,6.8549950120027905,254.02178122831094
2026,3,5,6,850.0,19.0,73.0,1546.7553426756335,294.0959167480469,0.004279609769582748,5.833170463146759,249.43621860575476
2026,3,5,6,850.0,18.75,72.5,1546.9337930129045,294.0763854980469,0.005152221769094467,7.0188408867394525,254.56835922868464
2026,3,5,6,850.0,18.75,72.75,1546.4749207170646,294.1232604980469,0.004760261625051498,6.486416175126692,252.22730045343695
2026,3,5,6,850.0,18.75,73.0,1546.270977474469,294.2013854980469,0.0043601952493190765,5.942719367184314,249.80987580837817
2026,3,5,12,1000.0,19.25,72.5,83.82784258640821,301.8922119140625,0.010793793946504593,17.240277622033137,327.603873900761
2026,3,5,12,1000.0,19.25,72.75,80.65397587351441,303.6070556640625,0.011429894715547562,18.24927447185986,329.4401687199934
2026,3,5,12,1000.0,19.25,73.0,75.52990190330031,306.9957275390625,0.009498704224824905,15.183581064607237,312.864485809011
2026,3,5,12,1000.0,19.0,72.5,82.33650762492799,301.7086181640625,0.011529076844453812,18.40652950747611,332.6250631483631
2026,3,5,12,1000.0,19.0,72.75,79.0606692907364,302.6715087890625,0.012398350983858109,19.783974071538577,336.9361115709103
2026,3,5,12,1000.0,19.0,73.0,74.90532572285133,305.7320556640625,0.010605443269014359,16.941362955189394,321.4214633120067
2026,3,5,12,1000.0,18.75,72.5,81.10010171669225,301.4722900390625,0.012315858155488968,19.653318659483478,338.061885371025
2026,3,5,12,1000.0,18.75,72.75,77.81151692983843,301.6929931640625,0.013169873505830765,21.00531286395084,343.2961684837365
2026,3,5,12,1000.0,18.75,73.0,75.00729734414912,304.4879150390625,0.011479008942842484,18.327148308833234,328.5874099405406
2026,3,5,12,925.0,19.25,72.5,777.7274978904621,301.023681640625,0.00526900589466095,7.810729815397847,270.6043433069351
2026,3,5,12,925.0,19.25,72.75,775.4331364112618,301.060791015625,0.006667092442512512,9.874878178487306,279.06159442906886
2026,3,5,12,925.0,19.25,73.0,772.9730710474525,301.601806640625,0.007210686802864075,10.676503203545922,281.77534037726156
2026,3,5,12,925.0,19.0,72.5,776.6695423194975,301.248291015625,0.0054749995470047,8.115080414304641,271.62956020481806
2026,3,5,12,925.0,19.0,72.75,774.2477163136749,301.375244140625,0.00657220184803009,9.734891308557412,278.15318103262626
2026,3,5,12,925.0,19.0,73.0,772.0808193610968,301.623291015625,0.007004216313362122,10.372088445572968,280.5040648161437
2026,3,5,12,925.0,18.75,72.5,775.6753190118441,301.470947265625,0.005442574620246887,8.06717841219568,271.2077330019298
2026,3,5,12,925.0,18.75,72.75,773.3299717219949,301.584228515625,0.0062531977891922,9.264164258442209,276.0022896405669
2026,3,5,12,925.0,18.75,73.0,771.2522999380523,301.457275390625,0.006763890385627747,10.017662287755275,279.22724097231225
2026,3,5,12,850.0,19.25,72.5,1517.6986088521564,294.8633117675781,0.005705635994672775,7.770148680952755,257.0315803896225
2026,3,5,12,850.0,19.25,72.75,1516.2582597013252,295.0937805175781,0.006571095436811447,8.944075825115538,261.8332246859602
2026,3,5,12,850.0,19.25,73.0,1515.0983325090629,295.4707336425781,0.006592076271772385,8.972519395230984,261.5718960733154
2026,3,5,12,850.0,19.0,72.5,1516.984807503072,294.9941711425781,0.00543622300028801,7.404460100069356,255.3353317096088
2026,3,5,12,850.0,19.0,72.75,1515.5444583522406,295.2480773925781,0.006158154457807541,8.38410757429356,259.2803173582232
2026,3,5,12,850.0,19.0,73.0,1514.2825595386805,295.5801086425781,0.006166260689496994,8.395102716955622,258.99575034195243
2026,3,5,12,850.0,18.75,72.5,1516.309245511974,295.1699523925781,0.004561226814985275,6.215957537757423,250.07617790100198
2026,3,5,12,850.0,18.75,72.75,1514.715938929196,295.3769836425781,0.0054195336997509,7.381802899369393,254.86647069651673
2026,3,5,12,850.0,18.75,73.0,1513.1226323464182,295.6035461425781,0.005885403603315353,8.014090443020491,257.34596951760057
2026,3,5,18,1000.0,19.25,72.5,100.05606845864797,301.6344299316406,0.011694349348545074,18.66853019594462,333.79954056093925
2026,3,5,18,1000.0,19.25,72.75,99.48247808884788,302.0152893066406,0.00991145521402359,15.839408990251313,321.7130278474423
2026,3,5,18,1000.0,19.25,73.0,99.48247808884788,302.4059143066406,0.008359350264072418,13.371540850985346,311.1480587905973
2026,3,5,18,1000.0,19.0,72.5,99.80113940540348,301.5816955566406,0.012416757643222809,19.813125494147453,338.56537736780547
2026,3,5,18,1000.0,19.0,72.75,99.10008450898115,302.2789611816406,0.010360635817050934,16.552749114198065,324.28794206308294
2026,3,5,18,1000.0,19.0,73.0,99.07459160365671,302.7027893066406,0.008719362318515778,13.944377460623995,313.12134724694073
2026,3,5,18,1000.0,18.75,72.5,100.13254717462131,301.5504455566406,0.012886442244052887,20.55676638229666,341.65925206569227
2026,3,5,18,1000.0,18.75,72.75,99.06184515099449,302.4195861816406,0.010811246931552887,17.267972266157745,327.02270282712067
2026,3,5,18,1000.0,18.75,73.0,98.71769092911444,303.0211486816406,0.009107507765293121,14.561699527488152,315.2404967528536
2026,3,5,18,925.0,19.25,72.5,793.4168376019079,300.90704345703125,0.004089750349521637,6.066945380923597,263.53818924541247
2026,3,5,18,925.0,19.25,72.75,793.1109227380146,301.12188720703125,0.004439271986484528,6.5840486476372435,265.4595079795148
2026,3,5,18,925.0,19.25,73.0,792.8050078741212,300.81915283203125,0.005885995924472809,8.722090666036285,274.5667455001554
2026,3,5,18,925.0,19.0,72.5,792.906979495419,300.96954345703125,0.004120267927646637,6.112103646823694,263.66422540726506
2026,3,5,18,925.0,19.0,72.75,792.6647968948367,300.97540283203125,0.004583276808261871,6.797034294141973,266.47889019589553
2026,3,5,18,925.0,19.0,73.0,792.3461355782811,300.71954345703125,0.006015218794345856,8.912880544259863,275.4565431635393
2026,3,5,18,925.0,18.75,72.5,792.7795149687968,300.85235595703125,0.004355825483798981,6.460612798084224,265.2129389689111
2026,3,5,18,925.0,18.75,72.75,792.4736001049033,300.89337158203125,0.004696764051914215,6.964857718859051,267.2505822213756
2026,3,5,18,925.0,18.75,73.0,791.6960664925077,300.70977783203125,0.006050027906894684,8.964269023289207,275.67865507704903
2026,3,5,18,850.0,19.25,72.5,1533.5468311044037,295.24151611328125,0.006297759711742401,8.573450482713305,260.0970968556845
2026,3,5,18,850.0,19.25,72.75,1533.4958452937549,295.22393798828125,0.006594829261302948,8.976251550122237,261.83860542299124
2026,3,5,18,850.0,19.25,73.0,1533.2919020511592,295.20245361328125,0.006542854011058807,8.90578798248321,261.5588560898365
2026,3,5,18,850.0,19.0,72.5,1533.164437524537,295.32159423828125,0.006319694221019745,8.603196767384532,260.1438436797947
2026,3,5,18,850.0,19.0,72.75,1533.0114800925903,295.19854736328125,0.006614379584789276,9.002755047357349,261.97787566326787
2026,3,5,18,850.0,19.0,73.0,1532.6290865127237,295.10284423828125,0.006536655128002167,8.89738377481506,261.6240176767816
2026,3,5,18,850.0,18.75,72.5,1533.0369729979147,295.27471923828125,0.006327800452709198,8.614189759619766,260.23801334753693
2026,3,5,18,850.0,18.75,72.75,1532.6035936073993,295.10675048828125,0.006585769355297089,8.963969228950614,261.9052373221482
2026,3,5,18,850.0,18.75,73.0,1531.8642993529902,295.08526611328125,0.0065051838755607605,8.854715286029473,261.4590959965838
2026,3,15,0,1000.0,19.25,72.5,93.5841567010651,299.2718200683594,0.01669451594352722,26.570485811419537,369.9524829263524
2026,3,15,0,1000.0,19.25,72.75,93.78809994366068,298.5296325683594,0.0165843665599823,26.396924643537016,370.4216117715596
2026,3,15,0,1000.0,19.25,73.0,94.04302899690516,297.6351013183594,0.015939682722091675,25.380641923829906,367.5888184033234
2026,3,15,0,1000.0,19.0,72.5,94.0047896389185,299.3362731933594,0.016661614179611206,26.518645274524168,369.6331992138262
2026,3,15,0,1000.0,19.0,72.75,93.83908575430958,298.8694763183594,0.017074555158615112,27.169132852857146,373.09955324734403
2026,3,15,0,1000.0,19.0,73.0,93.87732511229625,298.1643981933594,0.016353577375411987,26.033198067615974,369.484793298513
2026,3,15,0,1000.0,18.75,72.5,94.28521159748742,299.4319763183594,0.016470402479171753,26.217328484390023,368.2262535308153
2026,3,15,0,1000.0,18.75,72.75,93.69887477502512,299.1585388183594,0.016840428113937378,26.80036259295906,371.0925677684586
2026,3,15,0,1000.0,18.75,73.0,93.78809994366068,298.7503356933594,0.014876335859298706,23.7026524142572,358.80652993635795
2026,3,15,0,925.0,19.25,72.5,778.5192716804414,298.405517578125,0.004875976592302322,7.229827835580418,270.82983702572056
2026,3,15,0,925.0,19.25,72.75,777.983920668628,298.249267578125,0.004926998168230057,7.305253957987374,271.3038765000001
2026,3,15,0,925.0,19.25,73.0,777.6397664467479,297.932861328125,0.00584300234913826,8.65860659032816,277.3115661360055
2026,3,15,0,925.0,19.0,72.5,778.7359613756992,298.448486328125,0.004975158721208572,7.376446299786244,271.4004714431345
2026,3,15,0,925.0,19.0,72.75,778.098638742588,298.124267578125,0.005136806517839432,7.6153684407362565,272.73195651815905
2026,3,15,0,925.0,19.0,73.0,777.8946954999924,297.880126953125,0.005827266722917557,8.635370625270616,277.26942594587604
2026,3,15,0,925.0,18.75,72.5,778.8124400916726,298.380126953125,0.004938919097185135,7.322876211701983,271.2452928721014
2026,3,15,0,925.0,18.75,72.75,778.1751174585613,298.200439453125,0.005188304930925369,7.691475400389075,272.973368094666
2026,3,15,0,925.0,18.75,73.0,778.0094135739524,297.979736328125,0.00554545596241951,8.21916062022977,275.4161807349324
2026,3,15,0,850.0,19.25,72.5,1514.2841528452632,294.4632568359375,0.003423563903197646,4.6687900371765085,244.08481690513435
2026,3,15,0,850.0,19.25,72.75,1513.9399986233832,294.5745849609375,0.0033363027032464743,4.550030790850735,243.47449463217316
2026,3,15,0,850.0,19.25,73.0,1513.5321121381921,294.7034912109375,0.0032080335076898336,4.375438367431825,242.6096137034272
2026,3,15,0,850.0,19.0,72.5,1514.730278688441,294.4613037109375,0.0037730855401605368,5.1443500027175855,246.13234311805547
2026,3,15,0,850.0,19.0,72.75,1514.271406392601,294.5784912109375,0.0036500615533441305,4.976986264618747,245.30623183928208
2026,3,15,0,850.0,19.0,73.0,1514.0674631500056,294.6468505859375,0.0035971326287835836,4.904973252731571,244.93496049716785
2026,3,15,0,850.0,18.75,72.5,1515.1891509842812,294.4769287109375,0.004027716815471649,5.490675027247058,247.6077794148346
2026,3,15,0,850.0,18.75,72.75,1514.66654642513,294.5648193359375,0.004051558673381805,5.52309696004535,247.6662301992114
2026,3,15,0,850.0,18.75,73.0,1514.4753496351966,294.5706787109375,0.0040444061160087585,5.513370478614582,247.61902103037932
2026,3,15,6,1000.0,19.25,72.5,119.6979038936589,298.761474609375,0.016299791634082794,25.948416565933847,368.17423256475684
2026,3,15,6,1000.0,19.25,72.75,118.01537214224533,300.720458984375,0.013725347816944122,21.883938859736773,348.3096702122502
2026,3,15,6,1000.0,19.25,73.0,116.02692552693836,302.741943359375,0.012377806007862091,19.75143533991429,336.7065616528781
2026,3,15,6,1000.0,19.0,72.5,120.14402973683674,298.659912109375,0.016751356422901154,26.660039729913468,371.3121301889445
2026,3,15,6,1000.0,19.0,72.75,119.02234190256102,299.573974609375,0.015861578285694122,25.25746414652367,364.01061274854186
2026,3,15,6,1000.0,19.0,73.0,116.80445913933403,301.849365234375,0.013646669685840607,21.759524851499403,346.1613590847396
2026,3,15,6,1000.0,18.75,72.5,120.69212720131239,298.738037109375,0.016741342842578888,26.644263471453133,371.11994092671875
2026,3,15,6,1000.0,18.75,72.75,119.78712906229447,298.904052734375,0.016227789223194122,25.83491186264653,367.4730432342914
2026,3,15,6,1000.0,18.75,73.0,117.13586690855186,301.474365234375,0.012988157570362091,20.717754448159923,342.42745464492486
2026,3,15,6,925.0,19.25,72.5,803.6717073044822,298.3180847167969,0.0037244854029268026,5.526316307069815,263.77814908646815
2026,3,15,6,925.0,19.25,72.75,803.7354395677934,298.1481628417969,0.0041679441928863525,6.182649068337053,266.6957208768997
2026,3,15,6,925.0,19.25,73.0,803.1745956506554,297.0505065917969,0.00761452317237854,11.271689303151874,289.2895938352531
2026,3,15,6,925.0,19.0,72.5,804.3217763902556,298.2848815917969,0.0039543211460113525,5.866524389314816,265.2363243543696
2026,3,15,6,925.0,19.0,72.75,803.9903686210378,298.6735534667969,0.003970056772232056,5.8898131525952655,264.9565803962435
2026,3,15,6,925.0,19.0,73.0,803.7354395677934,297.4137878417969,0.007015615701675415,10.388897393306097,285.1555195690038
2026,3,15,6,925.0,18.75,72.5,804.9718454760291,298.3415222167969,0.004138380289077759,6.138904552144646,266.32275053296263
2026,3,15,6,925.0,18.75,72.75,804.4619873695401,298.7184753417969,0.004146486520767212,6.1508991722789,266.00439338239204
2026,3,15,6,925.0,18.75,73.0,804.6659306121356,297.3630065917969,0.007316499948501587,10.832481896847407,287.0828603214969
2026,3,15,6,850.0,19.25,72.5,1538.359015311039,293.78485107421875,0.002763955155387521,3.770775353818862,240.81403158796908
2026,3,15,6,850.0,19.25,72.75,1538.3845082163634,293.86883544921875,0.002719132462516427,3.7097260734833406,240.47687068331982
2026,3,15,6,850.0,19.25,73.0,1537.912889467861,293.97821044921875,0.002585141221061349,3.5272078922291783,239.5936985404758
2026,3,15,6,850.0,19.0,72.5,1538.9580985861635,293.76531982421875,0.0028688593301922083,3.9136436698551655,241.44863544305662
2026,3,15,6,850.0,19.0,72.75,1538.8306340595414,293.89422607421875,0.002837864914909005,3.871434469179394,241.15303855485476
2026,3,15,6,850.0,19.0,73.0,1538.6139443642835,294.01141357421875,0.00279590324498713,3.814287175877416,240.8036680021361
2026,3,15,6,850.0,18.75,72.5,1539.6973928405725,293.76141357421875,0.0030595941934734583,4.173357661229088,242.57464423392926
2026,3,15,6,850.0,18.75,72.75,1539.4042244293414,293.90789794921875,0.0030638857278972864,4.179200534737821,242.46998817004823
2026,3,15,6,850.0,18.75,73.0,1539.4169708820036,293.97821044921875,0.0031253977213054895,4.262945045641614,242.76911897888476
2026,3,15,12,1000.0,19.25,72.5,85.28116224863996,299.06646728515625,0.015826556831598282,25.202228377351748,364.5764192496292
2026,3,15,12,1000.0,19.25,72.75,84.41440346760872,300.18560791015625,0.01449713483452797,23.10374315179869,354.1405377570417
2026,3,15,12,1000.0,19.25,73.0,81.7121555032172,302.63677978515625,0.012684676796197891,20.237367377266523,338.8304840562821
2026,3,15,12,1000.0,19.0,72.5,85.88024552376449,299.25006103515625,0.015331123024225235,24.420581570357314,361.03255603465914
2026,3,15,12,1000.0,19.0,72.75,85.0899654587066,299.56256103515625,0.015362594276666641,24.47024769216417,360.75637144397115
2026,3,15,12,1000.0,19.0,73.0,82.93581495879073,301.38287353515625,0.014300201088190079,22.792598462962257,351.0775700595026
2026,3,15,12,1000.0,18.75,72.5,86.50482170421347,299.50396728515625,0.015004966408014297,23.905749087415746,358.4995618804565
2026,3,15,12,1000.0,18.75,72.75,85.52334484922221,299.34771728515625,0.015230033546686172,24.261035232904856,360.2174880567364
2026,3,15,12,1000.0,18.75,73.0,83.9300382664442,300.73834228515625,0.014258716255426407,22.727045251400693,351.76066239146917
2026,3,15,12,925.0,19.25,72.5,770.8387372981599,298.5524597167969,0.0037791570648550987,5.607251136515448,263.89159454674206
2026,3,15,12,925.0,19.25,72.75,770.7495121295244,298.8278503417969,0.004300340078771114,6.3785306899054985,266.8484466871317
2026,3,15,12,925.0,19.25,73.0,770.2651469283599,298.4704284667969,0.00726292934268713,10.75351619819253,285.5181462148302
2026,3,15,12,925.0,19.0,72.5,771.3103560466623,298.4313659667969,0.0037700971588492393,5.593839404684741,263.95202826808645
2026,3,15,12,925.0,19.0,72.75,771.0171876354311,298.9762878417969,0.0036556562408804893,5.424415368505051,262.72133511430957
2026,3,15,12,925.0,19.0,73.0,770.6347940555644,298.4040222167969,0.007075055502355099,10.476540488466986,284.43148474398396
2026,3,15,12,925.0,18.75,72.5,771.7564818898401,298.4274597167969,0.00373814906924963,5.546544227011384,263.7577064921348
2026,3,15,12,925.0,18.75,72.75,771.3868347626357,299.0661315917969,0.0035950979217886925,5.334752302155579,262.2616839339714
2026,3,15,12,925.0,18.75,73.0,771.1701450673778,298.3122253417969,0.007071240805089474,10.470915963853255,284.50894370283186
2026,3,15,12,850.0,19.25,72.5,1505.7750990399372,294.262451171875,0.002575252205133438,3.513736244714972,239.28954307715767
2026,3,15,12,850.0,19.25,72.75,1506.2339713357774,294.270263671875,0.0025204159319400787,3.439030736878,238.96100126688052
2026,3,15,12,850.0,19.25,73.0,1506.3741823150617,294.291748046875,0.0031569935381412506,4.305958231360387,242.67614067130955
2026,3,15,12,850.0,19.0,72.5,1506.3104500517506,294.408935546875,0.002773139625787735,3.7832843509427154,240.32291674480985
2026,3,15,12,850.0,19.0,72.75,1506.552632652333,294.365966796875,0.0027664639055728912,3.7741922166957687,240.32123559102894
2026,3,15,12,850.0,19.0,73.0,1506.8712939688885,294.377685546875,0.0031288601458072662,4.267658721833296,242.43503291615104
2026,3,15,12,850.0,18.75,72.5,1506.9095333268751,294.393310546875,0.0030373074114322662,4.143013981100949,241.88474360310428
2026,3,15,12,850.0,18.75,72.75,1506.9222797795373,294.414794921875,0.003070209175348282,4.187809778436708,242.05855584618755
2026,3,15,12,850.0,18.75,73.0,1507.4576307913508,294.391357421875,0.0033024288713932037,4.503926379105828,243.4397851952102
2026,3,15,18,1000.0,19.25,72.5,100.41867018330674,298.95050048828125,0.016686640679836273,26.558077608865393,370.41739461011593
2026,3,15,18,1000.0,19.25,72.75,101.15796443771573,298.50128173828125,0.017319880425930023,27.555429862245862,375.31698255857384
2026,3,15,18,1000.0,19.25,73.0,101.89725869212474,298.20245361328125,0.01685401052236557,26.821758894305955,372.731369604601
2026,3,15,18,1000.0,19.0,72.5,101.19620379570242,298.96807861328125,0.016489706933498383,26.24775213447281,369.09407840347575
2026,3,15,18,1000.0,19.0,72.75,101.66782254420471,298.87628173828125,0.01652737706899643,26.307117901274328,369.4889864833667
2026,3,15,18,1000.0,19.0,73.0,101.91000514478696,298.50714111328125,0.016236506402492523,25.84865415987182,368.1627856224708
2026,3,15,18,1000.0,18.75,72.5,102.0884554820581,299.07550048828125,0.016473017632961273,26.221449985128313,368.8124960226347
2026,3,15,18,1000.0,18.75,72.75,102.05021612407143,299.10675048828125,0.016412459313869476,26.12600632138786,368.36461317903746
2026,3,15,18,1000.0,18.75,73.0,102.10120193472032,298.60479736328125,0.01596613973379135,25.422364404034916,366.223723256696
2026,3,15,18,925.0,19.25,72.5,786.6149620091979,298.9222106933594,0.004423169419169426,6.560230358258922,267.5142875302065
2026,3,15,18,925.0,19.25,72.75,786.5002439352379,299.1038513183594,0.0036282821092754602,5.383885855364699,262.43065834805225
2026,3,15,18,925.0,19.25,73.0,786.0286251867356,298.5745544433594,0.00429251603782177,6.36695578260027,267.04901902021066
2026,3,15,18,925.0,19.0,72.5,787.4307349795803,298.9593200683594,0.004370717331767082,6.482642053063116,267.1538795262786
2026,3,15,18,925.0,19.0,72.75,787.0865807577002,299.0101013183594,0.0034470839891582727,5.115574129263259,261.4006015898971
2026,3,15,18,925.0,19.0,73.0,786.5512297458868,298.5296325683594,0.004565266892313957,6.770399347836064,268.7817740179716
2026,3,15,18,925.0,18.75,72.5,788.1955221393137,298.8987731933594,0.004334477707743645,6.4290327058862955,266.98965622834896
2026,3,15,18,925.0,18.75,72.75,787.6601711275002,299.0315856933594,0.003448037663474679,5.116986450604698,261.3861789049521
2026,3,15,18,925.0,18.75,73.0,787.0610878523757,298.6018981933594,0.004244355484843254,6.295704512642889,266.7240567154073
2026,3,15,18,850.0,19.25,72.5,1522.1742070431799,293.69500732421875,0.003991960547864437,5.442049236579951,248.1197730071364
2026,3,15,18,850.0,19.25,72.75,1522.008503158571,293.75750732421875,0.0039132824167609215,5.335045569324085,247.5994581118692
2026,3,15,18,850.0,19.25,73.0,1521.103505019553,293.89813232421875,0.003486512927338481,4.754453512835538,244.96277308015766
2026,3,15,18,850.0,19.0,72.5,1522.9007548449267,293.86492919921875,0.003147004870697856,4.292360267454175,242.99685180643502
2026,3,15,18,850.0,19.0,72.75,1522.4673754544112,293.95281982421875,0.0030850160401314497,4.207968762034778,242.55436083652475
2026,3,15,18,850.0,19.0,73.0,1521.7663205579888,294.15985107421875,0.0028904664795845747,3.9430680481854155,241.22898209366733
2026,3,15,18,850.0,18.75,72.5,1523.6018097413491,293.97625732421875,0.0028866517823189497,3.9378732914886783,241.36783512773837
2026,3,15,18,850.0,18.75,72.75,1522.9389942029134,294.06414794921875,0.0028480279725044966,3.885275025771877,241.06373628718777
2026,3,15,18,850.0,18.75,73.0,1522.4546290017488,294.27703857421875,0.002974866656586528,4.057995889645182,241.6211719227603
2026,3,25,0,1000.0,19.25,72.5,84.02304753821387,299.7761535644531,0.0181269571185112,28.8254746948349,378.50387397570717
2026,3,25,0,1000.0,19.25,72.75,84.22699078080946,298.8230285644531,0.018318645656108856,29.12694157887026,381.35325650323443
2026,3,25,0,1000.0,19.25,73.0,83.81910429561829,297.8210754394531,0.016917698085308075,26.922080936463022,373.77481491936965
2026,3,25,0,1000.0,19.0,72.5,84.41818757074282,299.7624816894531,0.017916671931743622,28.49468110490445,377.15346518286816
2026,3,25,0,1000.0,19.0,72.75,84.12501915951167,299.2195129394531,0.018605701625347137,29.578262110299317,382.56717962994384
2026,3,25,0,1000.0,19.0,73.0,83.72987912698271,298.2546691894531,0.017476074397563934,27.801318500654503,376.7538053866034
2026,3,25,0,1000.0,18.75,72.5,84.87705986658288,299.7722473144531,0.017904751002788544,28.475926128772926,377.05947849307245
2026,3,25,0,1000.0,18.75,72.75,84.17600497016056,299.4382629394531,0.01838492602109909,29.231163967194757,380.75381483112915
2026,3,25,0,1000.0,18.75,73.0,84.0357939908761,298.5945129394531,0.016780845820903778,26.70649876792411,371.6122431506758
2026,3,25,0,925.0,19.25,72.5,771.090280574916,297.88677978515625,0.008514873683452606,12.597606464150898,293.9175017841576
2026,3,25,0,925.0,19.25,72.75,770.516690205116,297.81451416015625,0.00821780413389206,12.16028131454822,292.16250553452045
2026,3,25,0,925.0,19.25,73.0,769.5861991607736,297.83795166015625,0.007595054805278778,11.24300291394326,288.27848809754266
2026,3,25,0,925.0,19.0,72.5,771.1540128382271,297.95123291015625,0.007976047694683075,11.804268305040432,290.5091503483146
2026,3,25,0,925.0,19.0,72.75,770.3509863205071,297.67779541015625,0.007394783198833466,10.947866039691917,287.2166988282754
2026,3,25,0,925.0,19.0,73.0,769.4842275394758,297.97857666015625,0.007034294307231903,10.416439396555718,284.6478589838236
2026,3,25,0,925.0,18.75,72.5,771.1540128382271,297.84576416015625,0.007502071559429169,11.105983973268433,287.6935750083942
2026,3,25,0,925.0,18.75,72.75,770.3127469625204,297.69146728515625,0.006785385310649872,10.049366618391586,283.4196325759628
2026,3,25,0,925.0,18.75,73.0,769.4077488235025,298.18756103515625,0.006783477962017059,10.046553373183471,282.866053522697
2026,3,25,0,850.0,19.25,72.5,1507.049345979514,294.4569396972656,0.004245467483997345,5.78675378751057,248.89990715025078
2026,3,25,0,850.0,19.25,72.75,1506.590473683674,294.6131896972656,0.004170604050159454,5.684969701349672,248.31730002124758
2026,3,25,0,850.0,19.25,73.0,1505.8766723345893,294.9042053222656,0.004435248672962189,6.044738300952393,249.59118745481413
2026,3,25,0,850.0,19.0,72.5,1507.1130782428252,294.6874084472656,0.004094310104846954,5.58123119135374,247.80302844684806
2026,3,25,0,850.0,19.0,72.75,1506.4757556097138,294.9452209472656,0.004198260605335236,5.7225725416540385,248.1715185456269
2026,3,25,0,850.0,19.0,73.0,1505.9913904085495,295.1678771972656,0.004687495529651642,6.3875454644336385,250.81273408398044
2026,3,25,0,850.0,18.75,72.5,1507.1513176008118,294.9315490722656,0.004158206284046173,5.66811284641581,247.95063088379624
2026,3,25,0,850.0,18.75,72.75,1506.526741420363,295.2010803222656,0.00435609370470047,5.937143934863318,248.85360002477816
2026,3,25,0,850.0,18.75,73.0,1506.2845588197806,295.2616271972656,0.004870124161243439,6.635675043191492,251.78604746481463
2026,3,25,6,1000.0,19.25,72.5,108.2252500535351,299.771240234375,0.017941586673259735,28.53387813701252,377.30168789024555
2026,3,25,6,1000.0,19.25,72.75,106.07109955361923,302.013427734375,0.016216866672039032,25.817692678169017,362.52029657391023
2026,3,25,6,1000.0,19.25,73.0,103.89145614837891,304.398193359375,0.013774983584880829,21.962422006254542,343.3399588084716
2026,3,25,6,1000.0,19.0,72.5,108.12327843223731,299.628662109375,0.01836215704679489,29.19536188877792,380.2858940324317
2026,3,25,6,1000.0,19.0,72.75,106.54271830212153,300.820068359375,0.0174785777926445,27.805259098739803,372.5714218767754
2026,3,25,6,1000.0,19.0,73.0,104.06990648565005,303.325927734375,0.014522664248943329,23.14407284312762,349.65779320626183
2026,3,25,6,1000.0,18.75,72.5,108.2252500535351,299.575927734375,0.01862441748380661,29.60768250228092,382.08787304317286
2026,3,25,6,1000.0,18.75,72.75,106.83588671335268,299.855224609375,0.017951600253582,28.549631637308504,377.22820155415417
2026,3,25,6,1000.0,18.75,73.0,103.59828773714776,302.577880859375,0.014341942965984344,22.85855454284702,349.5915333965836
2026,3,25,6,925.0,19.25,72.5,795.3399586473209,297.74853515625,0.010552994906902313,15.593756102292357,306.6844423496313
2026,3,25,6,925.0,19.25,72.75,795.454676721281,297.41845703125,0.01213037222623825,17.90752935770838,316.8541921278842
2026,3,25,6,925.0,19.25,73.0,794.9575650674543,297.33837890625,0.012608163058757782,18.607507359007997,319.91305723232574
2026,3,25,6,925.0,19.0,72.5,795.110522499401,297.69384765625,0.010432355105876923,15.416614356652007,306.00726344697154
2026,3,25,6,925.0,19.0,72.75,794.6771431088854,297.98681640625,0.009890668094158173,14.620908677363937,302.30021019368303
2026,3,25,6,925.0,19.0,73.0,794.2820030763564,297.54736328125,0.010888688266277313,16.086536466460835,309.0122880898248
2026,3,25,6,925.0,18.75,72.5,794.9575650674543,297.69970703125,0.010192982852458954,15.065055099464725,304.5203422336333
2026,3,25,6,925.0,18.75,72.75,794.1927779077208,298.30126953125,0.009232155978679657,13.652892333665172,297.8591543577485
2026,3,25,6,925.0,18.75,73.0,793.7976378751919,297.80712890625,0.010313145816326141,15.241547750852934,305.1299121021853
2026,3,25,6,850.0,19.25,72.5,1531.5348832170007,294.2187194824219,0.004920601844787598,6.704247189899096,253.07501041562782
2026,3,25,6,850.0,19.25,72.75,1531.7643193649208,294.3300476074219,0.0049239397048950195,6.70878140687709,252.98788693493285
2026,3,25,6,850.0,19.25,73.0,1531.5858690276498,294.5566101074219,0.004738450050354004,6.456780679464303,251.68773612944858
2026,3,25,6,850.0,19.0,72.5,1531.1142502791474,294.2245788574219,0.004722714424133301,6.435400118938686,251.9110013906363
2026,3,25,6,850.0,19.0,72.75,1531.1907289951207,294.4394226074219,0.004583477973937988,6.246196785227319,250.89293154722185
2026,3,25,6,850.0,19.0,73.0,1531.3054470690809,294.6874694824219,0.004482388496398926,6.108809973358051,250.06903950926647
2026,3,25,6,850.0,18.75,72.5,1530.8975605838896,294.2226257324219,0.004640698432922363,6.323955444498734,251.43266449706556
2026,3,25,6,850.0,18.75,72.75,1530.923053489214,294.5273132324219,0.004392266273498535,5.986314139678146,249.69257716685357
2026,3,25,6,850.0,18.75,73.0,1531.1907289951207,294.8730163574219,0.004521489143371582,6.161952151701154,250.12315532827705
2026,3,25,12,1000.0,19.25,72.5,66.39567442755681,300.2061767578125,0.01629076898097992,25.934193781750285,365.82425967061886
2026,3,25,12,1000.0,19.25,72.75,64.1650452116676,302.4190673828125,0.016587361693382263,26.40164434643434,364.2742106858383
2026,3,25,12,1000.0,19.25,73.0,60.63427782423152,306.4444580078125,0.013912305235862732,22.1795279656456,341.32324842772755
2026,3,25,12,1000.0,19.0,72.5,66.11525246898789,300.3311767578125,0.01637326180934906,26.06422491688994,366.16506483045464
2026,3,25,12,1000.0,19.0,72.75,64.05032713770758,301.0382080078125,0.017745599150657654,28.225509721719273,373.94817118223546
2026,3,25,12,1000.0,19.0,73.0,61.43730434195164,304.3565673828125,0.0160285085439682,25.52071422389954,357.7269937664838
2026,3,25,12,1000.0,18.75,72.5,65.93680213171675,300.5889892578125,0.016676053404808044,26.541396197629528,367.72850994160854
2026,3,25,12,1000.0,18.75,72.75,63.88462325309867,300.2628173828125,0.018027886748313904,28.669640358780985,377.0520770508612
2026,3,25,12,1000.0,18.75,73.0,62.34230248096955,302.7510986328125,0.017100438475608826,27.20989493068333,367.04589319122795
2026,3,25,12,925.0,19.25,72.5,761.1155838767571,302.0510559082031,0.005059823393821716,7.501590030306402,268.31107254321455
2026,3,25,12,925.0,19.25,72.75,760.1723463797525,301.6780090332031,0.009462937712669373,13.9922304013248,295.28251071894385
2026,3,25,12,925.0,19.25,73.0,759.3310805040458,301.6584777832031,0.011076554656028748,16.36222738071565,305.0199564814351
2026,3,25,12,925.0,19.0,72.5,760.8479083708504,302.0823059082031,0.004893407225608826,7.255596381856073,267.27464360594286
2026,3,25,12,925.0,19.0,72.75,759.6879811785881,301.9729309082031,0.00822363793849945,12.16887094878522,287.4797799552566
2026,3,25,12,925.0,19.0,73.0,758.7702365869079,301.7463684082031,0.00986681878566742,14.5858635072416,297.63451090895745
2026,3,25,12,925.0,18.75,72.5,760.4145289803348,302.1448059082031,0.004922017455101013,7.29789108470642,267.3860314607997
2026,3,25,12,925.0,18.75,72.75,759.2928411460591,302.2795715332031,0.006768807768821716,10.024915344310873,278.3857151197628
2026,3,25,12,925.0,18.75,73.0,758.0691816904856,301.9338684082031,0.009240254759788513,13.664802264836668,293.64405289991913
2026,3,25,12,850.0,19.25,72.5,1503.9770525612723,296.207763671875,0.005255669355392456,7.159318235545334,253.11754016331278
2026,3,25,12,850.0,19.25,72.75,1503.9388132032857,296.553466796875,0.004688233137130737,6.388547730096841,249.51793511794529
2026,3,25,12,850.0,19.25,73.0,1503.7476164133523,296.410888671875,0.0059938132762908936,8.16117496078695,257.176541602383
2026,3,25,12,850.0,19.0,72.5,1503.6838841500412,296.254638671875,0.005267590284347534,7.1755052102199715,253.14146855311355
2026,3,25,12,850.0,19.0,72.75,1503.4799409074456,296.586669921875,0.004794567823410034,6.533026593441876,250.09961470775056
2026,3,25,12,850.0,19.0,73.0,1503.225011854201,296.543701171875,0.006267040967941284,8.531790210565022,258.61785763858126
2026,3,25,12,850.0,18.75,72.5,1503.3142370228366,296.330810546875,0.005090206861495972,6.934618882004968,252.0453456311093
2026,3,25,12,850.0,18.75,72.75,1502.9700828009566,296.612060546875,0.004774540662765503,6.505816750816456,249.9604739196223
2026,3,25,12,850.0,18.75,73.0,1502.5749427684277,296.576904296875,0.006363362073898315,8.662414175871199,259.138785924976
2026,3,25,18,1000.0,19.25,72.5,93.373392114662,300.4433898925781,0.016911491751670837,26.912304922005802,369.49251780746897
2026,3,25,18,1000.0,19.25,72.75,93.44987083063533,300.2617492675781,0.01643894612789154,26.167752037509963,366.7029732062099
2026,3,25,18,1000.0,19.25,73.0,93.6920534312176,300.8047180175781,0.015087112784385681,24.035434751362704,357.055938368742
2026,3,25,18,1000.0,19.0,72.5,93.18219532472864,300.5019836425781,0.016924366354942322,26.932584496101416,369.48255913503004
2026,3,25,18,1000.0,19.0,72.75,93.67930697855537,300.4922180175781,0.016771778464317322,26.692213786968313,368.5052403162743
2026,3,25,18,1000.0,19.0,73.0,93.84501086316429,300.9101867675781,0.015918239951133728,25.346825883297065,362.29823300825024
2026,3,25,18,1000.0,18.75,72.5,93.84501086316429,300.5234680175781,0.016996368765830994,27.04599410167422,369.91657617694057
2026,3,25,18,1000.0,18.75,72.75,94.21465799036879,300.5351867675781,0.01706598699092865,27.155639081738766,370.35059721812434
2026,3,25,18,1000.0,18.75,73.0,93.94698248446208,300.9707336425781,0.01682470738887787,26.77559737536776,368.08767599547286
2026,3,25,18,925.0,19.25,72.5,787.4037483493345,302.184326171875,0.003725040005519986,5.527137356542216,260.11408540670084
2026,3,25,18,925.0,19.25,72.75,786.638961189601,302.410888671875,0.003804194973781705,5.644314962291801,260.3802331900542
2026,3,25,18,925.0,19.25,73.0,786.0398779144764,301.635498046875,0.00642393808811903,9.516133750928628,276.98190042770716
2026,3,25,18,925.0,19.0,72.5,787.0468476747922,302.299560546875,0.0036492228973656893,5.414890428191911,259.54817833316025
2026,3,25,18,925.0,19.0,72.75,786.5497360209654,302.131591796875,0.004647719673812389,6.892334377941527,265.741855989488
2026,3,25,18,925.0,19.0,73.0,786.0653708198009,301.225341796875,0.007335173897445202,10.860007009707559,282.9366265051827
2026,3,25,18,925.0,18.75,72.5,786.9958618641433,302.190185546875,0.003758418606594205,5.576550971401156,260.31043831788173
2026,3,25,18,925.0,18.75,72.75,786.5752289262898,301.735107421875,0.005290019325911999,7.841780126697621,270.0179004977432
2026,3,25,18,925.0,18.75,73.0,785.8104417665564,300.879638671875,0.008049475960433483,11.912410529091865,287.64922874689574
2026,3,25,18,850.0,19.25,72.5,1529.6006090255082,295.487060546875,0.006658528000116348,9.062602767620978,261.9401618220661
2026,3,25,18,850.0,19.25,72.75,1529.4349051408994,295.854248046875,0.005752060562372208,7.833151162029603,256.327878816069
2026,3,25,18,850.0,19.25,73.0,1528.8103289604503,296.033935546875,0.005792591720819473,7.888152838970623,256.38614345309674
2026,3,25,18,850.0,19.0,72.5,1529.524130309535,295.604248046875,0.00666186586022377,9.067127450442312,261.8402920081782
2026,3,25,18,850.0,19.0,72.75,1529.307440614277,296.022216796875,0.005246613174676895,7.147021036955939,253.24293968583646
2026,3,25,18,850.0,19.0,73.0,1528.6828644338282,296.112060546875,0.005563709884881973,7.577519701464882,254.98821313537968
2026,3,25,18,850.0,18.75,72.5,1529.587862572846,295.752685546875,0.006088707596063614,8.289906712958132,258.3751287688286
2026,3,25,18,850.0,18.75,72.75,1529.128990277006,296.090576171875,0.005037758499383926,6.863384194914349,251.9706868380251
2026,3,25,18,850.0,18.75,73.0,1528.3642031172726,296.135498046875,0.005774948745965958,7.864211264393699,256.1848717112468
2026,3,30,0,1000.0,19.25,72.5,66.49545525230329,299.8254699707031,0.01827431097626686,29.05722299145496,379.3835264447863
2026,3,30,0,1000.0,19.25,72.75,66.2915120097077,298.9133605957031,0.018882278352975845,30.01295951431495,384.90005261236774
2026,3,30,0,1000.0,19.25,73.0,66.41897653632995,297.8586730957031,0.018243316560983658,29.008480456332258,382.4850867209367
2026,3,30,0,1000.0,19.0,72.5,66.52094815762774,299.7297668457031,0.018082622438669205,28.755740039898225,378.291438335433
2026,3,30,0,1000.0,19.0,72.75,65.93461133516543,299.1848449707031,0.01829862967133522,29.095465862970013,380.61394946891596
2026,3,30,0,1000.0,19.0,73.0,66.13855457776101,298.1067199707031,0.017842773348093033,28.378413503611554,379.42088510640093
2026,3,30,0,1000.0,18.75,72.5,66.46996234697885,299.6711730957031,0.01799202337861061,28.613223917375514,377.7968061762114
2026,3,30,0,1000.0,18.75,72.75,65.5012319446498,299.2981262207031,0.018010620027780533,28.642478492916386,378.5378228679234
2026,3,30,0,1000.0,18.75,73.0,65.96010424048987,298.1965637207031,0.017580512911081314,27.965705250674464,377.53949504166
2026,3,30,0,925.0,19.25,72.5,751.2338964503679,295.2456970214844,0.014445532113313675,21.295554217616818,334.2430954741251
2026,3,30,0,925.0,19.25,72.75,750.21418023739,296.0035095214844,0.011690843850374222,17.26325057577801,315.9887219749122
2026,3,30,0,925.0,19.25,73.0,749.3474214563587,296.7359313964844,0.009509313851594925,14.06040977434433,301.4602030158518
2026,3,30,0,925.0,19.0,72.5,750.9024886811501,295.5249938964844,0.012811411172151566,18.905149697802955,323.63196626321394
2026,3,30,0,925.0,19.0,72.75,749.7553079415499,296.3589782714844,0.010280359536409378,15.193394543522498,306.73118014222484
2026,3,30,0,925.0,19.0,73.0,749.0924924031143,296.7789001464844,0.008876074105501175,13.12912905355916,297.4640568195495
2026,3,30,0,925.0,18.75,72.5,750.4691092906345,295.9449157714844,0.00986265018582344,14.579737888823894,304.6372984718488
2026,3,30,0,925.0,18.75,72.75,749.3219285510343,296.8765563964844,0.008761156350374222,12.960047609014225,296.63235238832965
2026,3,30,0,925.0,18.75,73.0,748.7865775392208,296.7749938964844,0.009131181985139847,13.504391890023474,299.0579450489792
2026,3,30,0,850.0,19.25,72.5,1485.2879646719318,293.52728271484375,0.006370414048433304,8.67197697337526,262.2581454709472
2026,3,30,0,850.0,19.25,72.75,1485.1859930506341,293.97845458984375,0.006243575364351273,8.49996548794828,261.0557303392612
2026,3,30,0,850.0,19.25,73.0,1484.8545852814163,294.40423583984375,0.006058085709810257,8.248367286007282,259.5424494773084
2026,3,30,0,850.0,19.0,72.5,1485.2624717666074,293.78509521484375,0.006008494645357132,8.181092382218406,259.8736523517424
2026,3,30,0,850.0,19.0,72.75,1485.1859930506341,294.30267333984375,0.005637992173433304,7.678343346005782,257.18948508356357
2026,3,30,0,850.0,19.0,73.0,1485.1095143346608,294.74212646484375,0.005605090409517288,7.633686770716633,256.5650555033362
2026,3,30,0,850.0,18.75,72.5,1485.3899362932298,294.12884521484375,0.005527365952730179,7.528186633058995,256.71362748338896
2026,3,30,0,850.0,18.75,72.75,1485.3389504825807,294.58001708984375,0.005287040024995804,7.201914769205763,254.8683826073662
2026,3,30,0,850.0,18.75,73.0,1485.3644433879053,294.92962646484375,0.005982745438814163,8.146159588623252,258.578692268098
2026,3,30,6,1000.0,19.25,72.5,97.33031922216048,299.93707275390625,0.018333688378334045,29.15059619690535,379.5846606051748
2026,3,30,6,1000.0,19.25,72.75,94.89574676367567,301.66949462890625,0.016983762383461,27.026138741888882,368.0071691602908
2026,3,30,6,1000.0,19.25,73.0,92.67786400044868,303.43511962890625,0.01576162874698639,25.09981776765599,357.4212105968669
2026,3,30,6,1000.0,19.0,72.5,97.39405148547159,299.94293212890625,0.018214479088783264,28.96312834891463,378.7976386510003
2026,3,30,6,1000.0,19.0,72.75,95.67328037607135,300.80816650390625,0.017675653100013733,28.115438420739505,373.869320756523
2026,3,30,6,1000.0,19.0,73.0,93.2132150122621,302.49761962890625,0.0162060409784317,25.80062596432336,361.7017379838544
2026,3,30,6,1000.0,18.75,72.5,97.53426246475607,300.07965087890625,0.0180671364068985,28.731380962115878,377.61041567241404
2026,3,30,6,1000.0,18.75,72.75,96.17039202989808,300.13824462890625,0.017709985375404358,28.169466905570093,375.18679148126716
2026,3,30,6,1000.0,18.75,73.0,93.07300403297762,301.86871337890625,0.015895619988441467,25.31115242190087,360.6713081736825
2026,3,30,6,925.0,19.25,72.5,782.7775826862385,295.5832214355469,0.014101460576057434,20.79263499563728,331.61041463292105
2026,3,30,6,925.0,19.25,72.75,782.8285684968873,295.5695495605469,0.015496209263801575,22.830008460651804,340.3286749474362
2026,3,30,6,925.0,19.25,73.0,782.2677245797495,296.0480651855469,0.015580132603645325,22.95249000906152,340.14254804929385
2026,3,30,6,925.0,19.0,72.5,782.6756110649407,295.1554870605469,0.014750435948371887,21.74104895677012,336.2805458278519
2026,3,30,6,925.0,19.0,72.75,782.063781337154,295.6437683105469,0.013982728123664856,20.619038870792284,330.7835083505603
2026,3,30,6,925.0,19.0,73.0,781.7323735679361,295.9054870605469,0.014365628361701965,21.178779847215793,332.7976437191795
2026,3,30,6,925.0,18.75,72.5,782.5991323489674,295.0695495605469,0.014756634831428528,21.750104442481998,336.44439938636606
2026,3,30,6,925.0,18.75,72.75,781.4774445146916,296.0422058105469,0.0127076655626297,18.75323078247831,322.2791684757494
2026,3,30,6,925.0,18.75,73.0,781.3499799880693,296.2941589355469,0.013291791081428528,19.608341827552916,325.570472700418
2026,3,30,6,850.0,19.25,72.5,1518.1965171592747,294.8099365234375,0.005355563014745712,7.294952796661793,255.04477637608605
2026,3,30,6,850.0,19.25,72.75,1518.1455313486258,294.6732177734375,0.006469454616308212,8.806271852893119,261.6697181313092
2026,3,30,6,850.0,19.25,73.0,1518.222010064599,294.5306396484375,0.0075966976583004,10.333632555098466,268.3820496051702
2026,3,30,6,850.0,19.0,72.5,1518.2984887805724,294.9349365234375,0.005423273891210556,7.386880579710095,255.31760736201028
2026,3,30,6,850.0,19.0,72.75,1518.1200384433014,294.7806396484375,0.006795134395360947,9.247766536063255,263.4557007259443
2026,3,30,6,850.0,19.0,73.0,1518.3239816858968,294.8411865234375,0.007870402187108994,10.704174935487742,269.6425234640274
2026,3,30,6,850.0,18.75,72.5,1518.5789107391413,295.0189208984375,0.00557347759604454,7.590777972560257,256.10972797597145
2026,3,30,6,850.0,18.75,72.75,1518.272995875248,294.9368896484375,0.007044043391942978,9.585072676374995,264.74146477374944
2026,3,30,6,850.0,18.75,73.0,1518.4514462125192,295.1497802734375,0.008283820003271103,11.263629230267501,271.7080858657556
2026,3,30,12,1000.0,19.25,72.5,62.28474428066669,299.9407958984375,0.017477460205554962,27.803499904631998,373.9932786320461
2026,3,30,12,1000.0,19.25,72.75,60.66594479256423,301.1263427734375,0.01715368777513504,27.293750055841794,369.971938602445
2026,3,30,12,1000.0,19.25,73.0,57.1606703104526,303.7200927734375,0.016382165253162384,26.078258394209914,360.946898167574
2026,3,30,12,1000.0,19.0,72.5,63.41917856760464,299.9271240234375,0.01759905368089676,27.994886358430207,374.8091577263623
2026,3,30,12,1000.0,19.0,72.75,62.27199782800447,300.3099365234375,0.017990536987781525,28.610885632807882,376.7313061269761
2026,3,30,12,1000.0,19.0,73.0,59.62073567426186,302.4193115234375,0.017404504120349884,27.688654597754336,369.52277196604234
2026,3,30,12,1000.0,18.75,72.5,64.77030254980039,300.0697021484375,0.017558999359607697,27.93184450000886,374.3147859976606
2026,3,30,12,1000.0,18.75,72.75,63.83981150545804,299.9193115234375,0.018135972321033478,28.839654381683665,378.3249230273766
2026,3,30,12,1000.0,18.75,73.0,62.246504922680025,301.2825927734375,0.017809338867664337,28.325806301994255,373.96282835293965
2026,3,30,12,925.0,19.25,72.5,750.5896528917878,299.1828308105469,0.00834697112441063,12.350451287616284,291.385936825321
2026,3,30,12,925.0,19.25,72.75,750.3602167438677,299.5597839355469,0.009806569665670395,14.497326435689004,299.8783633520022
2026,3,30,12,925.0,19.25,73.0,749.9523302586765,299.1769714355469,0.012780603021383286,18.86003805394001,318.51991152592933
2026,3,30,12,925.0,19.0,72.5,751.3544400515212,298.9797058105469,0.008802827447652817,13.021362079339413,294.41845457866066
2026,3,30,12,925.0,19.0,72.75,751.1250039036012,299.6242370605469,0.009128030389547348,13.499756609400743,295.65614643455575
2026,3,30,12,925.0,19.0,73.0,750.8700748503567,298.9816589355469,0.012188371270895004,17.9925212277854,315.1594551017015
2026,3,30,12,925.0,18.75,72.5,752.0937343059302,298.8136901855469,0.00934499129652977,13.818815550664626,297.9435286228267
2026,3,30,12,925.0,18.75,72.75,752.0554949479435,299.4347839355469,0.009484227746725082,14.02353018628773,298.05767245439654
2026,3,30,12,925.0,18.75,73.0,751.8260588000235,298.3586120605469,0.012906964868307114,19.0450560459624,320.3849950256266
2026,3,30,12,850.0,19.25,72.5,1490.4124369687918,296.037109375,0.004395909607410431,5.991266487754575,248.3096094392178
2026,3,30,12,850.0,19.25,72.75,1490.8713092646317,295.732421875,0.006154961884021759,8.37977719666398,258.7785456101763
2026,3,30,12,850.0,19.25,73.0,1490.9477879806052,295.02734375,0.009987302124500275,13.565904821844212,281.7068791428892
2026,3,30,12,850.0,19.0,72.5,1490.998773791254,295.951171875,0.004654355347156525,6.3425134523686495,249.88494630621727
2026,3,30,12,850.0,19.0,72.75,1491.3811673711207,295.44140625,0.007013745605945587,9.54402041453849,264.04387773784674
2026,3,30,12,850.0,19.0,73.0,1491.457646087094,295.080078125,0.009891457855701447,13.436495992852258,281.0917858901187
2026,3,30,12,850.0,18.75,72.5,1491.687082235014,295.81640625,0.004942364990711212,6.733810359394569,251.6790003926176
2026,3,30,12,850.0,18.75,72.75,1492.0184900042318,295.251953125,0.007330365478992462,9.972953085750401,266.0748152104153
2026,3,30,12,850.0,18.75,73.0,1492.0439829095565,295.333984375,0.00937170535326004,12.73446567002693,277.7984936157276
2026,3,30,18,1000.0,19.25,72.5,95.14350593729766,299.5198974609375,0.017764806747436523,28.255734327999296,376.5613219843404
2026,3,30,18,1000.0,19.25,72.75,95.69160340177329,299.4027099609375,0.01795649528503418,28.55733249812176,378.0096588904378
2026,3,30,18,1000.0,19.25,73.0,95.94653245501777,299.5745849609375,0.017415285110473633,27.705626347389245,374.18476664023353
2026,3,30,18,1000.0,19.0,72.5,95.50040661183994,299.5960693359375,0.017526865005493164,27.88126575410701,374.87956836893454
2026,3,30,18,1000.0,19.0,72.75,95.83181438105775,299.6136474609375,0.017571687698364258,27.951815119709593,375.14391965616596
2026,3,30,18,1000.0,19.0,73.0,95.83181438105775,299.5531005859375,0.017426729202270508,27.723641730272302,374.2947497741259
2026,3,30,18,1000.0,18.75,72.5,96.07399698164002,299.7054443359375,0.017492055892944336,27.82647479347351,374.47296631089773
2026,3,30,18,1000.0,18.75,72.75,96.02301117099113,299.7249755859375,0.0174863338470459,27.817467840702296,374.4036375040495
2026,3,30,18,1000.0,18.75,73.0,95.88280019170665,299.3499755859375,0.017689943313598633,28.13792711054915,376.3514274103436
2026,3,30,18,925.0,19.25,72.5,781.0090123793549,297.49163818359375,0.010203324258327484,15.0802453306711,304.8417252907604
2026,3,30,18,925.0,19.25,72.75,781.2511949799372,297.47796630859375,0.00971599668264389,14.364215821462215,301.84058098174637
2026,3,30,18,925.0,19.25,73.0,781.0217588320171,297.41741943359375,0.010354481637477875,15.302254951284429,305.86981625555677
2026,3,30,18,925.0,19.0,72.5,781.1747162639638,297.24945068359375,0.010385476052761078,15.347772421111996,306.2712906055822
2026,3,30,18,925.0,19.0,72.75,781.1747162639638,297.26898193359375,0.009990178048610687,14.767121865229257,303.79601751079065
2026,3,30,18,925.0,19.0,73.0,780.9452801160437,297.14007568359375,0.010811768472194672,15.97363985686688,309.05192874945493
2026,3,30,18,925.0,18.75,72.5,781.3276736959104,296.91741943359375,0.010696373879909515,15.804253405246142,308.61766214722314
2026,3,30,18,925.0,18.75,72.75,781.0599981900037,296.97796630859375,0.010361157357692719,15.312058857998602,306.4595128941337
2026,3,30,18,925.0,18.75,73.0,780.7668297787726,296.90374755859375,0.011136017739772797,16.449475474801034,311.3651037891953
2026,3,30,18,850.0,19.25,72.5,1516.9983506090257,294.21087646484375,0.004837483167648315,6.591331175298058,252.59595516470586
2026,3,30,18,850.0,19.25,72.75,1517.4317299995412,294.12884521484375,0.0060434043407440186,8.22845106067558,259.7328537527493
2026,3,30,18,850.0,19.25,73.0,1517.189547398959,293.65423583984375,0.008479088544845581,11.527777549063714,274.4813065882549
2026,3,30,18,850.0,19.0,72.5,1516.9473647983766,294.31634521484375,0.0047197043895721436,6.4313102304099825,251.80620258779828
2026,3,30,18,850.0,19.0,72.75,1517.13856158831,294.22259521484375,0.005830734968185425,7.939911601791197,258.39553253916756
2026,3,30,18,850.0,19.0,73.0,1517.0620828723368,293.93939208984375,0.007832974195480347,10.653511999014846,270.3923987753917
2026,3,30,18,850.0,18.75,72.5,1516.9601112510388,294.47650146484375,0.004378288984298706,5.967314744556574,249.65838020241057
2026,3,30,18,850.0,18.75,72.75,1516.9218718930522,294.41400146484375,0.005557507276535034,7.5691004661863435,256.609639612157
2026,3,30,18,850.0,18.75,73.0,1516.9856041563635,294.17767333984375,0.0074853599071502686,10.182867913307549,268.1076274001591
2026,4,1,0,1000.0,19.25,72.5,82.22497616413352,298.445068359375,0.0181073360145092,28.794612836900352,380.59878592393983
2026,4,1,0,1000.0,19.25,72.75,82.11025809017352,298.163818359375,0.018591802567243576,29.55641305897806,384.267890889741
2026,4,1,0,1000.0,19.25,73.0,82.4161729540669,297.671630859375,0.01821557804942131,28.964856690827663,382.61846698303
2026,4,1,0,1000.0,19.0,72.5,82.03377937420017,298.562255859375,0.018309514969587326,29.112583403745315,381.73262094531066
2026,4,1,0,1000.0,19.0,72.75,81.68962515232012,298.566162109375,0.018103044480085373,28.787862623994187,380.36728847844813
2026,4,1,0,1000.0,19.0,73.0,81.84258258426681,297.911865234375,0.01789514347910881,28.46081059456732,380.09330440451686
2026,4,1,0,1000.0,18.75,72.5,81.93180775290237,298.739990234375,0.018114011734724045,28.80511309886516,380.14801133023985
2026,4,1,0,1000.0,18.75,72.75,81.24349930914227,298.816162109375,0.017906587570905685,28.47881558480031,378.6573675401952
2026,4,1,0,1000.0,18.75,73.0,81.28173866712895,298.050537109375,0.017703931778669357,28.159940560616445,378.5975309654968
2026,4,1,0,925.0,19.25,72.5,763.9096461329813,293.754638671875,0.013890665024518967,20.48441832581309,332.8983759791253
2026,4,1,0,925.0,19.25,72.75,763.8204209643457,294.873779296875,0.010762613266706467,15.901488357573488,311.6403101546278
2026,4,1,0,925.0,19.25,73.0,763.3870415738301,295.985107421875,0.008334081619977951,12.331475662629312,295.0152065990588
2026,4,1,0,925.0,19.0,72.5,763.9988713016168,294.033935546875,0.013331335037946701,19.66620911757303,328.9681064898308
2026,4,1,0,925.0,19.0,72.75,763.73119579571,295.301513671875,0.009505193680524826,14.054352704598191,303.1893520660464
2026,4,1,0,925.0,19.0,73.0,763.4507738371411,296.369873046875,0.00791589543223381,11.715671292449553,291.9490545092423
2026,4,1,0,925.0,18.75,72.5,763.9478854909679,294.539794921875,0.011551301926374435,17.058632800512633,317.0462981204155
2026,4,1,0,925.0,18.75,72.75,763.5909848164256,295.947998046875,0.008531492203474045,12.622066454898633,296.2963250422201
2026,4,1,0,925.0,18.75,73.0,763.4507738371411,296.631591796875,0.008604925125837326,12.73014291500857,295.9480601380645
2026,4,1,0,850.0,19.25,72.5,1497.2278058766246,295.0813293457031,0.0038370664697140455,5.2313807819434235,245.94158632853413
2026,4,1,0,850.0,19.25,72.75,1498.0308323943448,294.7551574707031,0.006192642264068127,8.430885449358971,259.9748357746124
2026,4,1,0,850.0,19.25,73.0,1498.5661834061582,294.1282043457031,0.009510952048003674,12.922589587939399,279.9726060300079
2026,4,1,0,850.0,19.0,72.5,1497.9925930363581,295.2239074707031,0.003999668173491955,5.452531196482891,246.7584323885507
2026,4,1,0,850.0,19.0,72.75,1498.6554085747937,294.8625793457031,0.006525951437652111,8.882871973887031,261.8060188790252
2026,4,1,0,850.0,19.0,73.0,1499.407449281865,294.4309387207031,0.009157138876616955,12.444521858341574,277.57052250415245
2026,4,1,0,850.0,18.75,72.5,1498.833858912065,295.4055480957031,0.004220443777740002,5.752732664040696,247.87553521311062
2026,4,1,0,850.0,18.75,72.75,1499.3819563765405,295.0617980957031,0.006658989004790783,9.063227690025137,262.3762443082428
2026,4,1,0,850.0,18.75,73.0,1500.210475799585,294.8117980957031,0.008636909537017345,11.741223354222228,274.1245774991293
2026,4,1,6,1000.0,19.25,72.5,106.00706854532385,298.31707763671875,0.015877317637205124,25.282287462603897,366.0924971235528
2026,4,1,6,1000.0,19.25,72.75,103.5979889921635,299.80926513671875,0.015616964548826218,24.87161115830822,362.04143466437097
2026,4,1,6,1000.0,19.25,73.0,101.3801062289365,301.63153076171875,0.01494128629565239,23.805207550460295,354.8624796288509
2026,4,1,6,1000.0,19.0,72.5,105.85411111337716,298.36981201171875,0.016860555857419968,26.832069603655977,372.50243153287516
2026,4,1,6,1000.0,19.0,72.75,104.04411483534133,299.20965576171875,0.01638467237353325,26.082210053368886,368.01800335437457
2026,4,1,6,1000.0,19.0,73.0,101.5458101135454,300.99090576171875,0.015305589884519577,24.380285253725198,358.19363661648663
2026,4,1,6,1000.0,18.75,72.5,105.66291432344379,298.51434326171875,0.017380308359861374,27.650564123508826,375.693726475374
2026,4,1,6,1000.0,18.75,72.75,104.20981871995025,298.78973388671875,0.016944479197263718,26.964264834057463,372.3734587563336
2026,4,1,6,1000.0,18.75,73.0,101.08693781770533,300.55926513671875,0.015531610697507858,24.736947498705312,360.3250815162701
2026,4,1,6,925.0,19.25,72.5,786.4335740129147,294.0150146484375,0.012861799448728561,18.978928442591855,326.02919618399955
2026,4,1,6,925.0,19.25,72.75,786.7522353294704,293.7025146484375,0.014711927622556686,21.684793502145936,338.16368888553814
2026,4,1,6,925.0,19.25,73.0,786.5865314448614,294.4818115234375,0.014673303812742233,21.628366719542683,336.77860976591637
2026,4,1,6,925.0,19.0,72.5,786.6375172555104,293.8021240234375,0.013155531138181686,19.408922495454185,328.18288832007664
2026,4,1,6,925.0,19.0,72.75,786.2551236756436,293.7786865234375,0.01441962644457817,21.257695923271218,336.2058572864348
2026,4,1,6,925.0,19.0,73.0,786.2806165809681,294.3314208984375,0.014492582529783249,21.364310220361165,335.86132022036634
2026,4,1,6,925.0,18.75,72.5,786.7139959714837,293.8704833984375,0.013468336313962936,19.866670821351686,330.0641198399898
2026,4,1,6,925.0,18.75,72.75,785.8982230011013,294.1634521484375,0.013617109507322311,20.084319822706934,330.5882071070224
2026,4,1,6,925.0,18.75,73.0,786.1276591490214,294.6868896484375,0.01399524137377739,20.63733539144799,332.22282895118514
2026,4,1,6,850.0,19.25,72.5,1521.367197259003,295.1896057128906,0.00434068962931633,5.916204166277519,248.77462614208451
2026,4,1,6,850.0,19.25,72.75,1521.711351480883,294.6661682128906,0.007800620049238205,10.60971522634852,269.4241907612325
2026,4,1,6,850.0,19.25,73.0,1521.838816007505,294.1114807128906,0.010223906487226486,13.885303634709459,284.1429755299542
2026,4,1,6,850.0,19.0,72.5,1521.5711405015984,295.0763244628906,0.005150835961103439,7.01695889989633,253.59538971680703
2026,4,1,6,850.0,19.0,72.75,1521.7623372915318,294.6817932128906,0.008206885308027267,11.159539163820236,271.76919464084983
2026,4,1,6,850.0,19.0,73.0,1521.9662805341275,294.4396057128906,0.010153811424970627,13.790689876002935,283.35260383191644
2026,4,1,6,850.0,18.75,72.5,1521.7240979335452,294.9376525878906,0.006137888878583908,8.356619245453173,259.473142743061
2026,4,1,6,850.0,18.75,72.75,1521.826069554843,294.6935119628906,0.008825819939374924,11.996662641775698,275.3519641282466
2026,4,1,6,850.0,18.75,73.0,1522.0937450607496,294.6173400878906,0.010274451225996017,13.953523551079602,283.84563190943936
2026,4,1,12,1000.0,19.25,72.5,70.43928737132457,298.5638427734375,0.014674417674541473,23.38377733331384,357.75826131689485
2026,4,1,12,1000.0,19.25,72.75,69.34309244237329,299.8275146484375,0.014308206737041473,22.805248395722543,353.43933486486964
2026,4,1,12,1000.0,19.25,73.0,65.95253603422168,302.3626708984375,0.013929598033428192,22.20686538529444,347.24784677169646
2026,4,1,12,1000.0,19.0,72.5,70.82168095119128,298.6517333984375,0.015001051127910614,23.89956765813664,359.7811979283431
2026,4,1,12,1000.0,19.0,72.75,70.12062605476896,299.2591552734375,0.01505541056394577,23.985387521103203,359.2059147635448
2026,4,1,12,1000.0,19.0,73.0,67.71154650160861,301.2982177734375,0.014860384166240692,23.6774638572959,354.8382587106576
2026,4,1,12,1000.0,18.75,72.5,71.24231388904468,298.8704833984375,0.015411131083965302,24.546842002000957,362.1476737050606
2026,4,1,12,1000.0,18.75,72.75,70.84717385651574,298.8489990234375,0.015579931437969208,24.81318533351332,363.29344250609506
2026,4,1,12,1000.0,18.75,73.0,69.62351440094223,300.2650146484375,0.015518896281719208,24.716886648240212,360.69538652496294
2026,4,1,12,925.0,19.25,72.5,754.220947966431,299.2351989746094,0.003981344401836395,5.906518596886086,264.4827257058879
2026,4,1,12,925.0,19.25,72.75,754.501369925,298.8426208496094,0.006560079753398895,9.717007091339555,280.77744933642623
2026,4,1,12,925.0,19.25,73.0,754.2464408717555,298.1453552246094,0.010351411998271942,15.29774687836189,304.94694680474976
2026,4,1,12,925.0,19.0,72.5,754.7053131675955,299.1883239746094,0.00400184839963913,5.936863479145532,264.65446471013536
2026,4,1,12,925.0,19.0,72.75,754.9092564101911,298.8680114746094,0.006376020610332489,9.445424932266675,279.61604843262376
2026,4,1,12,925.0,19.0,73.0,754.9347493155155,297.9012145996094,0.010616056621074677,15.68634265276765,306.8827987549855
2026,4,1,12,925.0,18.75,72.5,754.96024222084,299.1609802246094,0.004198305308818817,6.227571555300027,265.89250685929653
2026,4,1,12,925.0,18.75,72.75,755.3426358007067,298.7547302246094,0.006771795451641083,10.029322104558776,282.17717929868314
2026,4,1,12,925.0,18.75,73.0,755.7250293805735,297.3680114746094,0.011481992900371552,16.95698846438153,312.911246636107
2026,4,1,12,850.0,19.25,72.5,1493.3281880152754,295.95526123046875,0.004297744482755661,5.857823951106196,247.8170698356693
2026,4,1,12,850.0,19.25,72.75,1493.6341028791687,295.64471435546875,0.006064902991056442,8.257615247927127,258.3446017170659
2026,4,1,12,850.0,19.25,73.0,1493.7870603111155,295.15643310546875,0.00878049060702324,11.935374924192242,274.57700918012154
2026,4,1,12,850.0,19.0,72.5,1493.8635390270888,295.95330810546875,0.004739772528409958,6.458577559324581,250.37721322107086
2026,4,1,12,850.0,19.0,72.75,1493.9145248377376,295.49237060546875,0.007029067724943161,9.56478144774605,264.0799924314292
2026,4,1,12,850.0,19.0,73.0,1494.3733971335778,295.11346435546875,0.009163390845060349,12.452971210738395,276.84120605661417
2026,4,1,12,850.0,18.75,72.5,1494.3733971335778,295.95526123046875,0.00523139163851738,7.126351727033814,253.21909599722167
2026,4,1,12,850.0,18.75,72.75,1494.2459326069556,295.42987060546875,0.0075230710208415985,10.233935549610223,267.0042435280171
2026,4,1,12,850.0,18.75,73.0,1494.95973395604,295.19354248046875,0.009051810950040817,12.302164648194182,276.1061138586217
2026,4,1,18,1000.0,19.25,72.5,96.67029197024469,298.36724853515625,0.015162061899900436,24.153746803109776,361.28461886459115
2026,4,1,18,1000.0,19.25,72.75,97.28212169803145,298.19146728515625,0.015506338328123093,24.69707236290796,363.8364656713312
2026,4,1,18,1000.0,19.25,73.0,97.80472625718264,298.28717041015625,0.015021871775388718,23.93243888222479,360.48102323230455
2026,4,1,18,1000.0,19.0,72.5,97.21838943472032,298.40631103515625,0.015348028391599655,24.447260883498316,362.4535601514974
2026,4,1,18,1000.0,19.0,72.75,97.53705075127593,298.42388916015625,0.01539761945605278,24.52552020421502,362.7539552593538
2026,4,1,18,1000.0,19.0,73.0,97.66451527789816,298.44342041015625,0.015030931681394577,23.946742224226472,360.29969308903117
2026,4,1,18,1000.0,18.75,72.5,97.70275463588484,298.50396728515625,0.015520643442869186,24.71964334352002,363.44170907281136
2026,4,1,18,1000.0,18.75,72.75,97.5752901092626,298.56842041015625,0.015575956553220749,24.8069141440869,363.7060837413071
2026,4,1,18,1000.0,18.75,73.0,97.49881139328926,298.35748291015625,0.015353750437498093,24.456291043631246,362.5674782610914
2026,4,1,18,925.0,19.25,72.5,778.7862501147181,298.3208923339844,0.003048968268558383,4.525851381697144,259.582269976433
2026,4,1,18,925.0,19.25,72.75,779.4745585584782,298.1119079589844,0.0033264874946326017,4.936966447480462,261.50304555123677
2026,4,1,18,925.0,19.25,73.0,779.6275159904249,297.4537048339844,0.005349707789719105,7.929973947083782,274.7452824697234
2026,4,1,18,925.0,19.0,72.5,779.3470940318559,298.1939392089844,0.0031076192390173674,4.612748059271823,260.0653779573609
2026,4,1,18,925.0,19.0,72.75,779.6530088957494,297.9810485839844,0.0035663365852087736,5.292165761649467,263.1191088672842
2026,4,1,18,925.0,19.0,73.0,779.7294876117227,297.4458923339844,0.005583357997238636,8.275146901545329,276.208600115456
2026,4,1,18,925.0,18.75,72.5,779.7294876117227,298.1294860839844,0.0029984235297888517,4.450959853590419,259.4468234938905
2026,4,1,18,925.0,18.75,72.75,779.7549805170471,298.0005798339844,0.003770422888919711,5.594321598151944,264.36953532951605
2026,4,1,18,925.0,18.75,73.0,779.7549805170471,297.3892517089844,0.006623816676437855,9.811037817830695,282.7455203195335
2026,4,1,18,850.0,19.25,72.5,1515.2751895397512,295.0343322753906,0.0036908257752656937,5.032445309912921,245.1318697727855
2026,4,1,18,850.0,19.25,72.75,1515.5811044036445,294.8917541503906,0.003695594146847725,5.038932420960785,245.2886457296894
2026,4,1,18,850.0,19.25,73.0,1515.606597308969,294.9737854003906,0.004284488037228584,5.839802345211405,248.64766131851718
2026,4,1,18,850.0,19.0,72.5,1515.8615263622135,295.1007385253906,0.0036631692200899124,4.994819326069922,244.91069681469162
2026,4,1,18,850.0,19.0,72.75,1515.9634979835114,295.0167541503906,0.003638850525021553,4.961733366520026,244.84471477496083
2026,4,1,18,850.0,19.0,73.0,1516.116455415458,295.1339416503906,0.004393206909298897,5.987592738796441,249.1320265668152
2026,4,1,18,850.0,18.75,72.5,1516.4478631846757,295.1983947753906,0.0036307442933321,4.950704496493581,244.63377386644177
2026,4,1,18,850.0,18.75,72.75,1516.3713844687024,295.2003479003906,0.003601180389523506,4.910480639945882,244.45984457315723
2026,4,1,18,850.0,18.75,73.0,1516.5243419006492,295.2394104003906,0.004619227722287178,6.294778860949323,250.3483761322655
2026,4,5,0,1000.0,19.25,72.5,94.30744320340025,298.50311279296875,0.015949569642543793,25.39623366796079,366.275330243501
2026,4,5,0,1000.0,19.25,72.75,94.38392191937359,298.31561279296875,0.017400585114955902,27.682485130426414,376.1549516393724
2026,4,5,0,1000.0,19.25,73.0,94.81730130988922,297.80975341796875,0.017378173768520355,27.647203663564717,376.8429267525349
2026,4,5,0,1000.0,19.0,72.5,94.44765418268472,298.59881591796875,0.016439758241176605,26.169031983590063,369.3568224530393
2026,4,5,0,1000.0,19.0,72.75,94.30744320340025,298.65936279296875,0.016633354127407074,26.474116653169048,370.535537048145
2026,4,5,0,1000.0,19.0,73.0,94.6006116146314,298.08905029296875,0.01665862649679184,26.513937732823194,371.6238297420536
2026,4,5,0,1000.0,18.75,72.5,94.54962580398251,298.77459716796875,0.01644834131002426,26.18255941064309,369.1316678055321
2026,4,5,0,1000.0,18.75,72.75,94.11624641346688,298.88592529296875,0.016742072999477386,26.6454138300571,370.8860409552094
2026,4,5,0,1000.0,18.75,73.0,94.48589354067138,298.13592529296875,0.016620002686977386,26.453078612790577,371.2925128535197
2026,4,5,0,925.0,19.25,72.5,774.1631216922956,292.1826477050781,0.012688957154750824,18.72583327685645,327.48479734848877
2026,4,5,0,925.0,19.25,72.75,774.7112191567712,292.7197570800781,0.012378059327602386,18.270448806604694,324.75168666894905
2026,4,5,0,925.0,19.25,73.0,774.6729797987846,292.8056945800781,0.01263793557882309,18.6511116486503,326.2891511467777
2026,4,5,0,925.0,19.0,72.5,774.7494585147579,292.5791320800781,0.012776695191860199,18.854315792138568,327.4901316958608
2026,4,5,0,925.0,19.0,72.75,775.0171340206646,293.0263977050781,0.012579284608364105,18.56521101140653,325.6091677415753
2026,4,5,0,925.0,19.0,73.0,774.9788946626779,293.0576477050781,0.012855850160121918,18.970217700459386,327.3248439059531
2026,4,5,0,925.0,18.75,72.5,775.2593166212469,292.7236633300781,0.012905441224575043,19.042825307093583,328.1084814474677
2026,4,5,0,925.0,18.75,72.75,775.2465701685846,293.1455383300781,0.012871108949184418,18.992558965008342,327.29898377119713
2026,4,5,0,925.0,18.75,73.0,775.1955843579358,293.3349914550781,0.012791477143764496,18.875960964622728,326.52894293302955
2026,4,5,0,850.0,19.25,72.5,1500.3327620798132,291.7114562988281,0.00403929129242897,5.506414979489878,250.25015414891843
2026,4,5,0,850.0,19.25,72.75,1500.9445918076,291.3774719238281,0.004775527864694595,6.507158025274711,254.96132016216484
2026,4,5,0,850.0,19.25,73.0,1500.82987373364,291.1313781738281,0.005773071199655533,7.86166339779081,261.1619212787624
2026,4,5,0,850.0,19.0,72.5,1501.4799428194135,291.6430969238281,0.0048370398581027985,6.5907289125651705,255.06957889965082
2026,4,5,0,850.0,19.0,72.75,1501.8240970412935,291.3266906738281,0.00578642264008522,7.8797814344071515,261.0432793184078
2026,4,5,0,850.0,19.0,73.0,1501.9898009259025,291.1743469238281,0.006627563387155533,9.020627383163498,266.2171303678872
2026,4,5,0,850.0,18.75,72.5,1502.5633912957026,291.6391906738281,0.005614761263132095,7.646812914346878,259.70481696773385
2026,4,5,0,850.0,18.75,72.75,1502.703602274987,291.4731750488281,0.006125930696725845,8.34039879377707,262.9170221144169
2026,4,5,0,850.0,18.75,73.0,1503.1369816655026,291.5278625488281,0.006241802126169205,8.497560534870427,263.5505898475137
2026,4,5,6,1000.0,19.25,72.5,112.43446730025035,298.3970947265625,0.013635177165269852,21.74135070021764,351.1326176642146
2026,4,5,6,1000.0,19.25,72.75,110.879400075459,299.4342041015625,0.013566989451646805,21.6335141875024,349.15347801036694
2026,4,5,6,1000.0,19.25,73.0,108.87820700748982,300.6510009765625,0.013913173228502274,22.180900150441875,349.63641186501076
2026,4,5,6,1000.0,19.0,72.5,112.71488925881928,298.4556884765625,0.01402856782078743,22.36331138851162,353.65023145061014
2026,4,5,6,1000.0,19.0,72.75,111.7716517618147,298.9205322265625,0.014499206095933914,23.107015240701603,356.0594209924085
2026,4,5,6,1000.0,19.0,73.0,109.59200835657437,300.0963134765625,0.014366645365953445,22.897585088003733,353.4205154450926
2026,4,5,6,1000.0,18.75,72.5,113.03355057537487,298.6099853515625,0.014488715678453445,23.090442850264083,356.46080845772997
2026,4,5,6,1000.0,18.75,72.75,112.37073503693922,298.6060791015625,0.015038032084703445,23.957951888922594,360.0957232638362
2026,4,5,6,1000.0,18.75,73.0,109.73221933585884,299.7271728515625,0.014583606272935867,23.240340033390254,355.39584414226476
2026,4,5,6,925.0,19.25,72.5,791.3738700269715,291.8266296386719,0.012976188212633133,19.14640035263362,329.8262718107029
2026,4,5,6,925.0,19.25,72.75,791.8327423228116,292.6137390136719,0.012950439006090164,19.108704007501178,328.5498803580411
2026,4,5,6,925.0,19.25,73.0,791.514081006256,293.4535827636719,0.013410110026597977,19.78147755274134,330.2861007756489
2026,4,5,6,925.0,19.0,72.5,791.9347139441094,291.8363952636719,0.013057250529527664,19.2650663891503,330.33213327847096
2026,4,5,6,925.0,19.0,72.75,791.9219674914472,292.3539733886719,0.013389606028795242,19.75147588899253,331.7209332094962
2026,4,5,6,925.0,19.0,73.0,791.9474603967716,293.1391296386719,0.01359369233250618,20.050064057229438,331.89826950643527
2026,4,5,6,925.0,18.75,72.5,792.4955578612472,292.0278015136719,0.013295669108629227,19.61401692356156,331.58660139027336
2026,4,5,6,925.0,18.75,72.75,792.1131642813806,292.3070983886719,0.012841720134019852,18.94952875558994,328.2870846984117
2026,4,5,6,925.0,18.75,73.0,792.4318255979362,293.2524108886719,0.01317264512181282,19.43397097453347,329.0642343654523
2026,4,5,6,850.0,19.25,72.5,1516.0073139145377,291.61846923828125,0.002390811685472727,3.2624462580049562,240.49537207601335
2026,4,5,6,850.0,19.25,72.75,1516.8995656008933,291.60089111328125,0.0025491216219961643,3.4781381931314654,241.4568931357291
2026,4,5,6,850.0,19.25,73.0,1517.3711843493957,291.29425048828125,0.0033206441439688206,4.528718744078639,246.34536611729462
2026,4,5,6,850.0,19.0,72.5,1517.2437198227733,291.87823486328125,0.0032252767123281956,4.398910375677691,245.24439200853325
2026,4,5,6,850.0,19.0,72.75,1517.8810424558847,291.86846923828125,0.003417442087084055,4.660458883202141,246.39845625316937
2026,4,5,6,850.0,19.0,73.0,1518.6585760682804,291.61065673828125,0.004478404764086008,6.103395491566427,252.96356083133307
2026,4,5,6,850.0,18.75,72.5,1518.5693508996446,291.83331298828125,0.004060695413500071,5.535521530852108,250.2630631205753
2026,4,5,6,850.0,18.75,72.75,1519.0537161008092,291.94268798828125,0.004547546152025461,6.197365159610584,253.05669373876398
2026,4,5,6,850.0,18.75,73.0,1520.009700050476,291.78643798828125,0.0050253369845449924,6.846512791048882,256.05068656478886
2026,4,5,12,1000.0,19.25,72.5,81.97482703063739,298.67376708984375,0.012676812708377838,20.224916784783375,344.38234751908476
2026,4,5,12,1000.0,19.25,72.75,80.39426690052159,299.53509521484375,0.012361623346805573,19.72580498967923,341.07461403621403
2026,4,5,12,1000.0,19.25,73.0,77.32237180892558,301.44525146484375,0.011458493769168854,18.29462071339444,332.5222612466828
2026,4,5,12,1000.0,19.0,72.5,82.76510709569527,298.71868896484375,0.01284942775964737,20.498177485599417,345.46009335368217
2026,4,5,12,1000.0,19.0,72.75,81.68165861940622,299.02337646484375,0.012977220118045807,20.700444343779687,345.86463998755704
2026,4,5,12,1000.0,19.0,73.0,79.36180423488143,300.51165771484375,0.012264348566532135,19.571729135761412,339.064221628529
2026,4,5,12,1000.0,18.75,72.5,83.6191194240643,298.85736083984375,0.01338062435388565,21.338738999847205,348.77040800742407
2026,4,5,12,1000.0,18.75,72.75,82.79060000101973,298.70892333984375,0.013485528528690338,21.50467493204555,349.68169834775216
2026,4,5,12,1000.0,18.75,73.0,81.28651858687728,299.79290771484375,0.012479402124881744,19.912333419356052,341.4849633288238
2026,4,5,12,925.0,19.25,72.5,761.8123567617382,295.17694091796875,0.004063878208398819,6.028659873381785,268.98479545708733
2026,4,5,12,925.0,19.25,72.75,761.799610309076,295.21014404296875,0.006542954593896866,9.691741202576578,284.62971820886634
2026,4,5,12,925.0,19.25,73.0,761.6593993297915,295.09295654296875,0.009444985538721085,13.965837183422378,303.06699862809614
2026,4,5,12,925.0,19.0,72.5,762.7810871640672,294.68865966796875,0.005471501499414444,8.109912768178527,278.412689626209
2026,4,5,12,925.0,19.0,72.75,762.5006652054983,295.79608154296875,0.0041802264750003815,6.200822204857864,269.1018092861005
2026,4,5,12,925.0,19.0,73.0,762.6918619954317,295.32342529296875,0.007517609745264053,11.128881921064014,290.6509134768622
2026,4,5,12,925.0,18.75,72.5,763.7753104717208,294.16522216796875,0.008411679416894913,12.445708843006935,297.659575909286
2026,4,5,12,925.0,18.75,72.75,763.4311562498407,295.94451904296875,0.0051901675760746,7.694228022617956,275.3137142251439
2026,4,5,12,925.0,18.75,73.0,763.9410143563297,295.31951904296875,0.007597718387842178,11.246927708583284,291.160252252947
2026,4,5,12,850.0,19.25,72.5,1490.8856490238768,293.190185546875,0.0009948057122528553,1.3586398025375332,230.86883825599463
2026,4,5,12,850.0,19.25,72.75,1491.6249432782856,293.250732421875,0.001077298540621996,1.4712293363547908,231.30830141186928
2026,4,5,12,850.0,19.25,73.0,1491.7779007102324,292.641357421875,0.002775792498141527,3.7868974644785443,241.88915540788054
2026,4,5,12,850.0,19.0,72.5,1492.4152233433435,293.373779296875,0.0017167371697723866,2.3435784305565397,234.98917437210483
2026,4,5,12,850.0,19.0,72.75,1492.9760672604814,293.369873046875,0.002179746050387621,2.974812000497713,237.72813487838295
2026,4,5,12,850.0,19.0,73.0,1493.3712072930105,292.955810546875,0.002939347643405199,4.009631032914816,242.57986436169378
2026,4,5,12,850.0,18.75,72.5,1494.1487409054062,293.362060546875,0.003115300554782152,4.24919884991123,243.2581547450414
2026,4,5,12,850.0,18.75,72.75,1494.5948667485839,293.405029296875,0.003591660875827074,4.897528337341165,246.02894812330862
2026,4,5,12,850.0,18.75,73.0,1495.1939500237086,293.022216796875,0.004288796801120043,5.84565996863905,250.49697997223757
2026,4,5,18,1000.0,19.25,72.5,99.00869343920962,298.58905029296875,0.0127304308116436,20.3098037734524,344.8591995970732
2026,4,5,18,1000.0,19.25,72.75,99.65876252498305,298.33514404296875,0.01381523534655571,22.026063890090924,352.41763282245495
2026,4,5,18,1000.0,19.25,73.0,100.5255213060143,298.09100341796875,0.013671230524778366,21.798364260154184,351.8261166457622
2026,4,5,18,1000.0,19.0,72.5,99.92643803088976,298.55975341796875,0.012817692011594772,20.447942028342226,345.479421599831
2026,4,5,18,1000.0,19.0,72.75,100.4745354953654,298.56170654296875,0.012897323817014694,20.573989935500276,346.00404569166426
2026,4,5,18,1000.0,19.0,73.0,101.1628439391255,298.31170654296875,0.0129898302257061,20.720401647673423,346.9799064093644
2026,4,5,18,1000.0,18.75,72.5,100.98439360185436,298.62030029296875,0.013064216822385788,20.838122930173874,347.0240887864295
2026,4,5,18,1000.0,18.75,72.75,101.21382974977439,298.68280029296875,0.0130661241710186,20.841141285746613,346.9458581741298
2026,4,5,18,1000.0,18.75,73.0,101.87664528821004,298.18865966796875,0.013294052332639694,21.201784800599583,349.17831715884864
2026,4,5,18,925.0,19.25,72.5,778.2647409538426,294.5148620605469,0.005017589777708054,7.439165689213779,275.7131682974091
2026,4,5,18,925.0,19.25,72.75,778.8765706816293,293.9933776855469,0.005792450159788132,8.583957278302696,281.1994501267866
2026,4,5,18,925.0,19.25,73.0,779.144246187536,293.5988464355469,0.0064323656260967255,9.528569316339468,285.71462646291917
2026,4,5,18,925.0,19.0,72.5,779.1824855455227,294.4093933105469,0.004878353327512741,7.2333415099732035,274.93767249836804
2026,4,5,18,925.0,19.0,72.75,779.6668507466873,293.7394714355469,0.006670784205198288,9.880324107762544,287.07874598447216
2026,4,5,18,925.0,19.0,73.0,779.934526252594,293.1574401855469,0.008425068110227585,12.465417506699884,298.95342925578456
2026,4,5,18,925.0,18.75,72.5,780.2276946638251,293.8117370605469,0.007127117365598679,10.55329974622826,289.90546934694424
2026,4,5,18,925.0,18.75,72.75,780.4571308117452,293.3410339355469,0.008241008967161179,12.194447514831822,297.5578982844446
2026,4,5,18,925.0,18.75,73.0,780.7502992229763,292.9191589355469,0.009507965296506882,14.058427264781859,306.16585575433413
2026,4,5,18,850.0,19.25,72.5,1506.2714140404726,292.0346984863281,0.0010256036184728146,1.400675344775838,231.98957730269126
2026,4,5,18,850.0,19.25,72.75,1506.2586675878104,291.9409484863281,0.0007991059683263302,1.0914957775219891,230.71294413382907
2026,4,5,18,850.0,19.25,73.0,1505.6468378600237,291.8081359863281,0.0010337098501622677,1.411739142131111,232.2229199953518
2026,4,5,18,850.0,19.0,72.5,1507.3676089694238,292.3120422363281,0.0007490380667150021,1.0231393387937275,230.11559736864413
2026,4,5,18,850.0,19.0,72.75,1507.2273979901395,292.1831359863281,0.0008234246633946896,1.1246959761674766,230.66280960906624
2026,4,5,18,850.0,19.0,73.0,1506.8577508629348,292.1362609863281,0.0009655221365392208,1.3186696859394065,231.5483847549807
2026,4,5,18,850.0,18.75,72.5,1508.6932400462952,292.5932922363281,0.001038478221744299,1.4182472073343095,231.61156929026149
2026,4,5,18,850.0,18.75,72.75,1508.3873251824018,292.4956359863281,0.0011409982107579708,1.5581614923838742,232.30096496955827
2026,4,5,18,850.0,18.75,73.0,1508.2471142031175,292.4331359863281,0.002019332256168127,2.7561553431550716,237.57735378914734
2026,4,15,0,1000.0,19.25,72.5,61.77209788765787,301.01025390625,0.018337566405534744,29.156694309176707,377.8270700136059
2026,4,15,0,1000.0,19.25,72.75,62.20547727817349,299.93603515625,0.019550640136003494,31.06283183077183,387.5149268281367
2026,4,15,0,1000.0,19.25,73.0,62.71533538466245,298.32861328125,0.01942046359181404,30.858414739029836,389.4438660783253
2026,4,15,0,1000.0,19.0,72.5,62.07801275155125,300.88134765625,0.018472034484148026,29.36812481787135,378.9115237407011
2026,4,15,0,1000.0,19.0,72.75,62.23097018349794,300.39501953125,0.019160587340593338,30.450233716249553,384.19413588320594
2026,4,15,0,1000.0,19.0,73.0,62.48589923674242,298.85009765625,0.01878722384572029,29.863578034614576,384.3841831908617
2026,4,15,0,1000.0,18.75,72.5,62.51139214206687,300.79931640625,0.018450099974870682,29.33363848581012,378.9056966564655
2026,4,15,0,1000.0,18.75,72.75,62.17998437284904,300.49462890625,0.018982727080583572,30.17079965839559,382.87078255061806
2026,4,15,0,1000.0,18.75,73.0,62.61336376336466,299.55517578125,0.017274219542741776,27.48353940928175,373.2933102257695
2026,4,15,0,925.0,19.25,72.5,753.0052052529406,302.1573486328125,0.004110652953386307,6.0978761068561695,262.4710637541524
2026,4,15,0,925.0,19.25,72.75,752.1639393772339,301.9600830078125,0.004241306334733963,6.291193298631028,263.44964227199523
2026,4,15,0,925.0,19.25,73.0,751.3226735015271,301.3917236328125,0.005569297820329666,8.254378474295667,272.0564193300335
2026,4,15,0,925.0,19.0,72.5,752.9542194422918,302.2628173828125,0.0040028877556324005,5.9384016534873485,261.71971556468424
2026,4,15,0,925.0,19.0,72.75,752.0109819452872,302.0010986328125,0.004051048308610916,6.009673785321349,262.25903637051476
2026,4,15,0,925.0,19.0,73.0,751.2716876908781,301.3663330078125,0.00513346865773201,7.610435418364283,269.43755484151075
2026,4,15,0,925.0,18.75,72.5,752.7502761996961,302.0850830078125,0.003945190459489822,5.8530107483764855,261.538944038008
2026,4,15,0,925.0,18.75,72.75,751.832531608016,302.0596923828125,0.0039456672966480255,5.853716482817629,261.5658248428281
2026,4,15,0,925.0,18.75,73.0,751.1187302589315,301.4327392578125,0.004749614745378494,7.043004742934912,267.0419305608275
2026,4,15,0,850.0,19.25,72.5,1497.6201576226338,297.80731201171875,0.00281629990786314,3.842065606232824,237.64406420183934
2026,4,15,0,850.0,19.25,72.75,1497.0338208001715,298.01629638671875,0.002647976391017437,3.612803457656054,236.50323706399456
2026,4,15,0,850.0,19.25,73.0,1496.16706201914,298.13739013671875,0.0025626225396990776,3.496530819324788,235.91309136210978
2026,4,15,0,850.0,19.0,72.5,1497.9260724865271,298.05731201171875,0.0025502247735857964,3.479641054485274,235.90950240557518
2026,4,15,0,850.0,19.0,72.75,1497.1357924214692,298.18426513671875,0.002533535473048687,3.4569044313022617,235.70746371810642
2026,4,15,0,850.0,19.0,73.0,1496.447483977709,298.36981201171875,0.0024677319452166557,3.36725268668751,235.17624401560607
2026,4,15,0,850.0,18.75,72.5,1497.977058297176,298.18231201171875,0.0025545163080096245,3.485487540301836,235.82901237854603
2026,4,15,0,850.0,18.75,72.75,1497.0848066108204,298.26239013671875,0.0025311512872576714,3.453656304684423,235.62830742180137
2026,4,15,0,850.0,18.75,73.0,1496.4219910723846,298.52410888671875,0.0025855107232928276,3.5277112560492143,235.71900461285682
2026,4,15,6,1000.0,19.25,72.5,79.04154961174305,300.861328125,0.017361026257276535,27.620208242120388,371.74206454735383
2026,4,15,6,1000.0,19.25,72.75,77.24429978636945,303.205078125,0.015001635998487473,23.900491051422353,352.90357659382715
2026,4,15,6,1000.0,19.25,73.0,74.50381246399128,305.83203125,0.01380954310297966,22.017064096187678,341.5356240315045
2026,4,15,6,1000.0,19.0,72.5,79.69161869751649,300.83203125,0.017704825848340988,28.161347532851153,374.01968544508964
2026,4,15,6,1000.0,19.0,72.75,78.49345214726742,301.888671875,0.017081599682569504,27.180226975277627,368.2902688261226
2026,4,15,6,1000.0,19.0,73.0,75.74021837222702,304.478515625,0.015313010662794113,24.39199682917527,353.00127135079265
2026,4,15,6,1000.0,18.75,72.5,80.5456310258855,300.822265625,0.018127303570508957,28.826019619524324,376.77525312904004
2026,4,15,6,1000.0,18.75,72.75,79.5386612655698,300.83984375,0.017949920147657394,28.546988485135845,375.59631474780514
2026,4,15,6,1000.0,18.75,73.0,76.74718813254272,303.619140625,0.014920573681592941,23.77250371532625,351.77237125708075
2026,4,15,6,925.0,19.25,72.5,769.01235983682,301.61712646484375,0.0034012540709227324,5.047701474055751,258.6800280255172
2026,4,15,6,925.0,19.25,72.75,768.9486275735088,301.23431396484375,0.004487966187298298,6.656072381265778,265.646385644532
2026,4,15,6,925.0,19.25,73.0,768.6299662569533,299.90423583984375,0.00883099902421236,13.062811728701657,293.5157456105071
2026,4,15,6,925.0,19.0,72.5,769.5094714906467,301.45111083984375,0.0035438283812254667,5.258837117843159,259.70052858294713
2026,4,15,6,925.0,19.0,72.75,769.0505991948066,301.81243896484375,0.00352904642932117,5.236948496658605,259.2741754273664
2026,4,15,6,925.0,19.0,73.0,768.9486275735088,300.21478271484375,0.007612203247845173,11.268270959568948,285.72941274048986
2026,4,15,6,925.0,18.75,72.5,769.9301044285,301.45306396484375,0.0036048635374754667,5.3492117856657595,260.069656774902
2026,4,15,6,925.0,18.75,72.75,769.3310211533756,301.93157958984375,0.0036949857603758574,5.482643400313139,260.16869069168786
2026,4,15,6,925.0,18.75,73.0,769.6624289225933,300.12689208984375,0.008120034821331501,12.01631775962798,288.9243650723385
2026,4,15,6,850.0,19.25,72.5,1513.1146658135042,298.095947265625,0.002372466027736664,3.2374482401621982,234.86041531003025
2026,4,15,6,850.0,19.25,72.75,1512.8852296655841,298.195556640625,0.002235613763332367,3.0509541052197724,233.9951275313507
2026,4,15,6,850.0,19.25,73.0,1512.6303006123396,298.230712890625,0.0021531209349632263,2.938522814489741,233.49452464160723
2026,4,15,6,850.0,19.0,72.5,1513.5990310146688,298.312744140625,0.0020806416869163513,2.839729961086906,233.01284335174483
2026,4,15,6,850.0,19.0,72.75,1513.3695948667487,298.468994140625,0.002041064202785492,2.785780194392479,232.65874062123348
2026,4,15,6,850.0,19.0,73.0,1513.446073582722,298.599853515625,0.0019452199339866638,2.655120019879937,232.00506585109585
2026,4,15,6,850.0,18.75,72.5,1514.1343820264822,298.498291015625,0.0020653828978538513,2.8189303580501757,232.77353589439033
2026,4,15,6,850.0,18.75,72.75,1513.8794529732377,298.728759765625,0.0019933804869651794,2.720777032711362,232.17459369029578
2026,4,15,6,850.0,18.75,73.0,1514.1088891211577,298.814697265625,0.002170763909816742,2.962569759498152,233.11461414476645
2026,4,15,12,1000.0,19.25,72.5,52.39429366807218,300.81573486328125,0.017145585268735886,27.28099086003774,370.4174077301659
2026,4,15,12,1000.0,19.25,72.75,51.88443556158322,301.65167236328125,0.01573033258318901,25.050451690053556,359.9367531985827
2026,4,15,12,1000.0,19.25,73.0,48.927258543947225,304.56964111328125,0.013316106051206589,21.236674442739552,340.1787052951263
2026,4,15,12,1000.0,19.0,72.5,53.22281309111675,300.90362548828125,0.017218541353940964,27.395871937894817,370.7496393869375
2026,4,15,12,1000.0,19.0,72.75,52.763940795276675,301.13800048828125,0.01709265634417534,27.197639453783054,369.55794981701615
2026,4,15,12,1000.0,19.0,73.0,50.64802965334748,303.53057861328125,0.01531357690691948,24.392890479229212,354.4147748834192
2026,4,15,12,1000.0,18.75,72.5,54.26802220941912,301.04425048828125,0.01716751977801323,27.315531328961235,370.19309721834384
2026,4,15,12,1000.0,18.75,72.75,53.64344602897014,300.80010986328125,0.017394494265317917,27.672896594494272,372.05809291819685
2026,4,15,12,1000.0,18.75,73.0,52.738447889952226,302.57354736328125,0.01579422876238823,25.15123854251357,358.938825628058
2026,4,15,12,925.0,19.25,72.5,743.3504644329358,302.30657958984375,0.0015663644298911095,2.327185216132996,246.9393490813684
2026,4,15,12,925.0,19.25,72.75,743.5799005808559,302.60345458984375,0.0015105744823813438,2.2443727744939364,246.35044379809753
2026,4,15,12,925.0,19.25,73.0,743.4524360542337,302.62884521484375,0.003871872089803219,5.744492331072122,260.5841342714624
2026,4,15,12,925.0,19.0,72.5,744.0005335187093,302.23236083984375,0.0017942925915122032,2.66545469811133,248.38362810061975
2026,4,15,12,925.0,19.0,72.75,744.1025051400071,302.54095458984375,0.0019125482067465782,2.8409216498218433,248.8342335258465
2026,4,15,12,925.0,19.0,73.0,744.268209024616,302.44915771484375,0.004310562275350094,6.393653269706277,263.3998726821282
2026,4,15,12,925.0,18.75,72.5,744.663349057145,302.12884521484375,0.0019416352733969688,2.8840769996826823,249.36580432784308
2026,4,15,12,925.0,18.75,72.75,744.8417993944161,302.39056396484375,0.0021686097607016563,3.2207778873498505,250.51324926008198
2026,4,15,12,925.0,18.75,73.0,745.0967284476606,302.00189208984375,0.004587127827107906,6.802729507910893,265.50162820201945
2026,4,15,12,850.0,19.25,72.5,1489.3445232316847,298.90472412109375,0.002458049915730953,3.354061135671663,234.675103014912
2026,4,15,12,850.0,19.25,72.75,1489.586705832267,298.96917724609375,0.0022186776623129845,3.0278724388955176,233.260283267402
2026,4,15,12,850.0,19.25,73.0,1489.6631845482402,298.89691162109375,0.0020212670788168907,2.758792912762125,232.19630373520218
2026,4,15,12,850.0,19.0,72.5,1489.9181136014847,299.02777099609375,0.002094223164021969,2.8582428579146737,232.50450181079367
2026,4,15,12,850.0,19.0,72.75,1490.0583245807693,299.13323974609375,0.002019359730184078,2.756192796052057,231.99292739635078
2026,4,15,12,850.0,19.0,73.0,1490.3642394446626,299.01605224609375,0.0018615266308188438,2.5410122748438724,231.19066978714548
2026,4,15,12,850.0,18.75,72.5,1490.5426897819339,299.09027099609375,0.0020432015880942345,2.788693822221557,232.16342680391182
2026,4,15,12,850.0,18.75,72.75,1490.6319149505694,299.25433349609375,0.001923038624227047,2.6248790730240503,231.3474659090714
2026,4,15,12,850.0,18.75,73.0,1490.9633227197871,299.07855224609375,0.0022763749584555626,3.1065042793816056,233.49825569881253
2026,4,15,18,1000.0,19.25,72.5,75.8501565264387,300.2314147949219,0.017122570425271988,27.244748199359844,371.2076358209556
2026,4,15,18,1000.0,19.25,72.75,76.33452172760322,299.7704772949219,0.018144432455301285,28.85296088192148,378.62739612446705
2026,4,15,18,1000.0,19.25,73.0,76.8061404761055,299.5009460449219,0.018016640096902847,28.651948583960838,378.2401486405428
2026,4,15,18,1000.0,19.0,72.5,76.7551546654566,300.1786804199219,0.017135921865701675,27.265773523222467,371.3796922245379
2026,4,15,18,1000.0,19.0,72.75,76.93360500272775,300.0458679199219,0.01728469505906105,27.500032860489284,372.56463960765757
2026,4,15,18,1000.0,19.0,73.0,77.0738159820122,299.6708679199219,0.01738864555954933,27.663689188071555,373.8533689016331
2026,4,15,18,1000.0,18.75,72.5,77.72388506778564,300.2079772949219,0.01704341545701027,27.12009112932209,370.72950002717135
2026,4,15,18,1000.0,18.75,72.75,77.44346310921671,300.1435241699219,0.017285648733377457,27.501534387689478,372.41257785704903
2026,4,15,18,1000.0,18.75,73.0,77.6474063518123,299.5732116699219,0.01731664314866066,27.55033308409839,373.5415703980838
2026,4,15,18,925.0,19.25,72.5,764.2429459537661,301.81146240234375,0.0007951420266181231,1.1819150062554213,242.67035375381957
2026,4,15,18,925.0,19.25,72.75,764.4213962910372,301.50872802734375,0.0006964367348700762,1.0352595570447658,242.31713713257966
2026,4,15,18,925.0,19.25,73.0,764.293931764415,300.95208740234375,0.00119139370508492,1.7704852810071834,245.80105090824537
2026,4,15,18,925.0,19.0,72.5,765.033226018824,301.76068115234375,0.0008413952309638262,1.250631557121881,242.99348395744963
2026,4,15,18,925.0,19.0,72.75,764.9822402081751,301.43646240234375,0.0007341068703681231,1.0912315862089639,242.60601557545056
2026,4,15,18,925.0,19.0,73.0,764.7655505129173,300.99505615234375,0.001092688413336873,1.6239004061909743,245.16141791629835
2026,4,15,18,925.0,18.75,72.5,765.7087880099219,301.58489990234375,0.0008838337380439043,1.313677367092845,243.39665315443762
2026,4,15,18,925.0,18.75,72.75,765.4793518620019,301.49114990234375,0.0007717770058661699,1.1472010538634965,242.790870346787
2026,4,15,18,925.0,18.75,73.0,765.147944092784,301.01263427734375,0.0011017483193427324,1.6373557890422548,245.20210143248474
2026,4,15,18,850.0,19.25,72.5,1508.28017531471,297.7362365722656,0.003822792088612914,5.211964479636909,243.46878520068967
2026,4,15,18,850.0,19.25,72.75,1508.0379927141278,297.6971740722656,0.0038237457629293203,5.213261697235935,243.50906982546238
2026,4,15,18,850.0,19.25,73.0,1507.4134165336789,297.6620178222656,0.003923404961824417,5.348812984078694,244.1110664664528
2026,4,15,18,850.0,19.0,72.5,1508.7645405158746,297.6542053222656,0.0035080795641988516,4.783800725276535,241.73934830818453
2026,4,15,18,850.0,19.0,72.75,1508.331161125359,297.6073303222656,0.003593910252675414,4.900588865324255,242.27243243087352
2026,4,15,18,850.0,19.0,73.0,1507.93602109283,297.7518615722656,0.003375518834218383,4.603404041099125,240.8944830228943
2026,4,15,18,850.0,18.75,72.5,1509.2234128117145,297.6424865722656,0.003300655400380492,4.501512521532632,240.56112473937458
2026,4,15,18,850.0,18.75,72.75,1508.6498224419145,297.6913146972656,0.0031680946704000235,4.321070443839161,239.7590825832884
2026,4,15,18,850.0,18.75,73.0,1508.3184146726967,297.9667053222656,0.0029468422289937735,4.019836291676786,238.25515069479405
2026,4,25,0,1000.0,19.25,72.5,63.73544992428607,301.9907531738281,0.019993856549263,31.758577895366315,386.85356538592384
2026,4,25,0,1000.0,19.25,72.75,62.894184048579284,301.4048156738281,0.020072534680366516,31.882045452321414,388.3655665199706
2026,4,25,0,1000.0,19.25,73.0,62.40981884741477,301.2680969238281,0.01744849979877472,27.75791249678841,371.6525903923974
2026,4,25,0,1000.0,19.0,72.5,63.65897120831273,301.9087219238281,0.020081117749214172,31.895513934691877,387.5543498101728
2026,4,25,0,1000.0,19.0,72.75,62.613762090010354,301.8364562988281,0.019263342022895813,30.611643116604277,382.4220150510233
2026,4,25,0,1000.0,19.0,73.0,62.10390398352139,301.5747375488281,0.01747472584247589,27.799195733078513,371.32813564937845
2026,4,25,0,1000.0,18.75,72.5,63.582492492339384,301.7641906738281,0.02021367847919464,32.10350953649675,388.65449155235353
2026,4,25,0,1000.0,18.75,72.75,62.205875604819184,301.9497375488281,0.019444063305854797,30.895475898908337,383.3927285154449
2026,4,25,0,1000.0,18.75,73.0,62.12939688884584,302.5669250488281,0.017597749829292297,27.992834262416622,370.5267826259769
2026,4,25,0,925.0,19.25,72.5,759.7606757914273,303.7386474609375,0.007600381970405579,11.250852490575559,281.80930795780904
2026,4,25,0,925.0,19.25,72.75,759.3272964009117,304.1331787109375,0.007308080792427063,10.82007198716394,279.64765458024436
2026,4,25,0,925.0,19.25,73.0,759.0978602529916,303.9066162109375,0.006526544690132141,9.667530086797045,275.2340535435287
2026,4,25,0,925.0,19.0,72.5,759.633211264805,303.9066162109375,0.007721021771430969,11.428601666031575,282.3462792437917
2026,4,25,0,925.0,19.0,72.75,759.3018034955873,303.8460693359375,0.006950452923774719,10.292808609023519,277.822923402593
2026,4,25,0,925.0,19.0,73.0,759.174338968965,303.8187255859375,0.005979612469673157,8.86031290460048,272.06307658138223
2026,4,25,0,925.0,18.75,72.5,759.4037751168851,303.7288818359375,0.007523134350776672,11.13702318788101,281.3595846594009
2026,4,25,0,925.0,18.75,72.75,759.2508176849383,303.7366943359375,0.006454542279243469,9.561292291001642,274.98035450150076
2026,4,25,0,925.0,18.75,73.0,759.0213815370183,303.9515380859375,0.005492284893989563,8.140615639205494,269.022865327527
2026,4,25,0,850.0,19.25,72.5,1508.522756241938,298.68487548828125,0.004926957190036774,6.712880404209199,248.9014458368576
2026,4,25,0,850.0,19.25,72.75,1508.2933200940179,298.63214111328125,0.0051134005188941956,6.966118763916201,250.00952443697742
2026,4,25,0,850.0,19.25,73.0,1507.9364194194757,298.75909423828125,0.00478295236825943,6.51724537006672,248.01509432657394
2026,4,25,0,850.0,19.0,72.5,1508.3697988099914,298.65948486328125,0.005159653723239899,7.028933746135486,250.2466429796251
2026,4,25,0,850.0,19.0,72.75,1508.1148697567469,298.64776611328125,0.005062855780124664,6.897471561869289,249.70783313076754
2026,4,25,0,850.0,19.0,73.0,1507.834447798178,298.76104736328125,0.004737652838230133,6.455697488523398,247.75609310765344
2026,4,25,0,850.0,18.75,72.5,1508.1658555673957,298.69854736328125,0.005247868597507477,7.1487257574447005,250.7108804964307
2026,4,25,0,850.0,18.75,72.75,1507.8599407035024,298.67510986328125,0.005038537085056305,6.8644416930085725,249.54422414882637
2026,4,25,0,850.0,18.75,73.0,1507.6559974609067,298.79425048828125,0.004713334143161774,6.422654600288389,247.58751211779295
2026,4,25,6,1000.0,19.25,72.5,84.5962146859529,301.65283203125,0.019604984670877457,31.148159957948305,384.9304074668312
2026,4,25,6,1000.0,19.25,72.75,82.27636030142811,305.03173828125,0.016975227743387222,27.012696304617098,362.6893464514724
2026,4,25,6,1000.0,19.25,73.0,79.29369037846767,309.13134765625,0.013160530477762222,20.99052942111582,332.9565806063102
2026,4,25,6,1000.0,19.0,72.5,84.34128563270842,301.54150390625,0.019908253103494644,31.624229369887683,387.07260140734115
2026,4,25,6,1000.0,19.0,72.75,82.58227516532149,303.26611328125,0.01917964592576027,30.48017288203671,379.4979620251023
2026,4,25,6,1000.0,19.0,73.0,79.54861943171215,307.54931640625,0.014815155416727066,23.606042666519357,345.40714094261756
2026,4,25,6,1000.0,18.75,72.5,84.13734239011283,301.47900390625,0.020328346639871597,32.28340393962018,389.8849191862462
2026,4,25,6,1000.0,18.75,72.75,82.4293177333748,301.80322265625,0.020007435232400894,31.779887404632046,387.26196801811113
2026,4,25,6,1000.0,18.75,73.0,79.16622585184544,306.57470703125,0.014744583517313004,23.49459407013251,346.3597820195131
2026,4,25,6,925.0,19.25,72.5,782.8376304280769,304.8973388671875,0.005290333181619644,7.842243886823484,266.88953121874107
2026,4,25,6,925.0,19.25,72.75,781.9963645523701,304.9207763671875,0.00564366951584816,8.364229633262596,268.9606793703441
2026,4,25,6,925.0,19.25,73.0,781.0403806027033,304.3055419921875,0.007096592336893082,10.508294672161039,278.2087197134321
2026,4,25,6,925.0,19.0,72.5,782.6591800908058,304.7938232421875,0.005427185446023941,8.044443014471755,267.8027138602995
2026,4,25,6,925.0,19.0,72.75,781.6522103304901,305.1239013671875,0.005463901907205582,8.098685857678444,267.695425742278
2026,4,25,6,925.0,19.0,73.0,780.8109444547832,304.6610107421875,0.006041828542947769,8.952164547692604,271.5813172797096
2026,4,25,6,925.0,18.75,72.5,782.3787581322368,304.8797607421875,0.00552159920334816,8.18391973691414,268.2778231700396
2026,4,25,6,925.0,18.75,72.75,781.5119993512056,305.1531982421875,0.0053985752165317535,8.002174191396385,267.2800183236296
2026,4,25,6,925.0,18.75,73.0,780.7727050967966,304.5399169921875,0.006946388632059097,10.286815168851994,277.07131298138876
2026,4,25,6,850.0,19.25,72.5,1532.743406260038,299.1558837890625,0.004015747457742691,5.4743978504253885,243.30361161029975
2026,4,25,6,850.0,19.25,72.75,1532.2080552482246,299.2711181640625,0.004395786672830582,5.991099384341674,245.3530299580599
2026,4,25,6,850.0,19.25,73.0,1531.8511545736822,299.5562744140625,0.004646603018045425,6.331979061700474,246.51268784450087
2026,4,25,6,850.0,19.0,72.5,1532.5649559227668,299.1656494140625,0.004168335348367691,5.681885037400743,244.15964701684487
2026,4,25,6,850.0,19.0,72.75,1531.9276332896557,299.2808837890625,0.004576031118631363,6.2360766256160725,246.36438944304834
2026,4,25,6,850.0,19.0,73.0,1531.5962255204377,299.4859619140625,0.004915539175271988,6.697369921777099,248.0962893102712
2026,4,25,6,850.0,18.75,72.5,1532.4374913961447,299.1597900390625,0.004442993551492691,6.055265263762743,245.72105101898092
2026,4,25,6,850.0,18.75,72.75,1531.8511545736822,299.2711181640625,0.004794422537088394,6.53282920298841,247.60914873748987
2026,4,25,6,850.0,18.75,73.0,1531.3667893725178,299.4859619140625,0.004749123007059097,6.471282177014477,247.15606188829426
2026,4,25,12,1000.0,19.25,72.5,50.91490850596279,301.7803955078125,0.017518360167741776,27.867879004899738,371.27874304538193
2026,4,25,12,1000.0,19.25,72.75,49.0156870592914,304.0635986328125,0.016531307250261307,26.313311464994598,361.3684382056725
2026,4,25,12,1000.0,19.25,73.0,45.39569450321976,308.4581298828125,0.0139516182243824,22.2416753076106,338.76730709544637
2026,4,25,12,1000.0,19.0,72.5,50.23934651486491,301.9483642578125,0.01715119555592537,27.28982551644398,368.6438562059836
2026,4,25,12,1000.0,19.0,72.75,48.556814763451335,302.9093017578125,0.017994720488786697,28.61746680902833,372.5184748217212
2026,4,25,12,1000.0,19.0,73.0,46.27519973691322,306.9112548828125,0.016119319945573807,25.66390216695048,354.46806739537567
2026,4,25,12,1000.0,18.75,72.5,50.18836070421602,302.1885986328125,0.016960937529802322,26.990188274350537,367.03819779733743
2026,4,25,12,1000.0,18.75,72.75,48.26364635222018,302.0538330078125,0.018022853881120682,28.661723333771985,374.08486185233596
2026,4,25,12,1000.0,18.75,73.0,47.25667659190447,305.5635986328125,0.016428787261247635,26.151740863189623,358.4304658027591
2026,4,25,12,925.0,19.25,72.5,753.3257088302325,306.2813720703125,0.0031021435279399157,4.604635563454666,252.66859424406272
2026,4,25,12,925.0,19.25,72.75,751.5539519101834,306.5977783203125,0.002992470981553197,4.442139732591319,251.7441850766579
2026,4,25,12,925.0,19.25,73.0,750.2920530966232,306.7637939453125,0.004736264236271381,7.023264650313571,261.8292126374975
2026,4,25,12,925.0,19.0,72.5,752.6501468391347,306.3516845703125,0.003187020542100072,4.730378366749935,253.10615004555663
2026,4,25,12,925.0,19.0,72.75,751.069586709019,306.5606689453125,0.003167947055771947,4.702122684837081,252.808652954021
2026,4,25,12,925.0,19.0,73.0,750.5852215078544,306.4981689453125,0.005097229965031147,7.556876982011881,264.1990183003575
2026,4,25,12,925.0,18.75,72.5,752.3569784279035,306.3966064453125,0.0032523472327739,4.827149123328835,253.45077531626671
2026,4,25,12,925.0,18.75,72.75,751.0313473510322,306.4434814453125,0.0035780270118266344,5.309475804908144,255.32486938559398
2026,4,25,12,925.0,18.75,73.0,750.1900814753254,306.2637939453125,0.005310853011906147,7.8725640586306,265.67955939966777
2026,4,25,12,850.0,19.25,72.5,1506.0001535947547,300.3831787109375,0.004873096942901611,6.639713578111476,247.03396076259628
2026,4,25,12,850.0,19.25,72.75,1505.0696625504122,300.4886474609375,0.005547821521759033,7.555953185480144,250.72258760650308
2026,4,25,12,850.0,19.25,73.0,1504.48332572795,300.3616943359375,0.006277859210968018,8.546461916591198,254.93698603773328
2026,4,25,12,850.0,19.0,72.5,1505.4775490356035,300.4398193359375,0.0049765706062316895,6.780273868005452,247.56305484751348
2026,4,25,12,850.0,19.0,72.75,1504.5852973492479,300.4749755859375,0.005442440509796143,7.4129008016961775,250.14441623607004
2026,4,25,12,850.0,19.0,73.0,1504.3431147486656,300.2542724609375,0.0062354207038879395,8.488905692514713,254.80270637745937
2026,4,25,12,850.0,18.75,72.5,1505.388323866968,300.4261474609375,0.0052626729011535645,7.168828111495098,249.18137238741264
2026,4,25,12,850.0,18.75,72.75,1504.4705792752877,300.3499755859375,0.005919277667999268,8.060051058955132,252.93710408268836
2026,4,25,12,850.0,18.75,73.0,1503.8205101895144,300.1781005859375,0.0065901875495910645,8.969958897468889,256.86761191440064
2026,4,25,18,1000.0,19.25,72.5,69.28254679222773,302.33349609375,0.017952371388673782,28.550844789622236,373.178073626765
2026,4,25,18,1000.0,19.25,72.75,71.0670501649391,302.26904296875,0.017107892781496048,27.221634032905794,367.8560509951003
2026,4,25,18,1000.0,19.25,73.0,70.92683918565464,302.95458984375,0.014229703694581985,22.681198439581692,348.32040154660626
2026,4,25,18,1000.0,19.0,72.5,71.28373986019692,302.27294921875,0.017823148518800735,28.347535237625223,372.44618418833454
2026,4,25,18,1000.0,19.0,72.75,72.50739931577043,302.51318359375,0.01685469225049019,26.822832808060387,365.8440994031104
2026,4,25,18,1000.0,19.0,73.0,71.74261215603698,303.71240234375,0.014683175832033157,23.397610080054733,350.11884939558047
2026,4,25,18,1000.0,18.75,72.5,73.90950910861508,302.19482421875,0.01753084734082222,27.887533965867938,370.6935389964073
2026,4,25,18,1000.0,18.75,72.75,73.8712697506284,302.62060546875,0.01662914827466011,26.467489472115375,364.22813607762185
2026,4,25,18,1000.0,18.75,73.0,72.9662716116105,304.32373046875,0.015231538563966751,24.263410696695434,352.7128732678867
2026,4,25,18,925.0,19.25,72.5,770.036706597054,306.25927734375,0.003155639162287116,4.683889282881664,253.00331740965902
2026,4,25,18,925.0,19.25,72.75,770.1131853130274,306.04052734375,0.0028523707296699286,4.234529375779297,251.4079252956161
2026,4,25,18,925.0,19.25,73.0,770.1386782183519,305.88623046875,0.002579143038019538,3.8295399198805646,249.928772663789
2026,4,25,18,925.0,19.0,72.5,770.9162118307476,306.11865234375,0.002903869142755866,4.31084742978658,251.64323850946982
2026,4,25,18,925.0,19.0,72.75,771.0181834520454,305.74951171875,0.002571036806330085,3.8175224748167977,249.99941010746087
2026,4,25,18,925.0,19.0,73.0,771.0436763573698,305.68310546875,0.0023788714315742254,3.5326037131934975,248.91969807162153
2026,4,25,18,925.0,18.75,72.5,771.9741674017122,305.78662109375,0.002473285188898444,3.6725969168130272,249.38910412991626
2026,4,25,18,925.0,18.75,72.75,771.9869138543744,305.54248046875,0.00224678753875196,3.3367277142244682,248.25814306433534
2026,4,25,18,925.0,18.75,73.0,771.8594493277521,305.42724609375,0.0023330950643867254,3.464722446001395,248.868622404163
2026,4,25,18,850.0,19.25,72.5,1523.2110513019227,300.20751953125,0.005731035023927689,7.8046179784613905,252.01578580785335
2026,4,25,18,850.0,19.25,72.75,1522.8541506273805,300.29150390625,0.005186010152101517,7.064725986024488,248.87578094390918
2026,4,25,18,850.0,19.25,73.0,1522.3952783315403,300.26611328125,0.0050935037434101105,6.939096513153994,248.3795553670827
2026,4,25,18,850.0,19.0,72.5,1523.567951976465,300.15283203125,0.0056161172688007355,7.648653393689131,251.42186062014466
2026,4,25,18,850.0,19.0,72.75,1523.0963332279628,300.20361328125,0.004786420613527298,6.521957490495159,246.7107788115941
2026,4,25,18,850.0,19.0,73.0,1522.6119680267982,300.10595703125,0.004921365529298782,6.70528459607126,247.55909916080935
2026,4,25,18,850.0,18.75,72.5,1523.9503455563317,300.08447265625,0.005077291280031204,6.917077526440815,248.45608126433973
2026,4,25,18,850.0,18.75,72.75,1523.3257693758828,300.06103515625,0.004539418965578079,6.186319955060768,245.45037385131377
2026,4,25,18,850.0,18.75,73.0,1522.8668970800427,299.94580078125,0.0050324685871601105,6.856199253216344,248.33180272568495
2026,4,30,0,1000.0,19.25,72.5,59.21205253577929,300.6044921875,0.020705416798591614,32.87478686260607,393.84681980259177
2026,4,30,0,1000.0,19.25,72.75,59.93860033752607,300.4013671875,0.020798876881599426,33.02132481702601,394.81064694288835
2026,4,30,0,1000.0,19.25,73.0,60.56317651797505,299.3818359375,0.02010221779346466,31.92862336379161,392.07418738747305
2026,4,30,0,1000.0,19.0,72.5,59.989586148174965,300.7119140625,0.02041931450366974,32.426099082458855,391.80690229639697
2026,4,30,0,1000.0,19.0,72.75,60.41021908602836,300.7099609375,0.020189478993415833,32.06554158654063,390.3230529773001
2026,4,30,0,1000.0,19.0,73.0,60.639655233948396,299.5693359375,0.01973886787891388,31.358350589551264,389.37541131647333
2026,4,30,0,1000.0,18.75,72.5,61.11127398245069,300.7314453125,0.02034159004688263,32.30417894684266,391.26993370951334
2026,4,30,0,1000.0,18.75,72.75,61.073034624464015,300.8173828125,0.020165160298347473,32.02738549095595,389.97917531655105
2026,4,30,0,1000.0,18.75,73.0,61.77408952088634,299.8759765625,0.01955147087574005,31.064136244256467,387.62374773101976
2026,4,30,0,925.0,19.25,72.5,748.1511967485075,300.5804443359375,0.006129458546638489,9.081523877993128,276.29727222264796
2026,4,30,0,925.0,19.25,72.75,748.0237322218852,300.0472412109375,0.006444647908210754,9.546692664845496,278.782274539987
2026,4,30,0,925.0,19.25,73.0,747.8325354319518,299.8792724609375,0.007128432393074036,10.555238541086247,283.1438220034392
2026,4,30,0,925.0,19.0,72.5,749.1454200561609,301.0765380859375,0.005541995167732239,8.214048444063941,272.2107925299621
2026,4,30,0,925.0,19.0,72.75,748.8904910029164,300.6878662109375,0.0059225112199783325,8.776006353626506,274.92476056819953
2026,4,30,0,925.0,19.0,73.0,748.7757729289564,300.2991943359375,0.006233885884284973,9.235661492532628,277.2287325496836
2026,4,30,0,925.0,18.75,72.5,750.2161220797877,301.1038818359375,0.005253985524177551,7.788534612987467,270.43239187678176
2026,4,30,0,925.0,18.75,72.75,749.88471431057,300.9847412109375,0.00557728111743927,8.266170725313815,272.51873203753576
2026,4,30,0,925.0,18.75,73.0,749.88471431057,300.2113037109375,0.0062162429094314575,9.209621346016727,277.21331160209905
2026,4,30,0,850.0,19.25,72.5,1491.1322132175617,296.31597900390625,0.00714372843503952,9.720131212539608,263.8926784898001
2026,4,30,0,850.0,19.25,72.75,1491.0684809542506,296.44097900390625,0.007024042308330536,9.557972194332262,263.07570551710893
2026,4,30,0,850.0,19.25,73.0,1490.7880589956817,296.38433837890625,0.006945841014385223,9.452007000168825,262.6837879712557
2026,4,30,0,850.0,19.0,72.5,1492.3431262204729,296.33941650390625,0.007123701274394989,9.692998670477012,263.7532970684694
2026,4,30,0,850.0,19.0,72.75,1492.0754507145662,296.45855712890625,0.006958715617656708,9.46945317912368,262.6820219833023
2026,4,30,0,850.0,19.0,73.0,1491.8077752086595,296.50933837890625,0.006734125316143036,9.165075281945256,261.3387987655613
2026,4,30,0,850.0,18.75,72.5,1493.5540392233843,296.46246337890625,0.007002107799053192,9.528251261642074,262.92756693392136
2026,4,30,0,850.0,18.75,72.75,1493.0951669275441,296.59722900390625,0.006734125316143036,9.165075281945256,261.2498372650535
2026,4,30,0,850.0,18.75,73.0,1492.8784772322863,296.75152587890625,0.006211988627910614,8.457125224889342,258.09515606859185
2026,4,30,6,1000.0,19.25,72.5,87.53648771656223,300.85968017578125,0.02017054706811905,32.03583744275069,389.94062032836104
2026,4,30,6,1000.0,19.25,72.75,87.48550190591334,302.17608642578125,0.018587924540042877,29.550316809875028,377.5160037198312
2026,4,30,6,1000.0,19.25,73.0,85.68825208053974,304.36163330078125,0.01725039631128311,27.446029524434614,365.4716347708879
2026,4,30,6,1000.0,19.0,72.5,89.16803365732692,300.88116455078125,0.019639350473880768,31.20211595176033,386.4682474854585
2026,4,30,6,1000.0,19.0,72.75,89.77986338511367,301.09991455078125,0.019513942301273346,31.005208212546744,385.2840245368219
2026,4,30,6,1000.0,19.0,73.0,87.74043095915782,303.33819580078125,0.017629481852054596,28.042775502528993,369.4978666888835
2026,4,30,6,1000.0,18.75,72.5,90.88880476672718,300.95538330078125,0.019458629190921783,30.918349744748856,385.17264579533435
2026,4,30,6,1000.0,18.75,72.75,91.44964868386504,300.69561767578125,0.01933465152978897,30.723646006191075,384.81227063424024
2026,4,30,6,1000.0,18.75,73.0,89.21901946797581,302.92218017578125,0.016727782785892487,26.622899485143144,364.39003457780456
2026,4,30,6,925.0,19.25,72.5,776.2051930322791,300.0262451171875,0.006430961191654205,9.526496959956118,278.7208667944858
2026,4,30,6,925.0,19.25,72.75,777.3523737718793,297.8660888671875,0.012540198862552643,18.50796236982058,318.7889620208589
2026,4,30,6,925.0,19.25,73.0,778.0279357629772,297.0672607421875,0.01601109653711319,23.58126351080086,341.2992079602959
2026,4,30,6,925.0,19.0,72.5,777.505331203826,299.1492919921875,0.007699348032474518,11.396669761525366,287.448967280328
2026,4,30,6,925.0,19.0,72.75,777.9896964049906,298.1082763671875,0.00906691700220108,13.409869219155414,297.0690412805978
2026,4,30,6,925.0,19.0,73.0,779.0349055232929,297.3465576171875,0.013052321970462799,19.257851868945455,322.6457344747371
2026,4,30,6,925.0,18.75,72.5,778.8437087333596,298.0828857421875,0.01083073765039444,16.001482245920513,307.97853915046346
2026,4,30,6,925.0,18.75,72.75,778.983919712644,297.9422607421875,0.010704852640628815,15.816700088201099,307.3791867540588
2026,4,30,6,925.0,18.75,73.0,780.3987759581508,297.7567138671875,0.012225963175296783,18.04760527335088,316.99787344182727
2026,4,30,6,850.0,19.25,72.5,1519.5663624938181,296.6851806640625,0.006266750395298004,8.531396133166073,258.47561235360564
2026,4,30,6,850.0,19.25,72.75,1519.617348304467,296.7340087890625,0.006436504423618317,8.761594553314522,259.4022931983046
2026,4,30,6,850.0,19.25,73.0,1519.4006586092091,296.5406494140625,0.006700195372104645,9.119084244503167,261.11201903151573
2026,4,30,6,850.0,19.0,72.5,1520.3438961062138,296.6871337890625,0.00646749883890152,8.80362005614886,259.6272261603008
2026,4,30,6,850.0,19.0,72.75,1520.305656748227,296.7301025390625,0.00659719854593277,8.979463516497638,260.3291526359643
2026,4,30,6,850.0,19.0,73.0,1520.3311496535514,296.5406494140625,0.006735958158969879,9.167559592512472,261.31763711116696
2026,4,30,6,850.0,18.75,72.5,1521.044951002636,296.6773681640625,0.006651557981967926,9.053154403361432,260.6944757667052
2026,4,30,6,850.0,18.75,72.75,1520.981218739325,296.7359619140625,0.006705917418003082,9.126840441206598,260.947567678743
2026,4,30,6,850.0,18.75,73.0,1521.2234013399072,296.4566650390625,0.006714023649692535,9.137828294572516,261.2765032926019
2026,4,30,12,1000.0,19.25,72.5,64.58819258647193,301.1588134765625,0.019923176616430283,31.64765175702571,387.8258505160065
2026,4,30,12,1000.0,19.25,72.75,64.9960790716631,301.6177978515625,0.019274678081274033,30.629448835504817,382.8631814798219
2026,4,30,12,1000.0,19.25,73.0,62.523267255191634,303.3482666015625,0.017506565898656845,27.849314412117884,368.69763933868603
2026,4,30,12,1000.0,19.0,72.5,65.55692298880098,301.2232666015625,0.019667115062475204,31.245706089165036,386.0626845525699
2026,4,30,12,1000.0,19.0,72.75,66.01579528464104,301.0220947265625,0.019721951335668564,31.331794240877123,386.7609551388642
2026,4,30,12,1000.0,19.0,73.0,64.10382738530743,302.7896728515625,0.017751183360815048,28.234296970732448,371.1527349529631
2026,4,30,12,1000.0,18.75,72.5,66.48741403314332,301.3599853515625,0.01947876438498497,30.949968813812934,384.614663091078
2026,4,30,12,1000.0,18.75,72.75,66.46192112781888,300.8541259765625,0.019482102245092392,30.95521030992278,385.49705069257595
2026,4,30,12,1000.0,18.75,73.0,65.5186836308143,302.4068603515625,0.0171794556081295,27.33432640505336,368.09742526127786
2026,4,30,12,925.0,19.25,72.5,753.8767937445509,299.4166564941406,0.00814148411154747,12.047902911497959,289.8594369451714
2026,4,30,12,925.0,19.25,72.75,754.4121447563643,299.4459533691406,0.007442440837621689,11.018104779196895,285.5424250480429
2026,4,30,12,925.0,19.25,73.0,754.0170047238354,299.2389221191406,0.00939413532614708,13.891074286037489,297.7392190712787
2026,4,30,12,925.0,19.0,72.5,755.0367209368134,299.4928283691406,0.007735695689916611,11.45022026460315,287.28751030150636
2026,4,30,12,925.0,19.0,72.75,755.1386925581111,300.0104064941406,0.006811108440160751,10.087306331914608,281.0617476561985
2026,4,30,12,925.0,19.0,73.0,755.0877067474622,299.7408752441406,0.008075203746557236,11.950299115264237,289.086531892415
2026,4,30,12,925.0,18.75,72.5,755.9672119811557,299.8424377441406,0.0074638985097408295,11.049728184425707,285.2355236041882
2026,4,30,12,925.0,18.75,72.75,755.9417190758312,300.4498596191406,0.006548848003149033,9.700436201003841,278.99103428598204
2026,4,30,12,925.0,18.75,73.0,756.4643236349824,299.3736877441406,0.00999685749411583,14.776935560571717,301.2659335728093
2026,4,30,12,850.0,19.25,72.5,1496.6789117588576,297.2022705078125,0.004792146384716034,6.529736748013306,249.51042425223483
2026,4,30,12,850.0,19.25,72.75,1496.9720801700887,297.1417236328125,0.004880838096141815,6.650229895259564,250.07591593219632
2026,4,30,12,850.0,19.25,73.0,1496.7298975695064,296.8956298828125,0.005199842154979706,7.083509498557778,252.1399593515589
2026,4,30,12,850.0,19.0,72.5,1498.1447538150135,297.2198486328125,0.004934243857860565,6.7227786618945995,250.3091256865776
2026,4,30,12,850.0,19.0,72.75,1498.2467254363112,297.2491455078125,0.005134992301464081,6.995442304221492,251.4327094944232
2026,4,30,12,850.0,19.0,73.0,1498.1575002676757,296.9268798828125,0.005536966025829315,7.5412179344714225,254.04668488290403
2026,4,30,12,850.0,18.75,72.5,1499.6105958711692,297.2803955078125,0.0051988884806632996,7.082214442890316,251.76940724819548
2026,4,30,12,850.0,18.75,72.75,1499.5086242498714,297.3077392578125,0.005403928458690643,7.36061699080844,252.91831816301362
2026,4,30,12,850.0,18.75,73.0,1499.381159723249,296.9014892578125,0.005710534751415253,7.7767969192884525,255.06796819339033
2026,4,30,18,1000.0,19.25,72.5,76.35403973324225,300.8935241699219,0.020122233778238297,31.960030950507345,389.5696008985034
2026,4,30,18,1000.0,19.25,72.75,77.36100949355794,300.8935241699219,0.020077887922525406,31.890445733005986,389.2829190877342
2026,4,30,18,1000.0,19.25,73.0,78.15128955861584,300.7040710449219,0.01982850208878517,31.499053391335146,387.9964914983768
2026,4,30,18,1000.0,19.0,72.5,77.13157334563792,300.9482116699219,0.019874755293130875,31.571653176974458,387.8754036578256
2026,4,30,18,1000.0,19.0,72.75,78.07481084264249,300.9950866699219,0.019648734480142593,31.216848914081062,386.33399266498634
2026,4,30,18,1000.0,19.0,73.0,78.57192249646924,300.6767272949219,0.019480887800455093,30.953303250154246,385.79193238557184
2026,4,30,18,1000.0,18.75,72.5,78.17678246394028,300.9657897949219,0.01973981037735939,31.359830150035442,386.97289225512156
2026,4,30,18,1000.0,18.75,72.75,78.82685154971372,300.9950866699219,0.01954764500260353,31.058128912155635,385.68052864654913
2026,4,30,18,1000.0,18.75,73.0,79.65537097275829,300.5068054199219,0.01923913136124611,30.573614250993124,384.5140352760161
2026,4,30,18,925.0,19.25,72.5,765.0281971449222,299.23150634765625,0.0076367296278476715,11.30440940557407,286.97260810612255
2026,4,30,18,925.0,19.25,72.75,765.4615765354378,297.57720947265625,0.010626498609781265,15.70167279116232,307.35337349228877
2026,4,30,18,925.0,19.25,73.0,765.1811545768688,296.37994384765625,0.013487998396158218,19.895437869399736,326.6712294190719
2026,4,30,18,925.0,19.0,72.5,765.8439701153045,299.54010009765625,0.007322493940591812,10.841317016563117,284.7033381959649
2026,4,30,18,925.0,19.0,72.75,766.0988991685489,297.48541259765625,0.012017909437417984,17.74270930257416,316.0712013020899
2026,4,30,18,925.0,19.0,73.0,765.8439701153045,296.44244384765625,0.014053050428628922,20.721858575857055,330.0923032741823
2026,4,30,18,925.0,18.75,72.5,766.7107288963357,299.56158447265625,0.007350150495767593,10.882081835319314,284.8491297394108
2026,4,30,18,925.0,18.75,72.75,766.7872076123091,297.72369384765625,0.011233512312173843,16.592512283844517,310.9183329979263
2026,4,30,18,925.0,18.75,73.0,766.8381934229579,296.77642822265625,0.012698356062173843,18.739597572905947,321.2271462850827
2026,4,30,18,850.0,19.25,72.5,1507.3699989292982,297.49957275390625,0.0044544897973537445,6.070890962844941,247.29978972531111
2026,4,30,18,850.0,19.25,72.75,1506.630704674889,297.34332275390625,0.00454079732298851,6.188193211187973,247.93807298027
2026,4,30,18,850.0,19.25,73.0,1505.4580310299646,297.13043212890625,0.004934664815664291,6.723350491084265,250.39541282768815
2026,4,30,18,850.0,19.0,72.5,1508.4024615949381,297.43121337890625,0.004424925893545151,6.030707260366471,247.1930807276939
2026,4,30,18,850.0,19.0,72.75,1507.4592240979337,297.27301025390625,0.004530306905508041,6.173936134471482,247.9427162451493
2026,4,30,18,850.0,19.0,73.0,1506.3630291689824,297.04840087890625,0.004984255880117416,6.7907129646505435,250.75716277604846
2026,4,30,18,850.0,18.75,72.5,1509.524149429214,297.39410400390625,0.004452582448720932,6.068298509366289,247.3856363048005
2026,4,30,18,850.0,18.75,72.75,1508.440700952925,297.21051025390625,0.004664774984121323,6.356672205962092,248.77195921346333
2026,4,30,18,850.0,18.75,73.0,1507.4592240979337,296.90972900390625,0.005176898092031479,7.052351865293561,251.99472978554877
2026,5,1,0,1000.0,19.25,72.5,68.38790514599788,300.79986572265625,0.020532436668872833,32.60352444398677,392.38466809034605
2026,5,1,0,1000.0,19.25,72.75,69.31839619034024,300.81549072265625,0.020367451012134552,32.344746236501905,391.29062094948506
2026,5,1,0,1000.0,19.25,73.0,70.38909821396706,300.46392822265625,0.019908733665943146,31.62498361705295,388.9308268616303
2026,5,1,0,1000.0,19.0,72.5,69.54783233826026,300.81744384765625,0.02030164748430252,32.24151981952256,390.86172056175775
2026,5,1,0,1000.0,19.0,72.75,70.27438014000704,300.96002197265625,0.019785232841968536,31.431133623181264,387.2764143983826
2026,5,1,0,1000.0,19.0,73.0,71.09015311038938,300.46783447265625,0.019589729607105255,31.12420804693346,386.85509329800146
2026,5,1,0,1000.0,18.75,72.5,71.01367439441604,300.83306884765625,0.02016431838274002,32.026064503232234,389.94651336043444
2026,5,1,0,1000.0,18.75,72.75,71.37057506895832,300.98541259765625,0.01970655471086502,31.30762345935365,386.7242916737564
2026,5,1,0,1000.0,18.75,73.0,72.56874161920737,300.24713134765625,0.01949722319841385,30.97895472604404,386.63304893715394
2026,5,1,0,925.0,19.25,72.5,756.4010394891477,297.61810302734375,0.010680504143238068,15.780956547202342,307.63592356175303
2026,5,1,0,925.0,19.25,72.75,757.1148408382322,296.59661865234375,0.013103790581226349,19.333190504072913,323.9869248556353
2026,5,1,0,925.0,19.25,73.0,757.0638550275834,295.68450927734375,0.015063591301441193,22.19842968249949,337.4639686246368
2026,5,1,0,925.0,19.0,72.5,757.5737131340724,297.85247802734375,0.00983697921037674,14.542014566720082,302.1325634120885
2026,5,1,0,925.0,19.0,72.75,758.0835712405612,296.62982177734375,0.013590164482593536,20.04490326550772,326.9585448612884
2026,5,1,0,925.0,19.0,73.0,757.9561067139391,295.71771240234375,0.01542169600725174,22.721250043283824,339.64545511608304
2026,5,1,0,925.0,18.75,72.5,758.8993442109437,297.53802490234375,0.011764831840991974,17.371729139004636,314.4390347134673
2026,5,1,0,925.0,18.75,72.75,759.1542732641881,296.33489990234375,0.014349766075611115,21.15559676376971,332.08637430049305
2026,5,1,0,925.0,18.75,73.0,759.1797661695126,295.76458740234375,0.015424557030200958,22.725426129068342,339.59407512469187
2026,5,1,0,850.0,19.25,72.5,1496.3662253419875,296.8915710449219,0.004778265953063965,6.510878155468757,249.72062202468945
2026,5,1,0,850.0,19.25,72.75,1495.3465091290095,296.6259460449219,0.004810214042663574,6.554283823483969,250.1529465475935
2026,5,1,0,850.0,19.25,73.0,1494.0463709574626,296.4286804199219,0.004881739616394043,6.651454599505253,250.75040070926184
2026,5,1,0,850.0,19.0,72.5,1497.6153777028853,296.7372741699219,0.004788756370544434,6.5251309481941755,249.92518117741557
2026,5,1,0,850.0,19.0,72.75,1496.4427040579608,296.5400085449219,0.00480496883392334,6.547157635087475,250.20326827804064
2026,5,1,0,850.0,19.0,73.0,1495.3974949396584,296.4228210449219,0.004848837852478027,6.606757088632963,250.56617103727018
2026,5,1,0,850.0,18.75,72.5,1498.839037158459,296.6454772949219,0.004748225212097168,6.470062337500344,249.7776569270319
2026,5,1,0,850.0,18.75,72.75,1497.6663635135342,296.5165710449219,0.004766345024108887,6.494681580145649,250.0026162878076
2026,5,1,0,850.0,18.75,73.0,1496.8250976378274,296.4091491699219,0.004781126976013184,6.514765298727999,250.18847384921958
2026,5,1,6,1000.0,19.25,72.5,91.68523399937799,301.049560546875,0.01999303326010704,31.757285867308394,388.46505605152265
2026,5,1,6,1000.0,19.25,72.75,91.45579785145794,302.063232421875,0.01862260326743126,29.60483067398159,377.92501764518994
2026,5,1,6,1000.0,19.25,73.0,89.39087252017764,304.114013671875,0.016955580562353134,26.98175059707315,363.9867990767917
2026,5,1,6,1000.0,19.0,72.5,92.8579076443026,300.987060546875,0.019685950130224228,31.275276137084145,386.5882846979472
2026,5,1,6,1000.0,19.0,72.75,93.29128703481821,301.180419921875,0.019324984401464462,30.70846281024074,383.92672666688105
2026,5,1,6,1000.0,19.0,73.0,91.20086879821346,303.164794921875,0.017622675746679306,28.03206391786174,369.7307938597334
2026,5,1,6,1000.0,18.75,72.5,94.2855103424717,301.049560546875,0.019395556300878525,30.81929901142682,384.60468020893404
2026,5,1,6,1000.0,18.75,72.75,94.66790392233843,300.836669921875,0.019190039485692978,30.496499855200984,383.63628130746974
2026,5,1,6,1000.0,18.75,73.0,92.55199278040922,302.701904296875,0.017175402492284775,27.327944087375506,367.60409611753255
2026,5,1,6,925.0,19.25,72.5,779.7417361560778,296.6580810546875,0.013364043086767197,19.714070886499826,325.5171232309075
2026,5,1,6,925.0,19.25,72.75,780.837931085029,296.2381591796875,0.01570674404501915,23.13724910051649,340.6469339838032
2026,5,1,6,925.0,19.25,73.0,781.1183530435981,296.7791748046875,0.016397681087255478,24.14501032474475,344.11475958713754
2026,5,1,6,925.0,19.0,72.5,780.7614523690557,296.7694091796875,0.012593474239110947,18.58599380490941,320.58608320468613
2026,5,1,6,925.0,19.0,72.75,781.2713104755447,296.4920654296875,0.013788904994726181,20.335600927913145,328.3834129109307
2026,5,1,6,925.0,19.0,73.0,781.9851118246293,296.5897216796875,0.01527806743979454,22.51158443226648,337.47371071493006
2026,5,1,6,925.0,18.75,72.5,781.9341260139804,296.9627685546875,0.011904444545507431,17.576397945874984,316.0558814816286
2026,5,1,6,925.0,18.75,72.75,782.0870834459271,296.9334716796875,0.011968817561864853,17.67075559783146,316.4935796957639
2026,5,1,6,925.0,18.75,73.0,783.2597570908516,296.9237060546875,0.013996805995702744,20.639623117999307,329.06703382458636
2026,5,1,6,850.0,19.25,72.5,1519.5082068035467,297.1740417480469,0.0052301473915576935,7.124662148380916,252.04949678757654
2026,5,1,6,850.0,19.25,72.75,1518.8963770757598,296.6662292480469,0.0052606649696826935,7.166101618077585,252.7081602599189
2026,5,1,6,850.0,19.25,73.0,1517.9531395787553,295.9045104980469,0.006124693900346756,8.338721151104432,258.4323784719209
2026,5,1,6,850.0,19.0,72.5,1520.4004584899023,296.9377136230469,0.005215365439653397,7.104589354417695,252.18915261328118
2026,5,1,6,850.0,19.0,72.75,1519.7631358567912,296.6310729980469,0.0052301473915576935,7.124662148380916,252.56604393755617
2026,5,1,6,850.0,19.0,73.0,1519.074827413031,296.1896667480469,0.005795199424028397,7.891691457357178,256.24874234924357
2026,5,1,6,850.0,18.75,72.5,1521.5476392295025,296.6955261230469,0.0051424093544483185,7.005515137676962,251.99975886860588
2026,5,1,6,850.0,18.75,72.75,1520.9867953123646,296.5724792480469,0.005167681723833084,7.039835955804583,252.2621812092371
2026,5,1,6,850.0,18.75,73.0,1520.5789088271736,296.2814636230469,0.005375582724809647,7.322133374210594,253.7388306151636
2026,5,1,12,1000.0,19.25,72.5,64.31979511351992,301.2803955078125,0.01957964524626732,31.10837439374004,385.4007915996973
2026,5,1,12,1000.0,19.25,72.75,64.85514612533332,301.7667236328125,0.018986936658620834,30.177413964436564,380.76072562251437
2026,5,1,12,1000.0,19.25,73.0,63.0451498472975,303.2315673828125,0.017251726239919662,27.448123536950757,367.25553166781503
2026,5,1,12,1000.0,19.0,72.5,65.64542619039122,301.3214111328125,0.0193936787545681,30.816350365917422,384.1312473806024
2026,5,1,12,1000.0,19.0,72.75,66.33373463415131,301.2022705078125,0.01941513642668724,30.850048775427137,384.47183510098864
2026,5,1,12,1000.0,19.0,73.0,64.93162484130667,302.7354736328125,0.01732468232512474,27.562989948862324,368.5076091249829
2026,5,1,12,1000.0,18.75,72.5,67.04753598323587,301.3936767578125,0.019257303327322006,30.602157946845598,383.1292782555987
2026,5,1,12,1000.0,18.75,72.75,67.3789437524537,300.9678955078125,0.01923966035246849,30.5744451750946,383.7351989455595
2026,5,1,12,1000.0,18.75,73.0,66.6396494980447,302.3272705078125,0.01684689149260521,26.810544365261507,366.0861942890941
2026,5,1,12,925.0,19.25,72.5,753.222840973982,298.08197021484375,0.010392900556325912,15.358675571668536,305.281220154277
2026,5,1,12,925.0,19.25,72.75,753.8601636070932,297.46087646484375,0.012196775525808334,18.00483633975159,317.208438043049
2026,5,1,12,925.0,19.25,73.0,753.8091777964443,297.16986083984375,0.014114614576101303,20.811865643400136,329.44969779454766
2026,5,1,12,925.0,19.0,72.5,754.6249507668266,298.28704833984375,0.009876962751150131,14.600769597263119,301.849756960162
2026,5,1,12,925.0,19.0,72.75,754.8543869147467,298.39056396484375,0.00881170853972435,13.034429237439735,295.16198707117456
2026,5,1,12,925.0,19.0,73.0,755.0838230626667,297.69329833984375,0.01108383759856224,16.372913723069523,310.0329357822766
2026,5,1,12,925.0,18.75,72.5,755.8231173170757,298.45111083984375,0.009159799665212631,13.546481183251734,297.23528712667917
2026,5,1,12,925.0,18.75,72.75,755.9505818436979,299.01947021484375,0.007961984723806381,11.783555825951908,289.2083587212243
2026,5,1,12,925.0,18.75,73.0,756.7153690034314,298.03704833984375,0.011004205793142319,16.25606398853293,309.1052821732185
2026,5,1,12,850.0,19.25,72.5,1494.197336756181,297.59173583984375,0.004237886518239975,5.776447150976362,245.9751440733732
2026,5,1,12,850.0,19.25,72.75,1493.8659289869631,297.20111083984375,0.0042569600045681,5.802378163973919,246.4399628213057
2026,5,1,12,850.0,19.25,73.0,1493.2540992591762,296.67572021484375,0.004797693341970444,6.537273010422037,250.03422764586776
2026,5,1,12,850.0,19.0,72.5,1495.7778968862967,297.38079833984375,0.004389043897390366,5.981933977191183,247.03358436081754
2026,5,1,12,850.0,19.0,72.75,1495.3700104011054,297.08197021484375,0.004393812268972397,5.988415598844103,247.33486720288957
2026,5,1,12,850.0,19.0,73.0,1494.9621239159144,296.61322021484375,0.004777189344167709,6.509415411871933,249.97464579782863
2026,5,1,12,850.0,18.75,72.5,1497.332964111088,297.19915771484375,0.004644628614187241,6.329296091991555,248.66687990048712
2026,5,1,12,850.0,18.75,72.75,1496.8995847205724,297.05072021484375,0.004634138196706772,6.3150408094044,248.744243429383
2026,5,1,12,850.0,18.75,73.0,1496.644655667328,296.59564208984375,0.004807230085134506,6.55022979714562,250.16415491853866
2026,5,1,18,1000.0,19.25,72.5,74.00829411674731,301.11663818359375,0.019527658820152283,31.02674644122908,385.34414528364033
2026,5,1,18,1000.0,19.25,72.75,75.61434715218755,301.19085693359375,0.019437536597251892,30.885226414097694,384.63585244280546
2026,5,1,18,1000.0,19.25,73.0,76.91448532373441,301.06976318359375,0.019264444708824158,30.613375132770045,383.72297544976357
2026,5,1,18,1000.0,19.0,72.5,75.10448904569859,301.11663818359375,0.01943705976009369,30.884477590139706,384.75888486996047
2026,5,1,18,1000.0,19.0,72.75,76.54483819652991,301.23187255859375,0.018978342413902283,30.163910208478033,381.6011372575302
2026,5,1,18,1000.0,19.0,73.0,77.57730086217006,300.99163818359375,0.018879637122154236,30.00880895825319,381.36617216131316
2026,5,1,18,1000.0,18.75,72.5,76.35364140659655,301.10101318359375,0.019381269812583923,30.796862226086947,384.4249782266233
2026,5,1,18,1000.0,18.75,72.75,77.36061116691225,301.21234130859375,0.0190570205450058,30.28752846506126,382.1421347113003
2026,5,1,18,1000.0,18.75,73.0,78.67349579112134,300.73577880859375,0.018876299262046814,30.00356366686948,381.7742020167626
2026,5,1,18,925.0,19.25,72.5,762.3639395843637,297.4627685546875,0.011733278632164001,17.32546812980997,314.3420971156909
2026,5,1,18,925.0,19.25,72.75,763.689570661235,296.1893310546875,0.014027342200279236,20.684271050869786,330.2898015029082
2026,5,1,18,925.0,19.25,73.0,764.2249216730485,295.2537841796875,0.01595042645931244,23.49276600048002,343.6327855367331
2026,5,1,18,925.0,19.0,72.5,763.3581628920172,297.5643310546875,0.011196836829185486,16.53870670940321,310.89560178077653
2026,5,1,18,925.0,19.0,72.75,764.4543578209684,296.1209716796875,0.01442025601863861,21.258615990738758,332.829467000912
2026,5,1,18,925.0,19.0,73.0,764.9132301168086,295.3670654296875,0.015832647681236267,23.32094739426085,342.7278490642017
2026,5,1,18,925.0,18.75,72.5,764.3523861996707,297.5076904296875,0.011296495795249939,16.684908030701127,311.58417566477755
2026,5,1,18,925.0,18.75,72.75,765.1426662647285,296.1502685546875,0.014142736792564392,20.85297823174821,331.06246235026015
2026,5,1,18,925.0,18.75,73.0,765.7290030871909,295.5819091796875,0.015228018164634705,22.438515154824906,338.63897979955726
2026,5,1,18,850.0,19.25,72.5,1503.7488113932893,297.7669677734375,0.004511579871177673,6.148484574191486,247.38118314846812
2026,5,1,18,850.0,19.25,72.75,1502.8565597069337,297.4447021484375,0.004399999976158142,5.996826459839967,247.03787769610756
2026,5,1,18,850.0,19.25,73.0,1501.8113505886313,297.1497802734375,0.004422411322593689,6.027289351277743,247.43686646362923
2026,5,1,18,850.0,19.0,72.5,1504.8195134169162,297.6751708984375,0.004503950476646423,6.138115441891828,247.42180112890583
2026,5,1,18,850.0,19.0,72.75,1503.8762759199117,297.4095458984375,0.00439809262752533,5.994233835121222,247.05913555551174
2026,5,1,18,850.0,19.0,73.0,1503.1114887601782,297.1907958984375,0.004336103796958923,5.909970268466467,246.90374605360205
2026,5,1,18,850.0,18.75,72.5,1505.9157083458674,297.6029052734375,0.004517301917076111,6.156261360488422,247.56457827379268
2026,5,1,18,850.0,18.75,72.75,1504.9979637541874,297.4017333984375,0.004423841834068298,6.029233763059098,247.21389052624582
2026,5,1,18,850.0,18.75,73.0,1504.3861340264004,297.2103271484375,0.004330381751060486,5.9021917738584815,246.85303509385398
2026,5,5,0,1000.0,19.25,72.5,67.61156651353929,301.576416015625,0.018800918012857437,29.885099948852798,379.88020648099973
2026,5,5,0,1000.0,19.25,72.75,68.31262140996161,301.369384765625,0.01953095570206642,31.031923284687572,384.93527891899913
2026,5,5,0,1000.0,19.25,73.0,69.45980214956178,300.957275390625,0.019325915724039078,30.709925553556797,384.31110765362814
2026,5,5,0,1000.0,19.0,72.5,68.33811431528606,301.636962890625,0.018785659223794937,29.861119033837998,379.68104489015536
2026,5,5,0,1000.0,19.0,72.75,68.93719759041059,301.644775390625,0.01875561848282814,29.81390532232517,379.4744942528937
2026,5,5,0,1000.0,19.0,73.0,69.81670282410406,301.117431640625,0.01875418797135353,29.811657007833333,380.34422928238365
2026,5,5,0,1000.0,18.75,72.5,69.17938019099284,301.670166015625,0.018962565809488297,30.139120765986295,380.7652235496545
2026,5,5,0,1000.0,18.75,72.75,69.42156279157511,301.752197265625,0.018742743879556656,29.793670352754962,379.2130186967615
2026,5,5,0,1000.0,18.75,73.0,70.6324757944864,301.072509765625,0.018641654402017593,29.63477748889256,379.6914261477706
2026,5,5,0,925.0,19.25,72.5,755.9512789153279,295.3957214355469,0.016209308058023453,23.870343300521416,345.0334042836307
2026,5,5,0,925.0,19.25,72.75,756.7670518857102,295.4132995605469,0.016874495893716812,24.839976582593884,349.1511507824054
2026,5,5,0,925.0,19.25,73.0,756.9964880336303,295.0500183105469,0.01722830906510353,25.35540810301048,351.92038153609826
2026,5,5,0,925.0,19.0,72.5,756.8307841490214,295.5636901855469,0.01582736149430275,23.313235202244755,342.4006316428291
2026,5,5,0,925.0,19.0,72.75,757.4043745188214,295.5402526855469,0.01602572575211525,23.60260171374991,343.67141075628723
2026,5,5,0,925.0,19.0,73.0,757.4808532347948,295.1457214355469,0.016407672315835953,24.159576812744476,346.65063099671266
2026,5,5,0,925.0,18.75,72.5,757.6847964773904,295.6222839355469,0.016057197004556656,23.64850447336391,343.74400275959607
2026,5,5,0,925.0,18.75,72.75,757.9779648886215,295.6867370605469,0.01588410511612892,23.39601777474283,342.56990911372003
2026,5,5,0,925.0,18.75,73.0,758.1054294152437,295.2687683105469,0.016623202711343765,24.473761891783393,347.8072657696283
2026,5,5,0,850.0,19.25,72.5,1493.3552742271827,296.57403564453125,0.004642169922590256,6.32595502639719,249.2333107798171
2026,5,5,0,850.0,19.25,72.75,1493.3552742271827,296.64825439453125,0.004874389618635178,6.641469678356263,250.50159371981943
2026,5,5,0,850.0,19.25,73.0,1493.0748522686138,296.67559814453125,0.005057971924543381,6.890838343700338,251.53269738439184
2026,5,5,0,850.0,19.0,72.5,1493.6356961857516,296.62872314453125,0.004909675568342209,6.689404585730064,250.723146418284
2026,5,5,0,850.0,19.0,72.75,1493.6102032804272,296.70294189453125,0.004976432770490646,6.780086641438976,251.03756330418116
2026,5,5,0,850.0,19.0,73.0,1493.6102032804272,296.72052001953125,0.005084674805402756,6.927105528532542,251.64384451151128
2026,5,5,0,850.0,18.75,72.5,1493.890625238996,296.67950439453125,0.00488392636179924,6.654425260856425,250.5271452007778
2026,5,5,0,850.0,18.75,72.75,1493.8651323336717,296.76348876953125,0.004907768219709396,6.686813562058828,250.58544282296248
2026,5,5,0,850.0,18.75,73.0,1494.1200613869162,296.73614501953125,0.00497547909617424,6.778791235149373,251.00077199737177
2026,5,5,6,1000.0,19.25,72.5,88.34486674858387,301.1751708984375,0.018700283020734787,29.726932548362633,379.8994046252214
2026,5,5,6,1000.0,19.25,72.75,86.64958854450806,302.5540771484375,0.01773468777537346,28.208339536514877,371.42549433020093
2026,5,5,6,1000.0,19.25,73.0,83.64142571622318,304.6322021484375,0.016865890473127365,26.84047303579775,362.61501079925307
2026,5,5,6,1000.0,19.0,72.5,88.19190931663718,301.3294677734375,0.018562477082014084,29.510312764248297,378.7524490676639
2026,5,5,6,1000.0,19.0,72.75,87.41437570424152,301.8216552734375,0.018730800598859787,29.774898859738332,379.02080908107996
2026,5,5,6,1000.0,19.0,73.0,84.40621287595663,303.7396240234375,0.018034618347883224,28.680229524598428,371.4367304532207
2026,5,5,6,1000.0,18.75,72.5,88.26838803261053,301.4896240234375,0.018702667206525803,29.730679979788118,379.39118292351856
2026,5,5,6,1000.0,18.75,72.75,87.74578347345934,301.4700927734375,0.01850859448313713,29.42560392205843,378.17159742768854
2026,5,5,6,1000.0,18.75,73.0,84.7631135504989,303.2552490234375,0.017169158905744553,27.318112441537547,366.6908397012543
2026,5,5,6,925.0,19.25,72.5,775.8861333890778,295.2127685546875,0.01640145108103752,24.15050672334237,346.5095926955768
2026,5,5,6,925.0,19.25,72.75,776.5234560221891,295.9276123046875,0.01656739041209221,24.392410458583694,346.45382191771506
2026,5,5,6,925.0,19.25,73.0,776.3322592322558,297.1444091796875,0.01655689999461174,24.377119124012065,344.5468040734561
2026,5,5,6,925.0,19.0,72.5,776.0263443683623,295.2518310546875,0.016080539673566818,23.68255007033744,344.4477748171582
2026,5,5,6,925.0,19.0,72.75,776.0390908210245,295.5994873046875,0.017034213989973068,25.072679485833138,349.85775463053267
2026,5,5,6,925.0,19.0,73.0,776.2430340636201,296.5643310546875,0.01734272763133049,25.522045000349262,350.2782205502535
2026,5,5,6,925.0,18.75,72.5,776.2047947056335,295.3612060546875,0.016235988587141037,23.909250009356896,345.25200094664376
2026,5,5,6,925.0,18.75,72.75,775.8733869364156,295.5115966796875,0.01665465161204338,24.519599079379194,347.6312800373451
2026,5,5,6,925.0,18.75,73.0,776.459723758878,296.6033935546875,0.016372840851545334,24.108794300237413,344.22578062030834
2026,5,5,6,850.0,19.25,72.5,1513.3815446661195,296.6283874511719,0.0031730234622955322,4.32778005007048,240.71207496364906
2026,5,5,6,850.0,19.25,72.75,1513.5599950033907,296.6244812011719,0.003442913293838501,4.695122135307935,242.2727623112564
2026,5,5,6,850.0,19.25,73.0,1513.700205982675,296.4408874511719,0.0036632120609283447,4.994877610830068,243.70747298905806
2026,5,5,6,850.0,19.0,72.5,1514.0188672992308,296.5795593261719,0.0034028589725494385,4.640612534351734,242.08132085001395
2026,5,5,6,850.0,19.0,72.75,1514.1718247311774,296.6440124511719,0.003648906946182251,4.975415400868689,243.44359317499953
2026,5,5,6,850.0,19.0,73.0,1514.4267537844219,296.6029968261719,0.0038291513919830322,5.220614574402197,244.51979955381105
2026,5,5,6,850.0,18.75,72.5,1514.783654458964,296.5111999511719,0.0037166178226470947,5.067533544911344,243.95290189820497
2026,5,5,6,850.0,18.75,72.75,1514.885626080262,296.6576843261719,0.00391879677772522,5.342545531648619,244.987430739065
2026,5,5,6,850.0,18.75,73.0,1515.2680196601286,296.7397155761719,0.00413098931312561,5.63110589339543,246.13579406367126
2026,5,5,12,1000.0,19.25,72.5,66.27159567742298,301.04754638671875,0.018222983926534653,28.976503898145737,377.02379860551724
2026,5,5,12,1000.0,19.25,72.75,65.03518976918724,301.89910888671875,0.018200572580099106,28.941257302971906,375.48064918933704
2026,5,5,12,1000.0,19.25,73.0,61.886815961617884,303.73309326171875,0.017665084451436996,28.098806156246457,369.09640261371993
2026,5,5,12,1000.0,19.0,72.5,67.0236363844942,301.28387451171875,0.01832455024123192,29.136226565374415,377.2909194736041
2026,5,5,12,1000.0,19.0,72.75,66.24610277209852,301.48699951171875,0.018459971994161606,29.349159790576234,377.8299175224545
2026,5,5,12,1000.0,19.0,73.0,63.60758707101814,303.00262451171875,0.01788538321852684,28.445454580323155,371.66908576923777
2026,5,5,12,1000.0,18.75,72.5,67.7629306389032,301.62371826171875,0.018093284219503403,28.772510447607306,375.2398593502607
2026,5,5,12,1000.0,18.75,72.75,66.9726505738453,301.43621826171875,0.01837986335158348,29.223203478516233,377.3968051057898
2026,5,5,12,1000.0,18.75,73.0,65.14990784314726,302.36981201171875,0.01796310767531395,28.567735034944256,373.18816964228085
2026,5,5,12,925.0,19.25,72.5,753.8391518765328,297.00579833984375,0.011509593576192856,16.997466929423517,313.5513544087814
2026,5,5,12,925.0,19.25,72.75,753.8773912345195,296.85931396484375,0.014657195657491684,21.60483301470162,333.24270694252664
2026,5,5,12,925.0,19.25,73.0,753.9921093084795,296.91204833984375,0.016836341470479965,24.78438049101183,346.6202615742965
2026,5,5,12,925.0,19.0,72.5,754.9226003528219,296.04290771484375,0.015331920236349106,22.590201729851874,338.6082841518163
2026,5,5,12,925.0,19.0,72.75,754.3872493410084,296.63861083984375,0.011895354837179184,17.56307370538675,316.42610519481855
2026,5,5,12,925.0,19.0,73.0,754.4382351516573,296.91790771484375,0.014029201120138168,20.686988982258807,329.27556702221
2026,5,5,12,925.0,18.75,72.5,755.9295701131375,295.81048583984375,0.015453513711690903,22.76769187513246,339.706515084272
2026,5,5,12,925.0,18.75,72.75,755.101050690093,296.50384521484375,0.013439830392599106,19.82496338613249,326.20042760212755
2026,5,5,12,925.0,18.75,73.0,755.2795010273642,296.78704833984375,0.014911826699972153,21.976790627368388,334.92123630778303
2026,5,5,12,850.0,19.25,72.5,1493.086005414693,296.2331237792969,0.0027023227885365486,3.6868301516311517,238.3334016376109
2026,5,5,12,850.0,19.25,72.75,1493.2007234886532,296.5085144042969,0.002596464939415455,3.5426338132575195,237.48573071292108
2026,5,5,12,850.0,19.25,73.0,1493.086005414693,295.9538269042969,0.004051771946251392,5.523386980136716,246.39417795627716
2026,5,5,12,850.0,19.0,72.5,1493.4046667312489,296.3835144042969,0.0028119953349232674,3.8362032201664045,238.8387874108493
2026,5,5,12,850.0,19.0,72.75,1493.5703706158577,296.4421081542969,0.002764788456261158,3.771910292535064,238.51546738109175
2026,5,5,12,850.0,19.0,73.0,1493.7488209531289,296.4362487792969,0.003081885166466236,4.2037062267324385,240.35333923019132
2026,5,5,12,850.0,18.75,72.5,1494.0164964590356,296.3893737792969,0.0028816135600209236,3.9310123330002993,239.236306558981
2026,5,5,12,850.0,18.75,72.75,1494.1312145329955,296.4655456542969,0.0028925808146595955,3.945947284994906,239.2339331015417
2026,5,5,12,850.0,18.75,73.0,1494.3733971335778,296.5671081542969,0.003108588047325611,4.24006040676979,240.3935902842976
2026,5,5,18,1000.0,19.25,72.5,83.92177298854604,300.572998046875,0.017126556485891342,27.251025326384482,370.68371957111196
2026,5,5,18,1000.0,19.25,72.75,84.67381369561727,300.485107421875,0.017715927213430405,28.178817312102662,374.657838295621
2026,5,5,18,1000.0,19.25,73.0,85.38761504470182,300.477294921875,0.018068309873342514,28.733226806599205,376.96103174911565
2026,5,5,18,1000.0,19.0,72.5,84.77578531691506,300.676513671875,0.017405983060598373,27.69098280172641,372.3325644229805
2026,5,5,18,1000.0,19.0,72.75,85.18367180210623,300.709716796875,0.01789235696196556,28.45642652949152,375.4362219639938
2026,5,5,18,1000.0,19.0,73.0,85.55331892931073,300.563232421875,0.01818513497710228,28.916977845971747,377.5780142829481
2026,5,5,18,1000.0,18.75,72.5,85.66803700327074,300.811279296875,0.01770782098174095,28.166060878815856,374.0729244958593
2026,5,5,18,1000.0,18.75,72.75,85.5405724766485,300.873779296875,0.017966266721487045,28.57270478108944,375.6466444192148
2026,5,5,18,1000.0,18.75,73.0,85.98669831982635,300.469482421875,0.018032070249319077,28.67622123948262,376.73840095341257
2026,5,5,18,925.0,19.25,72.5,769.425623731728,296.49591064453125,0.010416503995656967,15.393337421888761,307.4080890905617
2026,5,5,18,925.0,19.25,72.75,770.2413967021104,295.75177001953125,0.011221405118703842,16.57475042262176,313.38428075731
2026,5,5,18,925.0,19.25,73.0,770.5982973766526,295.67364501953125,0.011615272611379623,17.152440710052392,315.9505489646323
2026,5,5,18,925.0,19.0,72.5,770.4325934920437,295.50958251953125,0.012000080198049545,17.71657757274955,318.5762415438322
2026,5,5,18,925.0,19.0,72.75,770.8914657878838,295.12677001953125,0.012915607541799545,19.057709548285917,324.83107700665175
2026,5,5,18,925.0,19.0,73.0,771.1463948411283,294.93341064453125,0.01391887292265892,20.525667303737748,331.39227000909887
2026,5,5,18,925.0,18.75,72.5,771.4905490630083,294.75177001953125,0.014695640653371811,21.660999658165537,336.52513886069227
2026,5,5,18,925.0,18.75,72.75,771.4905490630083,294.72637939453125,0.014992233365774155,22.09422264452499,338.42243999411835
2026,5,5,18,925.0,18.75,73.0,771.6817458529416,294.46856689453125,0.01569795235991478,23.124420650505076,343.2333811102705
2026,5,5,18,850.0,19.25,72.5,1508.148727521631,296.0555419921875,0.0020781599450856447,2.8363470684865915,234.86643617088254
2026,5,5,18,850.0,19.25,72.75,1507.9957700896841,296.1082763671875,0.0021334730554372072,2.911742627143956,235.1431994739058
2026,5,5,18,850.0,19.25,73.0,1507.3711939092352,296.0711669921875,0.002434357302263379,3.321779820122793,236.919001627971
2026,5,5,18,850.0,19.0,72.5,1508.046755900333,295.6512451171875,0.0026575170923024416,3.6257994575130703,238.57294063768973
2026,5,5,18,850.0,19.0,72.75,1507.9702771843597,295.7391357421875,0.002716644899919629,3.7063378730947316,238.8409167466873
2026,5,5,18,850.0,19.0,73.0,1507.6006300571553,295.7567138671875,0.002579315798357129,3.5192720320419553,238.02809207372357
2026,5,5,18,850.0,18.75,72.5,1508.1869668796176,295.5184326171875,0.002914055483415723,3.975190413334406,240.17940078325154
2026,5,5,18,850.0,18.75,72.75,1508.1869668796176,295.6102294921875,0.002892120974138379,3.945321088872099,239.97205066715645
2026,5,5,18,850.0,18.75,73.0,1508.046755900333,295.6141357421875,0.002659424440935254,3.6283975611160795,238.61592154940638
2026,5,15,0,1000.0,19.25,72.5,40.853177435719644,301.8052978515625,0.020119953900575638,31.956453575038584,387.98145087190966
2026,5,15,0,1000.0,19.25,72.75,41.05712067831523,301.5592041015625,0.021003056317567825,33.34140470751361,394.08560214960403
2026,5,15,0,1000.0,19.25,73.0,41.273810373573035,300.8189697265625,0.02094297483563423,33.24722670585484,395.0044960397095
2026,5,15,0,1000.0,19.0,72.5,42.344512397199864,301.7310791015625,0.020069409161806107,31.87714087934155,387.7841358964091
2026,5,15,0,1000.0,19.0,72.75,42.01310462798204,301.8502197265625,0.020423222333192825,32.432228681543265,389.85196320041575
2026,5,15,0,1000.0,19.0,73.0,41.949372364670914,301.0006103515625,0.020726490765810013,32.907830597497274,393.2862073288907
2026,5,15,0,1000.0,18.75,72.5,43.976058337964545,301.6783447265625,0.02025013044476509,32.160699016653496,389.03690671534537
2026,5,15,0,1000.0,18.75,72.75,43.12204600959553,301.9771728515625,0.0202820785343647,32.210820308712414,388.72663471241935
2026,5,15,0,1000.0,18.75,73.0,43.79760800069341,301.0338134765625,0.02047281339764595,32.510011906241346,391.5904550304141
2026,5,15,0,925.0,19.25,72.5,731.4863550817558,300.11016845703125,0.008077431470155716,11.953579765614911,288.68341507553504
2026,5,15,0,925.0,19.25,72.75,731.0657221439023,298.41680908203125,0.011730480939149857,17.321366271718706,313.0872169694815
2026,5,15,0,925.0,19.25,73.0,730.1607240048845,297.17657470703125,0.015042591840028763,22.167764203050936,335.1670012495407
2026,5,15,0,925.0,19.0,72.5,732.4295925787603,299.41485595703125,0.00885467603802681,13.097647307060887,294.22911011790757
2026,5,15,0,925.0,19.0,72.75,731.9962131882447,297.86212158203125,0.013091374188661575,19.315016086111875,322.18721983459034
2026,5,15,0,925.0,19.0,73.0,731.1294544072135,296.88165283203125,0.016021061688661575,23.59579874205044,341.6364500181705
2026,5,15,0,925.0,18.75,72.5,733.5257875077117,298.55352783203125,0.0104554183781147,15.45048136408983,305.0815403814272
2026,5,15,0,925.0,18.75,72.75,733.1179010225205,297.32696533203125,0.01418619230389595,20.91650421667476,329.67069814007243
2026,5,15,0,925.0,18.75,73.0,732.4678319367471,296.59259033203125,0.01635294035077095,24.079779421497125,344.1190128405438
2026,5,15,0,850.0,19.25,72.5,1473.1290438121073,296.42095947265625,0.004818461835384369,6.565489258224168,250.39273345672103
2026,5,15,0,850.0,19.25,72.75,1472.1858063151026,296.46197509765625,0.004773639142513275,6.5045918874565105,250.09579030882168
2026,5,15,0,850.0,19.25,73.0,1470.9621468595292,296.73150634765625,0.004612945020198822,6.286241143284621,248.91857971062575
2026,5,15,0,850.0,19.0,72.5,1473.6898877292451,296.38775634765625,0.004856131970882416,6.6166664052372415,250.64120894125426
2026,5,15,0,850.0,19.0,72.75,1472.6446786109427,296.41705322265625,0.004839442670345306,6.593993273922164,250.51740693476498
2026,5,15,0,850.0,19.0,73.0,1471.5739765873159,296.69244384765625,0.004616759717464447,6.291425036533705,248.97682493122105
2026,5,15,0,850.0,18.75,72.5,1474.4036890783295,296.34283447265625,0.004936717450618744,6.726138786759335,251.14843207847127
2026,5,15,0,850.0,18.75,72.75,1473.2055225280806,296.38580322265625,0.004846595227718353,6.603710386351243,250.58803272385012
2026,5,15,0,850.0,18.75,73.0,1472.313270841725,296.59478759765625,0.004683040082454681,6.3814913558201525,249.44947839894388
2026,5,15,6,1000.0,19.25,72.5,71.93301229267895,301.61553955078125,0.019861139357089996,31.550281800023463,386.64255612196473
2026,5,15,6,1000.0,19.25,72.75,70.30146635191427,303.21514892578125,0.019236482679843903,30.569453770966007,379.9447432787852
2026,5,15,6,1000.0,19.25,73.0,67.02562801772267,305.44561767578125,0.017926134169101715,28.509567675841403,368.03583547509385
2026,5,15,6,1000.0,19.0,72.5,72.25167360923456,301.66436767578125,0.019398130476474762,30.8233416872184,383.57942777346796
2026,5,15,6,1000.0,19.0,72.75,71.3211825648922,302.31671142578125,0.019699491560459137,31.296535044187692,384.41088590653465
2026,5,15,6,1000.0,19.0,73.0,68.4149913579051,304.41241455078125,0.0184883251786232,29.3937371252296,373.2320877159959
2026,5,15,6,1000.0,18.75,72.5,72.5958278311146,301.77178955078125,0.019460119307041168,30.92068975756292,383.7966575016325
2026,5,15,6,1000.0,18.75,72.75,71.86928002936783,301.78350830078125,0.01951829344034195,31.01204058424735,384.15097295675497
2026,5,15,6,1000.0,18.75,73.0,69.38372176023412,303.50811767578125,0.018223680555820465,28.977599480218814,373.0126722520514
2026,5,15,6,925.0,19.25,72.5,761.1236499913325,297.51922607421875,0.011927522718906403,17.610226662183713,315.4685196739627
2026,5,15,6,925.0,19.25,72.75,761.7354797191192,297.11102294921875,0.015696443617343903,23.122219144373734,339.2945970456406
2026,5,15,6,925.0,19.25,73.0,761.7864655297681,297.75555419921875,0.017236627638339996,25.367523878735067,347.79547681220913
2026,5,15,6,925.0,19.0,72.5,761.4932971185369,297.28680419921875,0.012207426130771637,18.02044294453704,317.5045097511005
2026,5,15,6,925.0,19.0,72.75,761.4168184025636,297.06024169921875,0.01406041532754898,20.732626443699225,329.26878442511713
2026,5,15,6,925.0,19.0,73.0,761.9266765090525,297.40789794921875,0.016276277601718903,23.967998836335102,342.4251363052593
2026,5,15,6,925.0,18.75,72.5,761.7099868137948,297.16375732421875,0.013822950422763824,20.38539217482706,327.65687407007283
2026,5,15,6,925.0,18.75,72.75,761.2511145179546,296.81805419921875,0.01502171903848648,22.1372829161998,335.556018511376
2026,5,15,6,925.0,18.75,73.0,762.0541410356748,297.22430419921875,0.016227640211582184,23.897076179054768,342.39967058935144
2026,5,15,6,850.0,19.25,72.5,1501.3508849862085,295.9732360839844,0.005722019821405411,7.792383470936992,256.0378267404727
2026,5,15,6,850.0,19.25,72.75,1501.1087023856262,295.7994079589844,0.005683396011590958,7.73996568840145,255.9843420868199
2026,5,15,6,850.0,19.25,73.0,1500.6753229951105,295.6470642089844,0.0057668425142765045,7.8532109099477205,256.6165198017036
2026,5,15,6,850.0,19.0,72.5,1501.4783495128306,295.9263610839844,0.005872700363397598,7.996854094091594,256.9545482402114
2026,5,15,6,850.0,19.0,72.75,1500.9684914063416,295.8208923339844,0.005814526230096817,7.917917326406831,256.7218504569382
2026,5,15,6,850.0,19.0,73.0,1500.7263088057593,295.7798767089844,0.005691502243280411,7.750967154729465,256.05032977232065
2026,5,15,6,850.0,18.75,72.5,1501.605814039453,295.7837829589844,0.006049606949090958,8.23686534268958,258.11810940768777
2026,5,15,6,850.0,18.75,72.75,1500.8792662377061,295.8638610839844,0.0059423185884952545,8.091312096310181,257.41852364763963
2026,5,15,6,850.0,18.75,73.0,1500.8410268797195,295.9576110839844,0.005619499832391739,7.653244466344914,255.46058188850103
2026,5,15,12,1000.0,19.25,72.5,41.49059965049227,302.1136474609375,0.01896052435040474,30.135913030470682,380.01211019998055
2026,5,15,12,1000.0,19.25,72.75,40.228700836932084,302.4788818359375,0.018271494656801224,29.05279405726472,374.9890776915781
2026,5,15,12,1000.0,19.25,73.0,36.49399020690042,304.5198974609375,0.01677994802594185,26.705084362217153,362.2439634920747
2026,5,15,12,1000.0,19.0,72.5,41.86024677769677,302.1820068359375,0.018618155270814896,29.597838690813234,377.70036013308
2026,5,15,12,1000.0,19.0,72.75,40.54736215348769,302.2796630859375,0.01867823675274849,29.69228000970248,377.9248169184437
2026,5,15,12,1000.0,19.0,73.0,37.55194577786502,303.7347412109375,0.01768975332379341,28.13762812372514,369.250746693413
2026,5,15,12,1000.0,18.75,72.5,42.06419002029236,302.1937255859375,0.018663931638002396,29.66979459992055,377.9749283327029
2026,5,15,12,1000.0,18.75,72.75,40.61109441679881,302.1409912109375,0.01867680624127388,29.69003148611969,378.14473964018157
2026,5,15,12,1000.0,18.75,73.0,39.17074526596748,303.0198974609375,0.017909575253725052,28.483516065557247,371.79592768122865
2026,5,15,12,925.0,19.25,72.5,731.9295930567523,299.4308166503906,0.007935095578432083,11.743951487694309,288.5788555672987
2026,5,15,12,925.0,19.25,72.75,731.2540310656544,298.9464416503906,0.011266279965639114,16.640582776034275,309.56283167320265
2026,5,15,12,925.0,19.25,73.0,730.6676942431922,298.3878479003906,0.014600802212953568,21.52243967924602,330.72441100765633
2026,5,15,12,925.0,19.0,72.5,732.2355079206458,299.2765197753906,0.00841527059674263,12.450995227076934,291.6973275191169
2026,5,15,12,925.0,19.0,72.75,731.0883271810455,299.4366760253906,0.009474802762269974,14.009674037866127,297.99777813457206
2026,5,15,12,925.0,19.0,73.0,730.833398127801,298.3019104003906,0.013709593564271927,20.21960048262748,325.3844784326683
2026,5,15,12,925.0,18.75,72.5,732.2737472786324,299.1964416503906,0.009180594235658646,13.577063768377354,296.4813105227401
2026,5,15,12,925.0,18.75,72.75,731.0628342757211,299.8077697753906,0.008993197232484818,13.30143114982361,294.6178368697931
2026,5,15,12,925.0,18.75,73.0,731.0755807283833,298.3116760253906,0.013704825192689896,20.21262593616574,325.34181830819
2026,5,15,12,850.0,19.25,72.5,1472.7442602723663,296.1277160644531,0.004581499844789505,6.243508547636698,249.2987561120756
2026,5,15,12,850.0,19.25,72.75,1472.8589783463262,296.3288879394531,0.004544306546449661,6.192962405903945,248.89678695413332
2026,5,15,12,850.0,19.25,73.0,1472.336373787175,296.6159973144531,0.005569029599428177,7.584740472681243,254.53094062961222
2026,5,15,12,850.0,19.0,72.5,1473.1776396628818,296.1706848144531,0.004797507077455521,6.537019946690386,250.50683603896618
2026,5,15,12,850.0,19.0,72.75,1472.9227106096375,296.3230285644531,0.0046101100742816925,6.2823886445932855,249.2821057120447
2026,5,15,12,850.0,19.0,73.0,1472.4128525031485,296.8367004394531,0.005275774747133255,7.186618444666517,252.63245288430525
2026,5,15,12,850.0,18.75,72.5,1473.4580616214507,296.1980285644531,0.004973936825990677,6.776696317122356,251.50013393826916
2026,5,15,12,850.0,18.75,72.75,1472.8589783463262,296.3523254394531,0.004759836941957474,6.485839163560186,250.118898163695
2026,5,15,12,850.0,18.75,73.0,1472.4001060504863,297.0261535644531,0.0051670558750629425,7.038986042574406,251.8277558053518
2026,5,15,18,1000.0,19.25,72.5,52.20648265462722,301.8065185546875,0.019681937992572784,31.268977351855145,385.16415214255585
2026,5,15,18,1000.0,19.25,72.75,52.882044645725095,301.4178466796875,0.02004290372133255,31.83554772371441,388.15221893527064
2026,5,15,18,1000.0,19.25,73.0,53.35366339422739,301.3514404296875,0.019873149693012238,31.569133068345824,387.1723011458369
2026,5,15,18,1000.0,19.0,72.5,52.308454275925016,301.7967529296875,0.019643791019916534,31.209087664036304,384.93549602790813
2026,5,15,18,1000.0,19.0,72.75,52.716340761116186,301.7088623046875,0.019837863743305206,31.513747922818414,386.3332589961775
2026,5,15,18,1000.0,19.0,73.0,53.18795950961847,301.4979248046875,0.019690997898578644,31.283200749478993,385.7479385343429
2026,5,15,18,1000.0,18.75,72.5,52.39767944456058,301.7733154296875,0.019657619297504425,31.230797992932708,385.0642424425572
2026,5,15,18,1000.0,18.75,72.75,52.333947181249464,301.8709716796875,0.019715793430805206,31.322127151549825,385.27213575866324
2026,5,15,18,1000.0,18.75,73.0,53.36640984688962,301.3065185546875,0.01945830136537552,30.917834941367655,384.57344890752717
2026,5,15,18,925.0,19.25,72.5,742.3741658243387,299.43048095703125,0.008720405399799347,12.900084046559659,293.38900540572246
2026,5,15,18,925.0,19.25,72.75,742.5016303509609,298.48712158203125,0.010177142918109894,15.041787850028074,303.4527801032666
2026,5,15,18,925.0,19.25,73.0,742.3104335610275,297.85821533203125,0.011180885136127472,16.515303683640425,310.4217885239875
2026,5,15,18,925.0,19.0,72.5,742.5526161616098,299.64923095703125,0.00809670239686966,11.981958667997024,289.32164254260687
2026,5,15,18,925.0,19.0,72.75,742.4251516349875,298.58868408203125,0.009892947971820831,14.624258771956221,301.5813276535687
2026,5,15,18,925.0,19.0,73.0,742.2339548450542,297.56329345703125,0.01199246197938919,17.705411628757872,315.8117887593385
2026,5,15,18,925.0,18.75,72.5,742.5908555195964,299.82891845703125,0.007571704685688019,11.208595921030438,285.9096221412762
2026,5,15,18,925.0,18.75,72.75,742.2339548450542,298.84844970703125,0.009252555668354034,13.682891550905298,297.33448164850256
2026,5,15,18,925.0,18.75,73.0,741.9280399811607,297.39727783203125,0.013043887913227081,19.245505833162163,322.52478768836596
2026,5,15,18,850.0,19.25,72.5,1484.0149127122922,296.62811279296875,0.00493384525179863,6.722237195047898,250.86290476009225
2026,5,15,18,850.0,19.25,72.75,1483.77273011171,296.65936279296875,0.004992019385099411,6.801258225813357,251.16839302327367
2026,5,15,18,850.0,19.25,73.0,1482.8422390673677,296.81561279296875,0.004744540899991989,6.4650564261756545,249.59757854005733
2026,5,15,18,850.0,19.0,72.5,1484.4355456501457,296.85467529296875,0.003956805914640427,5.394239567416052,245.0286495013626
2026,5,15,18,850.0,19.0,72.75,1483.8492088276832,296.96990966796875,0.003941547125577927,5.373487254366312,244.83694291387104
2026,5,15,18,850.0,19.0,73.0,1483.0716752152878,297.26873779296875,0.0037026514764875174,5.048533466518481,243.19638432360898
2026,5,15,18,850.0,18.75,72.5,1484.8179392300124,297.06951904296875,0.0033364405389875174,4.550218390077785,241.26758936793158
2026,5,15,18,850.0,18.75,72.75,1484.0149127122922,297.33123779296875,0.0032868494745343924,4.482721205907826,240.753523111307
2026,5,15,18,850.0,18.75,73.0,1483.3775900791811,297.70623779296875,0.003209601854905486,4.377573272719831,239.983947811786
2026,5,25,0,1000.0,19.25,72.5,72.72304340358329,302.6531982421875,0.020083840936422348,31.89978710907569,386.29815656150885
2026,5,25,0,1000.0,19.25,72.75,73.05445117280111,302.2547607421875,0.02141326293349266,33.98422407075424,395.4892684447942
2026,5,25,0,1000.0,19.25,73.0,73.70452025857455,301.7606201171875,0.02100270614027977,33.340855822664025,393.72909388959545
2026,5,25,0,1000.0,19.0,72.5,72.97797245682777,302.7000732421875,0.020014699548482895,31.791287410955583,385.77653865163893
2026,5,25,0,1000.0,19.0,72.75,73.10543698345,302.4813232421875,0.020290788263082504,32.22448410543326,387.9152117333666
2026,5,25,0,1000.0,19.0,73.0,73.66628090058786,301.8680419921875,0.020330365747213364,32.286571346029255,389.2248875371225
2026,5,25,0,1000.0,18.75,72.5,73.42409830000561,302.6453857421875,0.020224031060934067,32.119751954027485,387.2072465893958
2026,5,25,0,1000.0,18.75,72.75,73.23290151007225,302.4891357421875,0.020240720361471176,32.14593577887277,387.581596438827
2026,5,25,0,1000.0,18.75,73.0,74.12515319642795,301.7801513671875,0.0203360877931118,32.29554757045002,389.41351073479564
2026,5,25,0,925.0,19.25,72.5,764.4029736836738,297.14111328125,0.017399724572896957,25.605045642298172,349.73923950698105
2026,5,25,0,925.0,19.25,72.75,764.7216350002295,296.81103515625,0.01835673674941063,26.99782592207926,356.14560941594374
2026,5,25,0,925.0,19.25,73.0,764.5941704736073,296.37744140625,0.01892464980483055,27.823576566042487,360.3405663119209
2026,5,25,0,925.0,19.0,72.5,764.7088885475673,297.14697265625,0.018029149621725082,26.5212549127175,353.60065506744223
2026,5,25,0,925.0,19.0,72.75,764.6579027369183,297.00439453125,0.017889436334371567,26.317944092050613,352.964518558073
2026,5,25,0,925.0,19.0,73.0,764.5686775682827,296.63525390625,0.018064912408590317,26.57329144217452,354.6248316982221
2026,5,25,0,925.0,18.75,72.5,765.0275498641229,297.27001953125,0.017476018518209457,25.716138250184915,350.00960727824224
2026,5,25,0,925.0,18.75,72.75,764.7216350002295,297.33447265625,0.017446454614400864,25.67309107431877,349.72859175865653
2026,5,25,0,925.0,18.75,73.0,764.6451562842561,296.88525390625,0.018027719110250473,26.519173405001798,354.00241538465156
2026,5,25,0,850.0,19.25,72.5,1502.2570781051634,294.66070556640625,0.012134537100791931,16.461176057190727,294.567912633573
2026,5,25,0,850.0,19.25,72.75,1502.2060922945145,294.32281494140625,0.012612804770469666,17.105037604402856,297.7597476611176
2026,5,25,0,850.0,19.25,73.0,1501.6452483773767,294.24664306640625,0.012690052390098572,17.208996355128544,298.30376500463075
2026,5,25,0,850.0,19.0,72.5,1502.6522181376924,294.44390869140625,0.012171253561973572,16.510618275485673,295.0496244453595
2026,5,25,0,850.0,19.0,72.75,1502.6394716850302,294.16851806640625,0.013147339224815369,17.824208161881778,301.0544850780503
2026,5,25,0,850.0,19.0,73.0,1502.1933458418523,294.25836181640625,0.013056740164756775,17.702347473415553,300.4141695173223
2026,5,25,0,850.0,18.75,72.5,1503.2767943181414,294.19390869140625,0.01337192952632904,18.126236997903504,302.32350911906303
2026,5,25,0,850.0,18.75,72.75,1503.2130620548303,293.85406494140625,0.014315113425254822,19.393737474165103,308.23871469921914
2026,5,25,0,850.0,18.75,73.0,1502.7159504010035,293.97711181640625,0.013804420828819275,18.707620595844144,305.11336607866576
2026,5,25,6,1000.0,19.25,72.5,93.61278642872439,302.6376953125,0.02000877633690834,31.781992028668927,385.8448773017827
2026,5,25,6,1000.0,19.25,72.75,92.29990180451532,303.2919921875,0.019484732300043106,30.959340313259432,381.39804019742843
2026,5,25,6,1000.0,19.25,73.0,90.29870873654612,304.6708984375,0.018765661865472794,29.82969025482712,374.5669514899364
2026,5,25,6,1000.0,19.0,72.5,93.85496902930664,302.7177734375,0.020023081451654434,31.80444114083638,385.7999556662254
2026,5,25,6,1000.0,19.0,72.75,93.23039284885766,302.8193359375,0.02025577798485756,32.1695592170343,387.11232467833406
2026,5,25,6,1000.0,19.0,73.0,91.56060755010631,303.8271484375,0.019497130066156387,30.978808481884084,380.58418380576677
2026,5,25,6,1000.0,18.75,72.5,94.47954520975563,302.5732421875,0.019989226013422012,31.751310951713684,385.829643436374
2026,5,25,6,1000.0,18.75,72.75,94.16088389320002,302.3857421875,0.020105574280023575,31.933890164214326,386.89394435779263
2026,5,25,6,1000.0,18.75,73.0,92.69504183704426,303.1650390625,0.019664499908685684,31.24160038484537,382.75585977808726
2026,5,25,6,925.0,19.25,72.5,785.1668454887755,297.23675537109375,0.01671764627099037,24.61140940897467,345.39691586992154
2026,5,25,6,925.0,19.25,72.75,785.0011416041666,297.26409912109375,0.01797935739159584,26.44880116019428,353.111371124147
2026,5,25,6,925.0,19.25,73.0,784.5422693083266,297.66058349609375,0.01841137185692787,27.07729036066333,355.13835871653725
2026,5,25,6,925.0,19.0,72.5,785.6002248792911,297.19183349609375,0.017300818115472794,25.4610114863991,349.0528176754489
2026,5,25,6,925.0,19.0,72.75,785.2050848467622,297.39691162109375,0.017527315765619278,25.79082710981856,350.1289589398073
2026,5,25,6,925.0,19.0,73.0,785.0903667728022,297.42425537109375,0.018152449280023575,26.700652249082143,353.9230837779481
2026,5,25,6,925.0,18.75,72.5,786.0336042698068,297.38323974609375,0.01736423745751381,25.553368917614563,349.1485286573313
2026,5,25,6,925.0,18.75,72.75,785.6002248792911,297.35589599609375,0.017859194427728653,26.273931563230363,352.23022391858956
2026,5,25,6,925.0,18.75,73.0,785.7404358585756,297.18792724609375,0.018381807953119278,27.03429156873969,355.70316972480117
2026,5,25,6,850.0,19.25,72.5,1523.1437340988005,294.6905517578125,0.012218859046697617,16.574720342167858,295.01860493487817
2026,5,25,6,850.0,19.25,72.75,1523.8192960898982,294.0987548828125,0.014832403510808945,20.088287805388816,310.9078212325661
2026,5,25,6,850.0,19.25,73.0,1524.1252109537916,293.7784423828125,0.01647510752081871,22.291032105682717,320.86128199061716
2026,5,25,6,850.0,19.0,72.5,1523.7045780159383,294.5030517578125,0.012078668922185898,16.385940021922274,294.4399176520446
2026,5,25,6,850.0,19.0,72.75,1524.1634503117784,294.1085205078125,0.014539148658514023,19.694596195427383,309.1969651049248
2026,5,25,6,850.0,19.0,73.0,1524.5585903443073,293.8702392578125,0.016056444495916367,21.73004959615816,318.3080059749677
2026,5,25,6,850.0,18.75,72.5,1524.4693651756718,293.8253173828125,0.014703657478094101,19.91546471301216,310.5311733889227
2026,5,25,6,850.0,18.75,72.75,1524.6095761549561,294.0128173828125,0.015344526618719101,20.77547439549403,313.98920490120906
2026,5,25,6,850.0,18.75,73.0,1524.9537303768361,293.9639892578125,0.015847112983465195,21.44945231497076,316.9654028370883
2026,5,25,12,1000.0,19.25,72.5,60.94437511790469,302.6584167480469,0.020006991922855377,31.77919170871894,385.79819676952457
2026,5,25,12,1000.0,19.25,72.75,60.53648863271352,303.1427917480469,0.019879676401615143,31.579377191943536,384.1642766312919
2026,5,25,12,1000.0,19.25,73.0,58.10191617422871,304.5744323730469,0.019379951059818268,30.794791118796745,378.6041245168617
2026,5,25,12,1000.0,19.0,72.5,61.709162277638136,302.6994323730469,0.02024541050195694,32.15329404056417,387.2513058578782
2026,5,25,12,1000.0,19.0,72.75,61.186557718486945,302.9552917480469,0.020436622202396393,32.453246735732804,388.0328066656736
2026,5,25,12,1000.0,19.0,73.0,59.51677241973559,303.9787292480469,0.02014193683862686,31.99094678243724,384.4176754263992
2026,5,25,12,1000.0,18.75,72.5,62.422963626722684,302.8185729980469,0.020402289927005768,32.39939496444633,388.04852156415143
2026,5,25,12,1000.0,18.75,72.75,61.78564099361148,302.8127136230469,0.020577766001224518,32.67461403356606,389.17811917460665
2026,5,25,12,1000.0,18.75,73.0,61.428740319069206,303.2111511230469,0.02019057422876358,32.067259987421075,386.02817654007964
2026,5,25,12,925.0,19.25,72.5,752.6338652374919,297.7248840332031,0.015393592417240143,22.6802279358558,336.5340854091873
2026,5,25,12,925.0,19.25,72.75,753.1309768913187,297.4768371582031,0.017354823648929596,25.53966005666317,348.94699000884714
2026,5,25,12,925.0,19.25,73.0,753.0162588173587,297.7854309082031,0.01869998127222061,27.49697389355932,356.7070165451905
2026,5,25,12,925.0,19.0,72.5,753.4878775658609,297.6448059082031,0.016340114176273346,24.061078523930863,342.46409418636824
2026,5,25,12,925.0,19.0,72.75,753.4241453025498,297.5002746582031,0.016979075968265533,24.992350638332173,346.60444726077014
2026,5,25,12,925.0,19.0,73.0,753.4496382078743,297.4983215332031,0.018436290323734283,27.113531477304942,355.54700193624404
2026,5,25,12,925.0,18.75,72.5,754.2016789149455,297.5119934082031,0.016865111887454987,24.826303068541478,345.88691313555455
2026,5,25,12,925.0,18.75,72.75,753.9212569563766,297.4182434082031,0.017689086496829987,26.026335332702843,351.08911556716043
2026,5,25,12,925.0,18.75,73.0,754.4311150628655,297.4182434082031,0.018632270395755768,27.398524687705805,356.87523866801484
2026,5,25,12,850.0,19.25,72.5,1493.6767238302582,296.22064208984375,0.01103876531124115,14.984606027252788,286.36952198893295
2026,5,25,12,850.0,19.25,72.75,1493.9698922414893,295.78314208984375,0.01242588460445404,16.853443014771994,294.8551623183354
2026,5,25,12,850.0,19.25,73.0,1493.663977377596,295.25775146484375,0.01415298879146576,19.175968338569984,305.44518365678994
2026,5,25,12,850.0,19.0,72.5,1494.2503142000583,296.08197021484375,0.010899052023887634,14.796199711014395,285.7318503358681
2026,5,25,12,850.0,19.0,72.75,1494.1993283894094,295.61712646484375,0.012583240866661072,17.06524835902513,295.9651628979318
2026,5,25,12,850.0,19.0,73.0,1493.9826386941515,295.00189208984375,0.014368042349815369,19.464823480835417,307.0193763129532
2026,5,25,12,850.0,18.75,72.5,1494.811158117196,295.81048583984375,0.011616691946983337,15.763614783638161,290.1756875487885
2026,5,25,12,850.0,18.75,72.75,1494.5434826112894,295.39447021484375,0.013488277792930603,18.28266988739739,301.4472869894917
2026,5,25,12,850.0,18.75,73.0,1494.4797503479783,294.78704833984375,0.014818653464317322,20.06983161751616,309.9008704645689
2026,5,25,18,1000.0,19.25,72.5,81.43509442572133,302.41259765625,0.019964549690485,31.71258441768493,385.94540591605687
2026,5,25,18,1000.0,19.25,72.75,81.98319189019696,302.33251953125,0.020501945167779922,32.55570271717306,389.5224460762373
2026,5,25,18,1000.0,19.25,73.0,82.30185320675257,302.53759765625,0.020404670387506485,32.40312889910936,388.54664025926047
2026,5,25,18,1000.0,19.0,72.5,82.44206418603703,302.40283203125,0.020140979439020157,31.989444555289126,387.09131584448306
2026,5,25,18,1000.0,19.0,72.75,82.78621840791708,302.41845703125,0.02031979337334633,32.26998620664911,388.2087423960927
2026,5,25,18,1000.0,19.0,73.0,83.01565455583712,302.40673828125,0.02030787244439125,32.25128530367189,388.15261033519715
2026,5,25,18,1000.0,18.75,72.5,83.56375202031275,302.47705078125,0.020058009773492813,31.859252769449935,386.4335558584537
2026,5,25,18,1000.0,18.75,72.75,83.5382591149883,302.45556640625,0.02029118314385414,32.22510358983711,387.9619604712214
2026,5,25,18,1000.0,18.75,73.0,84.0098778634906,302.07275390625,0.02052149549126625,32.58636491271219,390.0970963317005
2026,5,25,18,925.0,19.25,72.5,772.5360071354643,296.8740234375,0.017187926918268204,25.296590881471083,348.8458595816964
2026,5,25,18,925.0,19.25,72.75,773.0841045999399,296.7197265625,0.017306659370660782,25.46951838646396,349.8155856838644
2026,5,25,18,925.0,19.25,73.0,773.1860762212377,296.7333984375,0.017066333442926407,25.119470849478287,348.3116269520176
2026,5,25,18,925.0,19.0,72.5,773.4410052744821,296.9560546875,0.01636204496026039,24.09305400485651,343.62915365380496
2026,5,25,18,925.0,19.0,72.75,773.721427233051,296.8681640625,0.016437862068414688,24.203590222406827,344.2288965928898
2026,5,25,18,925.0,19.0,73.0,773.9381169283089,296.8251953125,0.016958091408014297,24.961777493464066,347.50340179387194
2026,5,25,18,925.0,18.75,72.5,774.4224821294735,296.9560546875,0.016257140785455704,23.940094177737823,342.9821572799003
2026,5,25,18,925.0,18.75,72.75,774.3969892241489,296.8857421875,0.016207072883844376,23.86708381552912,342.7784062663597
2026,5,25,18,925.0,18.75,73.0,774.6519182773934,296.7978515625,0.01701197400689125,25.040279395979326,347.8775588629353
2026,5,25,18,850.0,19.25,72.5,1510.680491681665,295.0978698730469,0.01154971495270729,15.673361845803957,290.65249605042203
2026,5,25,18,850.0,19.25,72.75,1510.6422523236783,294.8107604980469,0.011525396257638931,15.640590076563027,290.8603548792631
2026,5,25,18,850.0,19.25,73.0,1510.0814084065405,294.6174011230469,0.011825326830148697,16.044708014973658,292.8319325688392
2026,5,25,18,850.0,19.0,72.5,1511.3942930307496,294.7502136230469,0.011793378740549088,16.001669026519767,292.4841475000645
2026,5,25,18,850.0,19.0,72.75,1511.1138710721807,294.5568542480469,0.011876825243234634,16.114080801880682,293.2045360488612
2026,5,25,18,850.0,19.0,73.0,1510.731477492314,294.5705261230469,0.011874917894601822,16.111511516281578,293.17666805871806
2026,5,25,18,850.0,18.75,72.5,1512.0826014745098,294.4377136230469,0.01197696104645729,16.248959991450906,293.9315394365131
2026,5,25,18,850.0,18.75,72.75,1511.5727433680208,294.2853698730469,0.012367967516183853,16.7754750869126,296.3875928417194
2026,5,25,18,850.0,18.75,73.0,1511.3815465780874,294.2931823730469,0.012580636888742447,17.061743668739982,297.6106904737111
2026,5,30,0,1000.0,19.25,72.5,64.7846423090454,303.0398864746094,0.019518356770277023,31.012140027749886,382.0343167198588
2026,5,30,0,1000.0,19.25,72.75,65.82985142734778,302.8367614746094,0.020061474293470383,31.86468937776825,385.842565281436
2026,5,30,0,1000.0,19.25,73.0,66.33970953383674,302.6746520996094,0.020040016621351242,31.831017117323622,385.98157018252016
2026,5,30,0,1000.0,19.0,72.5,65.51119011079217,303.0867614746094,0.019833069294691086,31.50622233183038,383.9619534915892
2026,5,30,0,1000.0,19.0,72.75,66.30147017585007,303.1082458496094,0.019690971821546555,31.283159810645436,383.02006380707405
2026,5,30,0,1000.0,19.0,73.0,67.14273605155685,302.7762145996094,0.01974962279200554,31.375233854168965,383.95415256028326
2026,5,30,0,1000.0,18.75,72.5,66.5309063237701,303.0672302246094,0.020268898457288742,32.19014317096029,386.77233200261367
2026,5,30,0,1000.0,18.75,72.75,66.88780699831237,303.1609802246094,0.020073872059583664,31.884144066125796,385.3704253687065
2026,5,30,0,1000.0,18.75,73.0,68.63407101303707,302.4168395996094,0.020165901631116867,32.028548660456615,387.2268276523388
2026,5,30,0,925.0,19.25,72.5,756.8708159769137,297.21636962890625,0.016524773091077805,24.330288211089854,344.24071644121574
2026,5,30,0,925.0,19.25,72.75,757.8777857372294,296.98004150390625,0.017606716603040695,25.90642574822124,351.2622110964028
2026,5,30,0,925.0,19.25,73.0,758.081728979825,296.67926025390625,0.018526535481214523,27.24477385888163,357.40109317899845
2026,5,30,0,925.0,19.0,72.5,757.8905321898916,297.48590087890625,0.01613805815577507,23.766437468462637,341.4593157806511
2026,5,30,0,925.0,19.0,72.75,758.5915870863139,297.37066650390625,0.01663873717188835,24.49640378972055,344.7095077267559
2026,5,30,0,925.0,19.0,73.0,758.9739806661806,296.98785400390625,0.01773260161280632,26.089677463068597,352.025049200724
2026,5,30,0,925.0,18.75,72.5,759.0122200241673,297.71051025390625,0.01614997908473015,23.783822731161898,341.19934736479996
2026,5,30,0,925.0,18.75,72.75,759.445599414683,297.78082275390625,0.01605556532740593,23.64612461450476,340.5159345755857
2026,5,30,0,925.0,18.75,73.0,759.9682039738341,297.19683837890625,0.017283421009778976,25.435674892959714,348.9381325134084
2026,5,30,0,850.0,19.25,72.5,1492.521576557744,293.6640930175781,0.00853683426976204,11.605880774250663,274.8082324387141
2026,5,30,0,850.0,19.25,72.75,1493.4520676020863,292.9023742675781,0.010291118174791336,13.976017914034347,285.9585070497001
2026,5,30,0,850.0,19.25,73.0,1493.4520676020863,292.2304992675781,0.011308688670396805,15.34851337686438,292.750704105825
2026,5,30,0,850.0,19.0,72.5,1494.0384044245488,293.9297180175781,0.008130569010972977,11.056276200374205,272.14170431423406
2026,5,30,0,850.0,19.0,72.75,1494.8286844896065,293.2890930175781,0.009809035807847977,13.325197847396096,282.6793028298498
2026,5,30,0,850.0,19.0,73.0,1495.01988127954,292.5996398925781,0.011230487376451492,15.243095555828694,291.83762694613785
2026,5,30,0,850.0,18.75,72.5,1495.8484007025845,293.9179992675781,0.008690852671861649,11.814169682318212,275.4268449553863
2026,5,30,0,850.0,18.75,72.75,1496.3964981670601,293.3398742675781,0.010681647807359695,14.502962321172653,287.7257107802564
2026,5,30,0,850.0,18.75,73.0,1496.7151594836157,292.8515930175781,0.011966247111558914,16.23452949959863,295.84144667622536
2026,5,30,6,1000.0,19.25,72.5,83.96008703277879,303.24066162109375,0.019244525581598282,30.582087311434297,379.95358966142624
2026,5,30,6,1000.0,19.25,72.75,83.46297537895204,304.14105224609375,0.018862102180719376,29.981253381081252,376.0398263988205
2026,5,30,6,1000.0,19.25,73.0,81.11762808910281,306.11370849609375,0.017708156257867813,28.166588491113618,365.61913441402476
2026,5,30,6,1000.0,19.0,72.5,84.3424806126455,303.18597412109375,0.019735191017389297,31.352578533231814,383.17100326239546
2026,5,30,6,1000.0,19.0,72.75,84.64839547653888,303.31097412109375,0.019885394722223282,31.588352428304216,383.91661724413234
2026,5,30,6,1000.0,19.0,73.0,82.65994886123192,305.06488037109375,0.01857123151421547,29.52407509044824,372.70371031530726
2026,5,30,6,1000.0,18.75,72.5,84.8650851717967,303.22503662109375,0.019997451454401016,31.764219541377187,384.77518119260503
2026,5,30,6,1000.0,18.75,72.75,85.40043618361011,302.91448974609375,0.02018246427178383,32.05453558445828,386.48205020594
2026,5,30,6,1000.0,18.75,73.0,83.90910122212989,304.32855224609375,0.01857266202569008,29.526323899348515,373.9015281524053
2026,5,30,6,925.0,19.25,72.5,776.4430936214202,297.24932861328125,0.01637110486626625,24.106263265848185,343.2454353711555
2026,5,30,6,925.0,19.25,72.75,777.284359497127,297.59503173828125,0.01722416654229164,25.3493745859592,347.96423650012724
2026,5,30,6,925.0,19.25,73.0,777.2078807811537,298.49737548828125,0.017137382179498672,25.222967661468378,346.06141560410106
2026,5,30,6,925.0,19.0,72.5,776.940205275247,297.40167236328125,0.015945766121149063,23.485967846317266,340.40160931955046
2026,5,30,6,925.0,19.0,72.75,777.399077571087,297.72979736328125,0.015258166939020157,22.48253128793519,335.6950712747198
2026,5,30,6,925.0,19.0,73.0,777.8324569616026,298.26495361328125,0.016068313270807266,23.664717816632006,339.87999421701716
2026,5,30,6,925.0,18.75,72.5,777.4245704764114,297.43096923828125,0.017004821449518204,25.02985908235493,346.86790783123047
2026,5,30,6,925.0,18.75,72.75,777.6922459823181,297.62823486328125,0.01627955213189125,23.972773581149507,342.11697118815016
2026,5,30,6,925.0,18.75,73.0,778.5844976686739,298.07745361328125,0.016290996223688126,23.989460596114505,341.5195377267021
2026,5,30,6,850.0,19.25,72.5,1513.554418430351,296.25323486328125,0.0046855732798576355,6.384933495161865,249.78293153402902
2026,5,30,6,850.0,19.25,72.75,1514.6123740013156,295.64971923828125,0.005380801856517792,7.3292192333426875,254.37788099225432
2026,5,30,6,850.0,19.25,73.0,1515.2369501817645,293.89385986328125,0.009468726813793182,12.86554614555942,279.99397346627063
2026,5,30,6,850.0,19.0,72.5,1514.4466701167066,295.98175048828125,0.00520198792219162,7.086423368338334,253.02371358417327
2026,5,30,6,850.0,19.0,72.75,1515.09673920248,295.64776611328125,0.005897693336009979,8.030765473675238,257.3735208461802
2026,5,30,6,850.0,19.0,73.0,1515.606597308969,294.05987548828125,0.00928371399641037,12.615571990377195,278.7262678049771
2026,5,30,6,850.0,18.75,72.5,1515.3516682557245,295.52471923828125,0.006647281348705292,9.047357077863484,261.836736837517
2026,5,30,6,850.0,18.75,72.75,1515.5683579509823,295.27862548828125,0.007485084235668182,10.182494595918381,266.94335348453865
2026,5,30,6,850.0,18.75,73.0,1516.2439199420803,293.75714111328125,0.010836772620677948,14.712204379472581,288.13228113750625
2026,5,30,12,1000.0,19.25,72.5,55.77529023672712,303.4231262207031,0.02002965286374092,31.814753572476054,384.64464650884463
2026,5,30,12,1000.0,19.25,72.75,55.354657298873725,303.4680480957031,0.01955949142575264,31.076729909293515,381.57944310411403
2026,5,30,12,1000.0,19.25,73.0,52.28276220727772,305.1907043457031,0.017912495881319046,28.488111032918845,368.35259712099213
2026,5,30,12,1000.0,19.0,72.5,56.57831675444724,303.5071105957031,0.02023373916745186,32.134983055260456,385.79923172086626
2026,5,30,12,1000.0,19.0,72.75,56.552823849122795,303.2629699707031,0.02040635421872139,32.40577011092492,387.3128977592488
2026,5,30,12,1000.0,19.0,73.0,54.30944818057135,304.7922668457031,0.018568623811006546,29.519975689275743,373.1265390706817
2026,5,30,12,1000.0,18.75,72.5,57.381343272167356,303.6360168457031,0.020353902131319046,32.32349268680127,386.3428936193908
2026,5,30,12,1000.0,18.75,72.75,57.190146482234,303.2727355957031,0.02040158584713936,32.39829055919125,387.2658608185369
2026,5,30,12,1000.0,18.75,73.0,56.10669800594495,304.3020324707031,0.01873885467648506,29.78755764412496,374.99675062551466
2026,5,30,12,925.0,19.25,72.5,748.9414768135654,297.4865417480469,0.016584504395723343,24.41735620585551,344.20183908349986
2026,5,30,12,925.0,19.25,72.75,749.094434245512,297.6935729980469,0.01765691116452217,25.979497658028535,350.46585898199254
2026,5,30,12,925.0,19.25,73.0,748.3169006331163,298.6037292480469,0.017267335206270218,25.41224756672659,346.6923775788951
2026,5,30,12,925.0,19.0,72.5,749.9611930265432,297.4084167480469,0.017802346497774124,26.191193652898022,351.7995475937508
2026,5,30,12,925.0,19.0,72.75,749.7445033312855,297.9572448730469,0.01528703048825264,22.524669540916374,335.5436974184753
2026,5,30,12,925.0,19.0,73.0,749.5150671833654,298.5470886230469,0.0153876431286335,22.67154373003033,335.3088044232636
2026,5,30,12,925.0,18.75,72.5,750.8661911655612,297.4084167480469,0.018169987946748734,26.726168327386166,354.0555291508478
2026,5,30,12,925.0,18.75,72.75,750.4455582277078,298.2091979980469,0.015534032136201859,22.88521041709158,336.6925530351051
2026,5,30,12,925.0,18.75,73.0,750.68774082829,298.5978698730469,0.01567326858639717,23.088402420550224,336.9795580593025
2026,5,30,12,850.0,19.25,72.5,1488.2507182626075,296.8924560546875,0.0047015175223350525,6.406598482549229,249.2785196430633
2026,5,30,12,850.0,19.25,72.75,1488.7478299164343,296.8201904296875,0.0047549232840538025,6.479163016909334,249.65303038062183
2026,5,30,12,850.0,19.25,73.0,1488.5438866738389,296.3006591796875,0.006903074681758881,9.394053042287235,262.523089242378
2026,5,30,12,850.0,19.0,72.5,1489.3214202862343,296.7381591796875,0.004975222051143646,6.778442082416755,250.99739434405666
2026,5,30,12,850.0,19.0,72.75,1489.691067413439,296.4959716796875,0.005288027226924896,7.203255210977213,253.02836537806633
2026,5,30,12,850.0,19.0,73.0,1489.6400816027901,296.4686279296875,0.005789183080196381,7.8835273423699315,255.9414369079431
2026,5,30,12,850.0,18.75,72.5,1490.5578261944702,296.4783935546875,0.005792044103145599,7.887409727689499,255.94837940859995
2026,5,30,12,850.0,18.75,72.75,1490.6470513631057,296.2088623046875,0.006083391606807709,8.282695538504397,257.8922032397074
2026,5,30,12,850.0,18.75,73.0,1490.7872623423902,296.3885498046875,0.006039522588253021,8.223185153531862,257.4618355613216
2026,5,30,18,1000.0,19.25,72.5,75.80985084897749,302.7689208984375,0.020298797637224197,32.237049061849376,387.4731918182116
2026,5,30,18,1000.0,19.25,72.75,76.80407415663096,302.7747802734375,0.020620662719011307,32.7418850129337,389.51724606078665
2026,5,30,18,1000.0,19.25,73.0,76.85505996727986,303.0091552734375,0.020464736968278885,32.4973444010645,388.1195367986754
2026,5,30,18,1000.0,19.0,72.5,76.05203344955974,302.8587646484375,0.020452339202165604,32.47789884048619,388.2987791665213
2026,5,30,18,1000.0,19.0,72.75,76.84231351461764,303.0032958984375,0.02022917941212654,32.127829252386775,386.62836813636386
2026,5,30,18,1000.0,19.0,73.0,77.10998902052434,302.9739990234375,0.020125705748796463,31.96547883028402,386.0186692540369
2026,5,30,18,1000.0,18.75,72.5,76.63837027202204,303.0150146484375,0.02014334872364998,31.993162125936376,386.06129898379976
2026,5,30,18,1000.0,18.75,72.75,77.02076385188877,303.1673583984375,0.020025093108415604,31.80759801630748,385.04894873867136
2026,5,30,18,1000.0,18.75,73.0,77.9385084435689,302.8118896484375,0.020090419799089432,31.910110479549473,386.0696679749135
2026,5,30,18,925.0,19.25,72.5,767.9179075869436,297.2358093261719,0.017098266631364822,25.165989072249378,347.73971841146073
2026,5,30,18,925.0,19.25,72.75,768.9758631579082,297.0697937011719,0.017950374633073807,26.4066257233459,353.2371430557622
2026,5,30,18,925.0,19.25,73.0,769.0013560632326,296.9447937011719,0.018835384398698807,27.693821197105514,358.87789253717267
2026,5,30,18,925.0,19.0,72.5,768.3257940721347,297.3412780761719,0.016824085265398026,24.766521021362536,345.89338697864184
2026,5,30,18,925.0,19.0,72.75,769.1415670425171,297.3471374511719,0.0170644111931324,25.11667058212649,347.3616970580775
2026,5,30,18,925.0,19.0,73.0,769.4602283590727,297.0834655761719,0.017999965697526932,26.478789278607103,353.52072975778754
2026,5,30,18,925.0,18.75,72.5,768.8993844419349,297.3022155761719,0.016592342406511307,24.428780904227857,344.5273006528388
2026,5,30,18,925.0,18.75,72.75,769.5621999803706,297.4643249511719,0.01690085604786873,24.878385357934825,346.1786569593875
2026,5,30,18,925.0,18.75,73.0,770.2250155188061,297.0893249511719,0.018179256469011307,26.739652392783764,354.61397122643496
2026,5,30,18,850.0,19.25,72.5,1504.264246072818,294.31109619140625,0.009439337998628616,12.825842121174555,279.3474070853057
2026,5,30,18,850.0,19.25,72.75,1505.1564977591738,293.30328369140625,0.011178839951753616,15.173467734636883,290.676665194097
2026,5,30,18,850.0,19.25,73.0,1504.9143151585915,292.64117431640625,0.012437690049409866,16.869334824943845,298.86986669989756
2026,5,30,18,850.0,19.0,72.5,1504.9015687059293,294.58843994140625,0.009036887437105179,12.281993131085644,276.6949411690167
2026,5,30,18,850.0,19.0,72.75,1505.7045952236494,293.56500244140625,0.011923182755708694,16.176524667023454,294.70028127967254
2026,5,30,18,850.0,19.0,73.0,1505.6153700550137,293.03570556640625,0.012845862656831741,17.418654133267587,300.7548127010379
2026,5,30,18,850.0,18.75,72.5,1505.8957920135826,294.99273681640625,0.008478987962007523,11.52764150230333,273.01006734260017
2026,5,30,18,850.0,18.75,72.75,1506.431143025396,294.28961181640625,0.00998913124203682,13.568374348671592,282.56980218152813
2026,5,30,18,850.0,18.75,73.0,1506.5586075520184,293.79937744140625,0.010694373399019241,14.52012887161318,287.25171685384686
2026,6,1,0,1000.0,19.25,72.5,74.93281026140426,302.5257263183594,0.019322656095027924,30.70480594479069,381.6455011024565
2026,6,1,0,1000.0,19.25,72.75,75.85055485308439,301.8128356933594,0.020535729825496674,32.6086892025994,390.63927163348967
2026,6,1,0,1000.0,19.25,73.0,76.99773559268456,301.0511169433594,0.020474694669246674,32.51296257592691,391.57240063538393
2026,6,1,0,1000.0,19.0,72.5,75.7485832317866,302.5140075683594,0.019299767911434174,30.668856950165186,381.51861042615286
2026,6,1,0,1000.0,19.0,72.75,76.69182072879119,301.8558044433594,0.020255349576473236,32.16888710631443,388.7642681514293
2026,6,1,0,1000.0,19.0,73.0,77.66055113112022,300.9671325683594,0.02033974975347519,32.30129208796332,390.84739016259937
2026,6,1,0,1000.0,18.75,72.5,76.79379235008898,302.3890075683594,0.019140981137752533,30.419433581491404,380.7105623681686
2026,6,1,0,1000.0,18.75,72.75,77.43111498320017,301.7190856933594,0.019909165799617767,31.625661854442267,386.77434399626657
2026,6,1,0,1000.0,18.75,73.0,78.57829572280035,300.8089294433594,0.01999356597661972,31.758121885609373,388.8838904222928
2026,6,1,0,925.0,19.25,72.5,765.6902658208971,297.1212463378906,0.015139840543270111,22.309769806140395,335.8468462824418
2026,6,1,0,925.0,19.25,72.75,766.0981523060883,296.5411682128906,0.016409657895565033,24.16247162339024,344.54714834872135
2026,6,1,0,925.0,19.25,73.0,765.9961806847905,296.1349182128906,0.01727130264043808,25.4180257705885,350.5008971016101
2026,6,1,0,925.0,19.0,72.5,766.3785742646572,297.0450744628906,0.015326760709285736,22.58266978707405,337.110779044749
2026,6,1,0,925.0,19.0,72.75,766.5570246019283,296.5665588378906,0.01694466918706894,24.94222178233684,347.8157674370604
2026,6,1,0,925.0,19.0,73.0,766.5315316966039,296.1700744628906,0.01744677871465683,25.673562995960765,351.5330874271864
2026,6,1,0,925.0,18.75,72.5,767.1178685190662,297.0626525878906,0.015139840543270111,22.309769806140395,335.9316862229475
2026,6,1,0,925.0,18.75,72.75,767.0668827084173,296.8243713378906,0.016240380704402924,23.915654666154293,343.0757952690489
2026,6,1,0,925.0,18.75,73.0,767.219840140364,296.3634338378906,0.01683642715215683,24.784505343520106,347.45692042577565
2026,6,1,0,850.0,19.25,72.5,1501.8635313792172,293.27508544921875,0.01107989251613617,15.040060876545496,290.1323955418323
2026,6,1,0,850.0,19.25,72.75,1502.3988823910306,293.33758544921875,0.012269124388694763,16.64239998239168,297.0025734282156
2026,6,1,0,850.0,19.25,73.0,1502.194939148435,293.63641357421875,0.012287721037864685,16.66743835265489,296.7352932302798
2026,6,1,0,850.0,19.0,72.5,1502.653811444275,293.18133544921875,0.011558637022972107,15.685384948262517,293.0463950867198
2026,6,1,0,850.0,19.0,72.75,1503.036205024142,293.30242919921875,0.012147054076194763,16.478031604947223,296.3341394581675
2026,6,1,0,850.0,19.0,73.0,1502.8577546868707,293.52703857421875,0.012199506163597107,16.548661608241623,296.35852709680444
2026,6,1,0,850.0,18.75,72.5,1503.5970489412798,293.03289794921875,0.012393578886985779,16.809953761196297,298.11430852166586
2026,6,1,0,850.0,18.75,72.75,1503.8009921838752,293.18133544921875,0.01304064691066742,17.680699774427964,301.7049940271718
2026,6,1,0,850.0,18.75,73.0,1503.5715560359554,293.32391357421875,0.013221368193626404,17.92377128919812,302.5748411570082
2026,6,1,6,1000.0,19.25,72.5,93.52151983602964,302.8372802734375,0.01844613254070282,29.327400626541674,375.5221490918319
2026,6,1,6,1000.0,19.25,72.75,92.98616882421622,303.1693115234375,0.019280120730400085,30.637997600909674,380.2991104398685
2026,6,1,6,1000.0,19.25,73.0,92.19588875915834,303.6966552734375,0.018930599093437195,30.088890705130986,377.2025492829772
2026,6,1,6,1000.0,19.0,72.5,94.1333495638164,302.8919677734375,0.018510982394218445,29.429358073618506,375.8473425381736
2026,6,1,6,1000.0,19.0,72.75,93.96764567920748,302.6048583984375,0.019398853182792664,30.824476676437666,382.00045088461115
2026,6,1,6,1000.0,19.0,73.0,93.25384433012293,302.9056396484375,0.019284412264823914,30.644738271794736,380.76588045208587
2026,6,1,6,1000.0,18.75,72.5,94.65595412296759,302.8665771484375,0.018534347414970398,29.46609079465149,376.03825168661723
2026,6,1,6,1000.0,18.75,72.75,94.46475733303423,302.3099365234375,0.01939217746257782,30.81399261482238,382.45293798460455
2026,6,1,6,1000.0,18.75,73.0,93.33032304609628,302.6439208984375,0.018793269991874695,29.873080272733315,378.06052408846153
2026,6,1,6,925.0,19.25,72.5,784.8211975419741,297.482421875,0.014104530215263367,20.797122718674046,328.9491464003179
2026,6,1,6,925.0,19.25,72.75,784.7957046366497,296.798828125,0.016606494784355164,24.449409162252824,345.37412715342475
2026,6,1,6,925.0,19.25,73.0,783.8779600449695,296.58984375,0.01782195270061493,26.219729653669134,353.19716975958124
2026,6,1,6,925.0,19.0,72.5,785.3310556484631,296.833984375,0.015799686312675476,23.2728581682511,340.34023946273913
2026,6,1,6,925.0,19.0,72.75,784.7702117313252,296.62890625,0.01681677997112274,24.755875783638565,346.93047828271386
2026,6,1,6,925.0,19.0,73.0,784.2603536248363,296.302734375,0.017897769808769226,26.330071924485825,354.11603376417804
2026,6,1,6,925.0,18.75,72.5,785.5859847017076,296.421875,0.01697652041912079,24.988627410054804,348.23418946798165
2026,6,1,6,925.0,18.75,72.75,784.8466904472986,296.626953125,0.016874954104423523,24.840644241296143,347.29280714599213
2026,6,1,6,925.0,18.75,73.0,784.6937330153519,296.5859375,0.017058059573173523,25.10741771469376,348.4866286821766
2026,6,1,6,850.0,19.25,72.5,1521.1827720220463,293.23419189453125,0.011872626841068268,16.10842535486336,294.81641285644275
2026,6,1,6,850.0,19.25,72.75,1521.0553074954241,293.01934814453125,0.01347670704126358,18.267113731287864,304.46175867072577
2026,6,1,6,850.0,19.25,73.0,1521.3102365486686,293.31231689453125,0.01418624073266983,19.220636496622415,308.21255249861423
2026,6,1,6,850.0,19.0,72.5,1521.106293306073,293.26739501953125,0.011162139475345612,15.150952270108967,290.6226411404317
2026,6,1,6,850.0,19.0,72.75,1520.9533358741264,293.08184814453125,0.013363219797611237,18.114525686814808,303.71731240720436
2026,6,1,6,850.0,19.0,73.0,1521.4122081699663,293.28692626953125,0.014456130564212799,19.583119998122065,309.81830229861293
2026,6,1,6,850.0,18.75,72.5,1521.1827720220463,293.27520751953125,0.010412074625492096,14.139251881317893,286.2257205030616
2026,6,1,6,850.0,18.75,72.75,1521.0298145900997,293.01348876953125,0.013665534555912018,18.520953461033447,305.5722248799908
2026,6,1,6,850.0,18.75,73.0,1521.5906585072375,293.08770751953125,0.014977790415287018,20.283416662896887,313.12750880201554
2026,6,1,12,1000.0,19.25,72.5,60.47514632927657,302.77435302734375,0.019692618399858475,31.28574480304906,383.59318148696354
2026,6,1,12,1000.0,19.25,72.75,59.77409143285424,303.05950927734375,0.01929684355854988,30.664263786374747,380.5886344514379
2026,6,1,12,1000.0,19.25,73.0,56.82966086788047,304.92474365234375,0.017692286521196365,28.141614609095523,367.3834508714856
2026,6,1,12,1000.0,19.0,72.5,61.20169413102334,303.01263427734375,0.01955433562397957,31.0686344135093,382.3095109550568
2026,6,1,12,1000.0,19.0,72.75,60.934018625116636,302.86029052734375,0.019502360373735428,30.987021528566878,382.23345755910753
2026,6,1,12,1000.0,19.0,73.0,58.9583184624719,304.39544677734375,0.017916399985551834,28.49425326000768,369.63850998877064
2026,6,1,12,1000.0,18.75,72.5,62.042960006730134,303.22357177734375,0.019352633506059647,30.751888036903797,380.6708425367436
2026,6,1,12,1000.0,18.75,72.75,61.67331287952563,302.93646240234375,0.019248206168413162,30.587868622264548,380.48331852090405
2026,6,1,12,1000.0,18.75,73.0,60.79380764583217,303.88372802734375,0.01790638640522957,28.478499092970544,370.3908048335604
2026,6,1,12,925.0,19.25,72.5,752.2286674571592,297.9281311035156,0.01354571059346199,19.979871049358625,324.89175986234994
2026,6,1,12,925.0,19.25,72.75,752.1394422885237,297.8871154785156,0.015265662223100662,22.49347388677971,335.5138476667576
2026,6,1,12,925.0,19.25,73.0,751.871766782617,298.3539123535156,0.01642676070332527,24.18740581293834,341.93929900273287
2026,6,1,12,925.0,19.0,72.5,753.235637217475,297.6312561035156,0.01500435546040535,22.111925688014068,334.277047368224
2026,6,1,12,925.0,19.0,72.75,752.840497184946,298.2738342285156,0.012404162436723709,18.30868964143092,317.41149103732107
2026,6,1,12,925.0,19.0,73.0,753.0444404275415,298.4164123535156,0.014025408774614334,20.681444177895013,327.16157482986847
2026,6,1,12,925.0,18.75,72.5,754.204367619804,297.3168029785156,0.016206461936235428,23.86619288810528,342.13145029886505
2026,6,1,12,925.0,18.75,72.75,753.6817630606528,298.4671936035156,0.013083178550004959,19.30301962154215,321.3195436442004
2026,6,1,12,925.0,18.75,73.0,754.2426069777906,298.4925842285156,0.01427050307393074,21.03974548695439,328.5559829595071
2026,6,1,12,850.0,19.25,72.5,1491.7388646989543,296.53155517578125,0.005394287407398224,7.347527955280007,253.6063349175066
2026,6,1,12,850.0,19.25,72.75,1491.6751324356433,295.56475830078125,0.00907260924577713,12.330276267923459,275.8133122471185
2026,6,1,12,850.0,19.25,73.0,1491.5604143616833,294.60382080078125,0.012678451836109161,17.193385112195994,297.78523359014537
2026,6,1,12,850.0,19.0,72.5,1492.5673841219989,296.53350830078125,0.005365200340747833,7.308037388463112,253.436943881408
2026,6,1,12,850.0,19.0,72.75,1492.452666048039,295.56085205078125,0.008939094841480255,12.149801775204091,275.0470500632788
2026,6,1,12,850.0,19.0,73.0,1492.4271731427145,294.80694580078125,0.01240808516740799,16.829482009760152,295.9674021990819
2026,6,1,12,850.0,18.75,72.5,1493.599846787639,296.48663330078125,0.005557842552661896,7.569555561602439,254.591601509241
2026,6,1,12,850.0,18.75,72.75,1493.2811854710835,295.55499267578125,0.008999176323413849,12.231018901484873,275.40033198020814
2026,6,1,12,850.0,18.75,73.0,1493.3194248290702,294.73272705078125,0.012310333549976349,16.697882889829497,295.49505093301246
2026,6,1,18,1000.0,19.25,72.5,89.76768952700463,302.6353454589844,0.020098675042390823,31.923064265068962,386.42340610186716
2026,6,1,18,1000.0,19.25,72.75,90.73641992933368,302.5826110839844,0.02022789791226387,32.125818699430674,387.33943572734154
2026,6,1,18,1000.0,19.25,73.0,91.61592516302713,302.7349548339844,0.019999492913484573,31.767423283917434,385.62005434979926
2026,6,1,18,1000.0,19.0,72.5,90.29029408615582,302.6783142089844,0.020106781274080276,31.935784102795466,386.4018828719906
2026,6,1,18,1000.0,19.0,72.75,91.00409543524037,302.6744079589844,0.019957054406404495,31.7008212396052,385.4518898920369
2026,6,1,18,1000.0,19.0,73.0,91.87085421627161,302.6216735839844,0.01974724605679512,31.371502829356846,384.2002572405547
2026,6,1,18,1000.0,18.75,72.5,90.82564509796924,302.7427673339844,0.019699085503816605,31.295897574422714,383.68780355379374
2026,6,1,18,1000.0,18.75,72.75,91.23353158316041,302.7837829589844,0.0195460207760334,31.05557856612913,382.640819032884
2026,6,1,18,1000.0,18.75,73.0,92.3424729647739,302.4595642089844,0.0193471796810627,30.743322463705454,381.91340847698586
2026,6,1,18,925.0,19.25,72.5,781.4060942542816,297.075439453125,0.016395557671785355,24.14191451613737,343.65662906721184
2026,6,1,18,925.0,19.25,72.75,782.3620782039484,296.841064453125,0.017704952508211136,26.049430839760753,352.08334523608903
2026,6,1,18,925.0,19.25,73.0,782.9866543843974,296.733642578125,0.018217075616121292,26.79467102524386,355.4077162049617
2026,6,1,18,925.0,19.0,72.5,781.941445266095,297.032470703125,0.016612041741609573,24.45749421415076,345.05527143371
2026,6,1,18,925.0,19.0,72.75,782.5915143518685,296.932861328125,0.01738070324063301,25.57734684495476,349.9432648500744
2026,6,1,18,925.0,19.0,73.0,783.3308086062774,296.675048828125,0.018258560448884964,26.855019556275284,355.7560807514057
2026,6,1,18,925.0,18.75,72.5,782.3238388459617,296.897705078125,0.0173182375729084,25.486380101021357,349.6125901411001
2026,6,1,18,925.0,18.75,72.75,782.8082040471262,296.841064453125,0.01789044216275215,26.319407895887238,353.22619127843825
2026,6,1,18,925.0,18.75,73.0,783.6367234701708,296.509033203125,0.01793001964688301,26.37700446087401,353.9909946396959
2026,6,1,18,850.0,19.25,72.5,1517.1668427801544,292.832763671875,0.01242120936512947,16.84714941426006,298.5297853063462
2026,6,1,18,850.0,19.25,72.75,1518.3777557830656,292.135498046875,0.013401109725236893,18.165472500258474,305.17948929801935
2026,6,1,18,850.0,19.25,73.0,1518.2630377091057,291.975341796875,0.01212366297841072,16.44653259344333,297.8694344315848
2026,6,1,18,850.0,19.0,72.5,1517.7021937919678,292.811279296875,0.012026865035295486,16.31617271719266,296.24708404679865
2026,6,1,18,850.0,19.0,72.75,1518.568952572999,292.002685546875,0.013520795851945877,18.326387233838993,306.0583548179349
2026,6,1,18,850.0,19.0,73.0,1518.5816990256612,291.924560546875,0.012494642287492752,16.945997468846237,300.11988219330715
2026,6,1,18,850.0,18.75,72.5,1518.224798351119,292.785888671875,0.012086469680070877,16.396445378085673,296.62821302800256
2026,6,1,18,850.0,18.75,72.75,1518.6199383836479,292.006591796875,0.01331527903676033,18.050061183216247,304.8444134816974
2026,6,1,18,850.0,18.75,73.0,1518.8111351735813,292.041748046875,0.013066370040178299,17.715300814618608,303.3341718492702
2026,6,5,0,1000.0,19.25,72.5,40.65520909280947,302.5959167480469,0.02022498846054077,32.12125403138001,387.29805413757316
2026,6,5,0,1000.0,19.25,72.75,41.560207231827384,302.0197448730469,0.020968377590179443,33.28704647007129,393.0541736785008
2026,6,5,0,1000.0,19.25,73.0,42.4142195601964,301.5666198730469,0.020266473293304443,32.1863384952169,389.3350489084861
2026,6,5,0,1000.0,19.0,72.5,40.92288459871618,302.7131042480469,0.019928395748138428,31.65584306194345,385.2030366697744
2026,6,5,0,1000.0,19.0,72.75,41.649432400462956,302.2365417480469,0.02005094289779663,31.848163187524,386.79922362010797
2026,6,5,0,1000.0,19.0,73.0,42.503444728831965,301.5627136230469,0.019630372524261475,31.188020346070036,385.24709812526515
2026,6,5,0,1000.0,18.75,72.5,41.3052781785829,302.6955261230469,0.019936025142669678,31.667817125504936,385.28163538201056
2026,6,5,0,1000.0,18.75,72.75,41.75140402176075,302.0900573730469,0.020019471645355225,31.798776284065525,386.8480154921856
2026,6,5,0,1000.0,18.75,73.0,43.53590739447212,301.0177917480469,0.019535481929779053,31.03903044316148,385.56317532356627
2026,6,5,0,925.0,19.25,72.5,732.1913434538044,297.00836181640625,0.016992397606372833,25.011759001547592,347.4353026502876
2026,6,5,0,925.0,19.25,72.75,732.3952866963999,296.71734619140625,0.018013305962085724,26.498200930903394,354.1774293153653
2026,6,5,0,925.0,19.25,73.0,732.1658505484799,296.22906494140625,0.018633194267749786,27.399868018632223,358.7792349607878
2026,6,5,0,925.0,19.0,72.5,732.4590189597111,296.90484619140625,0.017280884087085724,25.431980154847974,349.3714047526813
2026,6,5,0,925.0,19.0,72.75,732.3825402437377,296.74664306640625,0.017392463982105255,25.59447287022288,350.3033533242075
2026,6,5,0,925.0,19.0,73.0,732.1276111904932,296.35406494140625,0.017912693321704865,26.35179003689462,354.1275640435073
2026,6,5,0,925.0,18.75,72.5,732.573737033671,296.81304931640625,0.017311878502368927,25.477119207711358,349.70386336532357
2026,6,5,0,925.0,18.75,72.75,732.2933150751021,296.74664306640625,0.017714805901050568,26.063773800909136,352.2912262456697
2026,6,5,0,925.0,18.75,73.0,732.0128931165332,296.32086181640625,0.01795608550310135,26.414936243810573,354.44803136522
2026,6,5,0,850.0,19.25,72.5,1468.3829818286572,292.51580810546875,0.013145115226507187,17.821216921966123,303.1789357093227
2026,6,5,0,850.0,19.25,72.75,1468.714389597875,292.87518310546875,0.012865211814641953,17.444687545861015,301.0743541911168
2026,6,5,0,850.0,19.25,73.0,1467.9496024381415,292.89276123046875,0.012683536857366562,17.200228217634027,299.98881849570876
2026,6,5,0,850.0,19.0,72.5,1468.5614321659284,292.82830810546875,0.011987831443548203,16.263601030004388,295.99704543314937
2026,6,5,0,850.0,19.0,72.75,1468.7653754085238,293.02166748046875,0.012550022453069687,17.020538916535905,299.04335596297085
2026,6,5,0,850.0,19.0,73.0,1468.2810102073595,293.05487060546875,0.012949611991643906,17.558237044944292,301.3364343353747
2026,6,5,0,850.0,18.75,72.5,1468.9183328404706,293.17596435546875,0.011487152427434921,15.589050909021058,292.63495731429225
2026,6,5,0,850.0,18.75,72.75,1468.8163612191727,293.14276123046875,0.012349274009466171,16.750308743461314,297.7163303880784
2026,6,5,0,850.0,18.75,73.0,1468.4084747339816,293.16424560546875,0.013394977897405624,18.15722779968491,303.79517244393276
2026,6,5,6,1000.0,19.25,72.5,56.405442990215825,303.00537109375,0.019805561751127243,31.46304436623044,383.92404564504335
2026,6,5,6,1000.0,19.25,72.75,56.125021031646895,303.41357421875,0.01947702094912529,30.947231059721748,381.14586041237135
2026,6,5,6,1000.0,19.25,73.0,54.03460279504214,305.30224609375,0.01793588325381279,28.52490535545082,368.3235956206963
2026,6,5,6,1000.0,19.0,72.5,57.23396241326039,302.89990234375,0.019659172743558884,31.233236873191846,383.16797472402146
2026,6,5,6,1000.0,19.0,72.75,57.64184889845156,302.72802734375,0.020073067396879196,31.882881390814475,386.10176179691194
2026,6,5,6,1000.0,19.0,73.0,55.61516292515793,304.75537109375,0.018644463270902634,29.639192741500402,373.6648530496372
2026,6,5,6,1000.0,18.75,72.5,58.151707004940526,302.88232421875,0.019539009779691696,31.044569905316518,382.43047346109086
2026,6,5,6,1000.0,18.75,72.75,58.546847037469476,302.49560546875,0.019863735884428024,31.55435729887375,385.15902759006565
2026,6,5,6,1000.0,18.75,73.0,57.00452626534036,304.02099609375,0.018276821821928024,29.061171525960766,372.52305468984576
2026,6,5,6,925.0,19.25,72.5,748.5624192193563,297.0888977050781,0.017311666160821915,25.476809967521078,349.2777918168333
2026,6,5,6,925.0,19.25,72.75,749.5311496216854,297.3291320800781,0.01801309362053871,26.497891951442618,353.216849386244
2026,6,5,6,925.0,19.25,73.0,749.8115715802543,298.4131164550781,0.017392251640558243,25.594163660004025,347.74375737856667
2026,6,5,6,925.0,19.0,72.5,749.0722773258452,296.9170227050781,0.01759633794426918,25.891316222064752,351.296095455996
2026,6,5,6,925.0,19.0,72.75,749.5184031690231,297.0166320800781,0.01732311025261879,25.493476273621898,349.4594421778744
2026,6,5,6,925.0,19.0,73.0,750.1812187074588,298.0185852050781,0.01709422841668129,25.160106558548623,346.52330198542927
2026,6,5,6,925.0,18.75,72.5,749.6458676956454,296.7900695800781,0.017973516136407852,26.44030113898689,353.8179613789048
2026,6,5,6,925.0,18.75,72.75,749.8370644855787,296.8428039550781,0.01754579320549965,25.817729157816984,351.09982565532744
2026,6,5,6,925.0,18.75,73.0,750.6145980979744,297.8740539550781,0.016846273094415665,24.798852439515343,345.22408814269573
2026,6,5,6,850.0,19.25,72.5,1486.1738431319566,293.1739501953125,0.013336330652236938,18.078369118162193,303.4402861418563
2026,6,5,6,850.0,19.25,72.75,1487.2445451555832,293.4825439453125,0.012932926416397095,17.535789682632775,300.68914070949035
2026,6,5,6,850.0,19.25,73.0,1488.1877826525879,293.0489501953125,0.013984352350234985,18.9494072614888,307.38645299902305
2026,6,5,6,850.0,19.0,72.5,1486.377786374552,293.1446533203125,0.01362338662147522,18.46429924701075,305.15360293719175
2026,6,5,6,850.0,19.0,72.75,1486.9641231970143,293.5606689453125,0.012741714715957642,17.278517375528963,299.4753734027688
2026,6,5,6,850.0,19.0,73.0,1487.9838394099922,292.8946533203125,0.013662010431289673,18.51621652990154,305.70826732484824
2026,6,5,6,850.0,18.75,72.5,1486.7601799544188,293.1212158203125,0.013873249292373657,18.800116445491724,306.64227615463915
2026,6,5,6,850.0,18.75,72.75,1487.0151090076633,293.6134033203125,0.012931495904922485,17.53386517241022,300.51297076185006
2026,6,5,6,850.0,18.75,73.0,1488.1877826525879,292.6778564453125,0.01432386040687561,19.405485389884365,309.8666347501301
2026,6,5,12,1000.0,19.25,72.5,31.494492895127287,303.34515380859375,0.020385295152664185,32.372737048874484,387.0384661551204
2026,6,5,12,1000.0,19.25,72.75,31.3415354631806,303.22406005859375,0.02046826481819153,32.502877685269,387.77340939236876
2026,6,5,12,1000.0,19.25,73.0,28.193161655611245,304.66156005859375,0.01954510807991028,31.054145456660063,379.5026880539475
2026,6,5,12,1000.0,19.0,72.5,31.609210969087304,303.54046630859375,0.02032521367073059,32.27848918495486,386.323499162812
2026,6,5,12,1000.0,19.0,72.75,31.303296105193926,303.26898193359375,0.02071431279182434,32.88873577822261,389.261319660741
2026,6,5,12,1000.0,19.0,73.0,29.149145605278054,304.25140380859375,0.019648104906082153,31.215860483139476,380.8343680047801
2026,6,5,12,1000.0,18.75,72.5,31.78766130635844,303.77874755859375,0.02013590931892395,31.981489152381656,384.717583663677
2026,6,5,12,1000.0,18.75,72.75,31.150338673247237,303.50531005859375,0.020535022020339966,32.60757913176952,387.71595935965297
2026,6,5,12,1000.0,18.75,73.0,30.449283776824913,304.17523193359375,0.019477397203445435,30.94782190029924,379.88065952727936
2026,6,5,12,925.0,19.25,72.5,725.0367994071626,297.666015625,0.018351595848798752,26.99034843231044,354.7637988333837
2026,6,5,12,925.0,19.25,72.75,724.6926451852825,298.212890625,0.017566245049238205,25.847505122800143,349.11184838603515
2026,6,5,12,925.0,19.25,73.0,723.7239147829534,298.759765625,0.01768163964152336,26.01549509655708,348.976740308042
2026,6,5,12,925.0,19.0,72.5,725.4701787976782,297.767578125,0.018617194145917892,27.37660326621587,356.22896032576926
2026,6,5,12,925.0,19.0,72.75,724.8328561645669,298.48828125,0.017032187432050705,25.069727151731904,345.4336304004174
2026,6,5,12,925.0,19.0,73.0,724.4887019426869,298.74609375,0.017034094780683517,25.072505819320543,345.0566440395046
2026,6,5,12,925.0,18.75,72.5,725.7888401142337,297.79296875,0.01883510872721672,27.693420462029906,357.5213344676536
2026,6,5,12,925.0,18.75,72.75,725.2279961970959,298.50390625,0.017157118767499924,25.251716411990888,346.17187919918155
2026,6,5,12,925.0,18.75,73.0,725.3299678183937,298.794921875,0.017196696251630783,25.309363794013084,345.97271389779183
2026,6,5,12,850.0,19.25,72.5,1464.2168834413383,293.7019348144531,0.015686769038438797,21.234472320386676,316.40130171386664
2026,6,5,12,850.0,19.25,72.75,1464.535544757894,293.9109191894531,0.014282960444688797,19.350552312686993,307.9764155470683
2026,6,5,12,850.0,19.25,73.0,1464.3953337786095,293.9929504394531,0.014194745570421219,19.232060968855937,307.3558213070541
2026,6,5,12,850.0,19.0,72.5,1464.879698979774,293.5925598144531,0.015821237117052078,21.414762240667265,317.333564903012
2026,6,5,12,850.0,19.0,72.75,1465.0708957697075,293.7663879394531,0.015506047755479813,20.99212180296023,315.2642544825087
2026,6,5,12,850.0,19.0,73.0,1465.096388675032,293.8523254394531,0.014701146632432938,19.91209399618719,310.48016438197624
2026,6,5,12,850.0,18.75,72.5,1465.618993234183,293.6159973144531,0.015914220362901688,21.539413735185498,317.84015809233995
2026,6,5,12,850.0,18.75,72.75,1465.618993234183,293.8523254394531,0.01530434563755989,20.72157332228411,313.9768479241123
2026,6,5,12,850.0,18.75,73.0,1465.669979044832,293.6882629394531,0.015523690730333328,21.015783675031525,315.47458706184557
2026,6,5,18,1000.0,19.25,72.5,49.13040513325142,303.19781494140625,0.0204831063747406,32.52615578580082,387.91284062562005
2026,6,5,18,1000.0,19.25,72.75,50.15012134622935,302.73297119140625,0.021317094564437866,33.83355062880451,394.0324692935663
2026,6,5,18,1000.0,19.25,73.0,50.78744397934055,302.49468994140625,0.02114352583885193,33.561564838272524,393.3426980131521
2026,6,5,18,1000.0,19.0,72.5,49.767727766362626,303.30914306640625,0.020422548055648804,32.431171050198344,387.33692031282226
2026,6,5,18,1000.0,19.0,72.75,50.96589431661169,302.81695556640625,0.020835012197494507,33.07797770328634,390.81156624509373
2026,6,5,18,1000.0,19.0,73.0,52.087582150887414,302.21343994140625,0.02093467116355896,33.23421012721873,392.49929082589665
2026,6,5,18,1000.0,18.75,72.5,50.71096526336721,303.25640869140625,0.020253747701644897,32.166373993603166,386.35315103917503
2026,6,5,18,1000.0,18.75,72.75,51.84539955030515,302.66461181640625,0.020633310079574585,32.76171804474169,389.78829392841465
2026,6,5,18,1000.0,18.75,73.0,53.91032488158546,301.76617431640625,0.020745843648910522,32.938174956319536,392.0699230756516
2026,6,5,18,925.0,19.25,72.5,741.9160403909592,297.2181396484375,0.01767224445939064,26.001818582096305,351.2959055073864
2026,6,5,18,925.0,19.25,72.75,742.7190669086793,297.1712646484375,0.017967883497476578,26.432104633429947,353.1860468257068
2026,6,5,18,925.0,19.25,73.0,742.872024340626,297.2728271484375,0.018269721418619156,26.871255051775087,354.88083418625865
2026,6,5,18,925.0,19.0,72.5,742.7445598140038,297.3060302734375,0.017962638288736343,26.42447185876607,352.94315879936585
2026,6,5,18,925.0,19.0,72.75,743.3054037311417,297.2161865234375,0.018246833235025406,26.83796012939144,354.8294964953898
2026,6,5,18,925.0,19.0,73.0,743.6750508583461,297.1634521484375,0.01875418797135353,27.575782732245834,358.02909836381957
2026,6,5,18,925.0,18.75,72.5,743.496600521075,297.3489990234375,0.01805848255753517,26.563935872781972,353.46439811012647
2026,6,5,18,925.0,18.75,72.75,743.8280082902928,297.1439208984375,0.0185357965528965,27.258241311941724,356.71883505401564
2026,6,5,18,925.0,18.75,73.0,744.4398380180796,296.8997802734375,0.01924676075577736,28.291678364591572,361.47986839186433
2026,6,5,18,850.0,19.25,72.5,1479.8169481933178,294.25531005859375,0.01248214766383171,16.92917907448498,297.0873852938408
2026,6,5,18,850.0,19.25,72.75,1480.785678595647,293.87640380859375,0.013941746205091476,18.89215911957058,306.0426186371422
2026,6,5,18,850.0,19.25,73.0,1481.0278611962292,293.63421630859375,0.014759045094251633,19.989817932685863,311.11096498207587
2026,6,5,18,850.0,19.0,72.5,1480.951382480256,294.00921630859375,0.013542156666517258,18.355103824926896,303.55010196119537
2026,6,5,18,850.0,19.0,72.75,1481.6141980186915,293.75531005859375,0.01465652510523796,19.85218955646747,310.3521811257335
2026,6,5,18,850.0,19.0,73.0,1481.818141261287,293.63226318359375,0.015149574726819992,20.513930370459338,313.380997113497
2026,6,5,18,850.0,18.75,72.5,1482.1368025778427,293.79827880859375,0.01497839018702507,20.284221566784957,312.16116538696673
2026,6,5,18,850.0,18.75,72.75,1482.2897600097895,293.73187255859375,0.01546810194849968,20.941229088584254,315.0919428435208
2026,6,5,18,850.0,18.75,73.0,1482.2897600097895,293.52288818359375,0.01545284315943718,20.920763426354362,315.2921851036823
2026,6,15,0,1000.0,19.25,72.5,71.13795230787272,301.7966613769531,0.019048042595386505,30.273422995199482,381.1038748031436
2026,6,15,0,1000.0,19.25,72.75,71.97921818357952,301.6306457519531,0.019672222435474396,31.253724457423164,385.4009016003432
2026,6,15,0,1000.0,19.25,73.0,72.05569689955286,301.5408020019531,0.019646473228931427,31.213298747397864,385.3880854376047
2026,6,15,0,1000.0,19.0,72.5,71.92823237293062,302.0505676269531,0.019012756645679474,30.217982927358317,380.4527279238679
2026,6,15,0,1000.0,19.0,72.75,72.38710466877069,301.8923645019531,0.01941043883562088,30.842671472193974,383.27350577003904
2026,6,15,0,1000.0,19.0,73.0,72.94794858590855,301.4372863769531,0.01958734542131424,31.120464607265397,385.18333067096665
2026,6,15,0,1000.0,18.75,72.5,72.74400534331296,302.1697082519531,0.019191093742847443,30.498155948975484,381.3985762395879
2026,6,15,0,1000.0,18.75,72.75,72.64203372201517,302.0212707519531,0.019032783806324005,30.24944920025725,380.63028846533496
2026,6,15,0,1000.0,18.75,73.0,74.17160804148206,301.2947082519531,0.019101448357105255,30.357327816299186,382.29043406969885
2026,6,15,0,925.0,19.25,72.5,760.4424118455335,296.5418701171875,0.014561481773853302,21.46498745321955,333.1042549176161
2026,6,15,0,925.0,19.25,72.75,761.3091706265647,296.3797607421875,0.015232391655445099,22.44490039420308,337.49729287089065
2026,6,15,0,925.0,19.25,73.0,761.385649342538,296.2059326171875,0.016246624290943146,23.924759107282565,344.04263418537795
2026,6,15,0,925.0,19.0,72.5,761.5386067744847,296.5164794921875,0.014799423515796661,21.81260939441153,334.6153253595767
2026,6,15,0,925.0,19.0,72.75,761.8190287330536,296.5203857421875,0.015525169670581818,22.872275997247165,339.1051046861403
2026,6,15,0,925.0,19.0,73.0,762.1504365022714,296.1981201171875,0.016594238579273224,24.43154475280893,346.20900078316066
2026,6,15,0,925.0,18.75,72.5,762.4818442714893,296.4930419921875,0.015127010643482208,22.291036136916134,336.67908838751475
2026,6,15,0,925.0,18.75,72.75,762.2524081235692,296.7469482421875,0.014863796532154083,21.90663828693686,334.68192080582645
2026,6,15,0,925.0,18.75,73.0,762.7877591353827,296.2254638671875,0.016142673790454865,23.77316885445789,343.3688743827804
2026,6,15,0,850.0,19.25,72.5,1494.582916949213,292.3427429199219,0.011237449944019318,15.25248172101063,292.19345436928245
2026,6,15,0,850.0,19.25,72.75,1495.0672821503777,292.2841491699219,0.01034671813249588,14.05105450651759,287.01977013976045
2026,6,15,0,850.0,19.25,73.0,1494.96531052908,292.1943054199219,0.009616680443286896,13.06540874825426,282.82077152478166
2026,6,15,0,850.0,19.0,72.5,1495.4241828249199,292.4325866699219,0.01013452559709549,13.76465661325318,285.5937694723456
2026,6,15,0,850.0,19.0,72.75,1495.9085480260844,292.4482116699219,0.009758777916431427,13.257326948540548,283.3627121261334
2026,6,15,0,850.0,19.0,73.0,1495.9340409314088,292.2548522949219,0.009403534233570099,12.777469651818707,281.49291976127506
2026,6,15,0,850.0,18.75,72.5,1496.4184061325734,292.4677429199219,0.009290523827075958,12.624773866272184,280.58157489873713
2026,6,15,0,850.0,18.75,72.75,1496.7498139017912,292.4169616699219,0.010616131126880646,14.414577547737744,288.44731104009537
2026,6,15,0,850.0,18.75,73.0,1496.8772784284135,292.0966491699219,0.011345215141773224,15.397748807625266,293.1308328129546
2026,6,15,6,1000.0,19.25,72.5,85.98358639290686,302.5986022949219,0.01757599040865898,27.95858723659069,370.33654833922213
2026,6,15,6,1000.0,19.25,72.75,85.57569990771569,303.1552429199219,0.017312299460172653,27.54349433793722,367.76310871914933
2026,6,15,6,1000.0,19.25,73.0,83.35781714448869,304.5282897949219,0.016960393637418747,26.989331600278238,363.3742930544344
2026,6,15,6,1000.0,19.0,72.5,86.41696578342248,302.6122741699219,0.017610322684049606,28.012622197038066,370.5347666075656
2026,6,15,6,1000.0,19.0,72.75,86.44245868874692,302.8505554199219,0.017317067831754684,27.55100170744892,368.27621327137524
2026,6,15,6,1000.0,19.0,73.0,84.78541984265779,303.9677429199219,0.017133008688688278,27.26118599531047,365.34240881803964
2026,6,15,6,1000.0,18.75,72.5,87.00330260588478,302.6962585449219,0.017578374594449997,27.962339736484363,370.1956142231018
2026,6,15,6,1000.0,18.75,72.75,87.13076713250703,302.6825866699219,0.017335187643766403,27.579529318918752,368.6589384380565
2026,6,15,6,1000.0,18.75,73.0,86.162036730178,303.3056335449219,0.017059575766324997,27.145542129857077,365.9118194464031
2026,6,15,6,925.0,19.25,72.5,776.2133089376852,296.20306396484375,0.016439687460660934,24.206251396553267,345.24368138394215
2026,6,15,6,925.0,19.25,72.75,776.6466883282008,296.35736083984375,0.0165412537753582,24.354312087380126,345.6391872073642
2026,6,15,6,925.0,19.25,73.0,775.9073940737918,297.08978271484375,0.016515981405973434,24.317472386008486,344.3770259189803
2026,6,15,6,925.0,19.0,72.5,776.6976741388497,296.30462646484375,0.01575065776705742,23.20132408824047,340.8206849102426
2026,6,15,6,925.0,19.0,72.75,776.9016173814452,296.40423583984375,0.01642395183444023,24.18331079720745,344.8421666049065
2026,6,15,6,925.0,19.0,73.0,776.8761244761208,296.75775146484375,0.01676870509982109,24.685818991355255,346.43757901239053
2026,6,15,6,925.0,18.75,72.5,777.2330251506631,296.38079833984375,0.01595522090792656,23.499759745179166,341.97500662130454
2026,6,15,6,925.0,18.75,72.75,777.3604896772854,296.28118896484375,0.016257058829069138,23.939974670323164,343.9940708767762
2026,6,15,6,925.0,18.75,73.0,777.7428832571521,296.47845458984375,0.016441594809293747,24.209032045742543,344.83929233880207
2026,6,15,6,850.0,19.25,72.5,1510.7083745468638,292.3169250488281,0.012071177363395691,16.375850974095286,297.1288361335466
2026,6,15,6,850.0,19.25,72.75,1511.065275221406,292.2641906738281,0.0135374516248703,18.3487786260388,305.81061631069457
2026,6,15,6,850.0,19.25,73.0,1511.014289410757,292.5180969238281,0.014052435755729675,19.040882058851235,308.4926777465026
2026,6,15,6,850.0,19.0,72.5,1511.4221758959482,292.6079406738281,0.01091437041759491,14.81685843950752,289.97056684380715
2026,6,15,6,850.0,19.0,72.75,1511.4221758959482,292.5356750488281,0.011587664484977722,15.724500551131332,294.01423518285634
2026,6,15,6,850.0,19.0,73.0,1511.4476688012726,292.4809875488281,0.012456938624382019,16.895245662798104,299.1867935219657
2026,6,15,6,850.0,18.75,72.5,1512.1869630556816,292.9399719238281,0.009303614497184753,12.642462598785022,280.11755093056854
2026,6,15,6,850.0,18.75,72.75,1511.8300623811394,292.8247375488281,0.0102110356092453,13.867931226203018,285.58025650225943
2026,6,15,6,850.0,18.75,73.0,1511.983019813086,292.4165344238281,0.011756464838981628,15.951938259577531,295.154090096834
2026,6,15,12,1000.0,19.25,72.5,60.53648863271352,302.6325378417969,0.01875125616788864,29.80704912204412,377.81039815947713
2026,6,15,12,1000.0,19.25,72.75,60.29430603213126,302.7067565917969,0.018861405551433563,29.980158639339944,378.39267835947993
2026,6,15,12,1000.0,19.25,73.0,57.84698712098423,304.0876159667969,0.017659299075603485,28.089701411535305,368.4970651288772
2026,6,15,12,1000.0,19.0,72.5,61.709162277638136,302.6423034667969,0.018627755343914032,29.612929381634697,377.00375836783826
2026,6,15,12,1000.0,19.0,72.75,61.976837783544845,302.3024597167969,0.019247643649578094,30.58698504301325,381.5389641930532
2026,6,15,12,1000.0,19.0,73.0,60.51099572738907,303.3512878417969,0.018317334353923798,29.124879541378807,373.86319110200765
2026,6,15,12,1000.0,18.75,72.5,62.9583146385361,302.7262878417969,0.01849328726530075,29.401538441870855,376.0053311487851
2026,6,15,12,1000.0,18.75,72.75,63.225990144442804,302.2887878417969,0.018820874392986298,29.9164629965937,378.82484797442686
2026,6,15,12,1000.0,18.75,73.0,62.932821733211654,302.7809753417969,0.017947308719158173,28.542880160405915,372.42221707855373
2026,6,15,12,925.0,19.25,72.5,751.3701739540261,296.3002014160156,0.017486684024333954,25.73166762053585,351.5776420388006
2026,6,15,12,925.0,19.25,72.75,751.5486242912973,296.6654357910156,0.01755153387784958,25.82608711190259,351.4105403831285
2026,6,15,12,925.0,19.25,73.0,751.0897519954572,297.6205139160156,0.016852967441082,24.808607064932502,345.6481427510831
2026,6,15,12,925.0,19.0,72.5,752.3643972616796,296.3705139160156,0.017280690371990204,25.43169803047599,350.1944581206668
2026,6,15,12,925.0,19.0,72.75,752.2369327350574,296.6244201660156,0.016669385135173798,24.541072787033738,346.02669618804885
2026,6,15,12,925.0,19.0,73.0,752.4153830723285,297.0814514160156,0.01652490347623825,24.330478275272025,344.44453207951017
2026,6,15,12,925.0,18.75,72.5,753.5625638119287,296.4427795410156,0.017328374087810516,25.501142046375154,350.37752381325424
2026,6,15,12,925.0,18.75,72.75,753.3586205693331,296.6537170410156,0.016625039279460907,24.476438761729394,345.7083004156382
2026,6,15,12,925.0,18.75,73.0,753.9449573917954,296.8763732910156,0.01640283316373825,24.15252170116658,344.0004175274629
2026,6,15,12,850.0,19.25,72.5,1486.8792796214814,292.8861083984375,0.011886708438396454,16.127393821809726,295.332413904375
2026,6,15,12,850.0,19.25,72.75,1487.6950525918637,293.0579833984375,0.011956803500652313,16.221809839745795,295.5281613705471
2026,6,15,12,850.0,19.25,73.0,1488.0774461717306,292.9036865234375,0.013033024966716766,17.670447037056917,302.01920789938066
2026,6,15,12,850.0,19.0,72.5,1487.8480100238105,292.8294677734375,0.013136498630046844,17.809627670467535,302.7206543754436
2026,6,15,12,850.0,19.0,72.75,1488.4853326569216,293.0931396484375,0.013023965060710907,17.65825988745524,301.7214400364979
2026,6,15,12,850.0,19.0,73.0,1488.7147688048417,292.9564208984375,0.01314031332731247,17.814758421825754,302.5782115798597
2026,6,15,12,850.0,18.75,72.5,1489.1736411006818,292.7396240234375,0.013278596103191376,18.000732225977295,303.66914080297704
2026,6,15,12,850.0,18.75,72.75,1489.403077248602,292.9036865234375,0.013255707919597626,17.9699524963431,303.3213665462417
2026,6,15,12,850.0,18.75,73.0,1489.4285701539263,292.5325927734375,0.013600461184978485,18.43348223199808,305.82578428056775
2026,6,15,18,1000.0,19.25,72.5,79.04433789826292,302.51458740234375,0.01848980039358139,29.396056440442486,376.3299195484111
2026,6,15,18,1000.0,19.25,72.75,79.5159566467652,302.22747802734375,0.019343338906764984,30.737290253821367,382.2783866761505
2026,6,15,18,1000.0,19.25,73.0,79.43947793079187,302.16302490234375,0.01946302503347397,30.92525277050305,383.15459555938384
2026,6,15,18,1000.0,19.0,72.5,80.02581475325417,302.57318115234375,0.018519841134548187,29.44328523753787,376.42626720836734
2026,6,15,18,1000.0,19.0,72.75,80.3062367118231,302.51654052734375,0.01875825971364975,29.818056496998953,378.0466951098527
2026,6,15,18,1000.0,19.0,73.0,80.48468704909425,302.14739990234375,0.01910015195608139,30.35529112798376,380.8522263232044
2026,6,15,18,1000.0,18.75,72.5,81.02003806090765,302.70794677734375,0.01856132596731186,29.508503153988865,376.47077775166946
2026,6,15,18,1000.0,18.75,72.75,80.96905225025876,302.77239990234375,0.018516026437282562,29.43728802449177,376.07530436486246
2026,6,15,18,1000.0,18.75,73.0,81.83581103128999,302.06732177734375,0.018757782876491547,29.81730706164322,378.7868473145504
2026,6,15,18,925.0,19.25,72.5,769.4243291701295,296.0908203125,0.017311058938503265,25.47592564864635,350.81554326140315
2026,6,15,18,925.0,19.25,72.75,769.8704550133074,296.0478515625,0.01749511808156967,25.743947777950616,352.02285373534824
2026,6,15,18,925.0,19.25,73.0,769.5900330547385,296.0185546875,0.017580948770046234,25.868911907761426,352.60047000415483
2026,6,15,18,925.0,19.0,72.5,770.533270551743,296.1669921875,0.017625294625759125,25.93347165454009,352.64312127751555
2026,6,15,18,925.0,19.0,72.75,770.7244673416764,296.0927734375,0.017864666879177094,26.281896008612907,354.24155210676525
2026,6,15,18,925.0,19.0,73.0,770.6734815310275,295.9423828125,0.01805921643972397,26.565003690557667,355.68413985788277
2026,6,15,18,925.0,18.75,72.5,771.731437101992,296.2470703125,0.017783604562282562,26.163914927863924,353.4974077456297
2026,6,15,18,925.0,18.75,72.75,771.6804512913432,296.2041015625,0.017656289041042328,25.97859201418019,352.7769489405407
2026,6,15,18,925.0,18.75,73.0,771.846155175952,295.9873046875,0.017912350594997406,26.35129127283386,354.70309228332593
2026,6,15,18,850.0,19.25,72.5,1503.2353683469892,291.556640625,0.01172252744436264,15.906215517024263,296.02979926238385
2026,6,15,18,850.0,19.25,72.75,1503.7452264534782,291.7734375,0.011184655129909515,15.181307610268874,292.58187390843136
2026,6,15,18,850.0,19.25,73.0,1503.4775509475714,291.654296875,0.010892353951931,14.787166421241444,291.0002573559853
2026,6,15,18,850.0,19.0,72.5,1504.6884639504826,291.607421875,0.012095414102077484,16.408490796108612,298.16929337226884
2026,6,15,18,850.0,19.0,72.75,1505.0071252670382,291.9453125,0.011302433907985687,15.340082125174716,293.06533053465705
2026,6,15,18,850.0,19.0,73.0,1504.650224592496,291.662109375,0.011602364480495453,15.74430882833224,295.18759429840816
2026,6,15,18,850.0,18.75,72.5,1506.307263438585,291.673828125,0.010969124734401703,14.890698212515977,291.4303581970219
2026,6,15,18,850.0,18.75,72.75,1506.3200098912473,292.09375,0.010770283639431,14.622524679150732,289.74525422294715
2026,6,15,18,850.0,18.75,73.0,1505.8866305007318,291.6796875,0.011528931558132172,15.645354292109587,294.73180201091753
2026,6,25,0,1000.0,19.25,72.5,48.314632162869074,300.2057189941406,0.018987447023391724,30.17821587360297,383.38999696549104
2026,6,25,0,1000.0,19.25,72.75,48.849983174682485,299.8326721191406,0.019393235445022583,30.81565415697942,386.6673741136734
2026,6,25,0,1000.0,19.25,73.0,49.28336256519811,299.2525939941406,0.01921871304512024,30.541541347421212,386.5234920672655
2026,6,25,0,1000.0,19.0,72.5,49.25786965987366,300.3443908691406,0.018697530031204224,29.722605422781264,381.2714166298711
2026,6,25,0,1000.0,19.0,72.75,49.53829161844259,300.1803283691406,0.019076138734817505,30.31756500011711,384.00982244583383
2026,6,25,0,1000.0,19.0,73.0,49.512798713118144,299.5494689941406,0.01917913556098938,30.479371158031384,385.75603297736546
2026,6,25,0,1000.0,18.75,72.5,50.456036210122726,300.1549377441406,0.018617898225784302,29.597434630341997,381.07146362683864
2026,6,25,0,1000.0,18.75,72.75,50.27758587285159,300.1607971191406,0.018938809633255005,30.101792305669445,383.1496762374285
2026,6,25,0,1000.0,18.75,73.0,50.71096526336721,299.5318908691406,0.018955498933792114,30.128016582326637,384.3253825932917
2026,6,25,0,925.0,19.25,72.5,734.898570501267,295.395751953125,0.018076688051223755,26.590425063968375,356.66074970287593
2026,6,25,0,925.0,19.25,72.75,734.8475846906182,295.319580078125,0.018139153718948364,26.681308882192468,357.1707652132826
2026,6,25,0,925.0,19.25,73.0,734.2867407734802,295.319580078125,0.017926007509231567,26.371165777307468,355.8443286713468
2026,6,25,0,925.0,19.0,72.5,735.8927938089205,295.387939453125,0.018130570650100708,26.668821433769647,357.0083236757551
2026,6,25,0,925.0,19.0,72.75,735.7398363769738,295.335205078125,0.018112927675247192,26.643152385136435,356.98265938047246
2026,6,25,0,925.0,19.0,73.0,735.0770208385381,295.370361328125,0.017890244722366333,26.319120556755248,355.541250039051
2026,6,25,0,925.0,18.75,72.5,736.7085667793028,295.346923828125,0.01810339093208313,26.629276997023005,356.90464244705225
2026,6,25,0,925.0,18.75,72.75,736.4281448207339,295.296142578125,0.01807287335395813,26.58487468600029,356.79567102526204
2026,6,25,0,925.0,18.75,73.0,735.9437796195695,295.182861328125,0.017872124910354614,26.292750124138102,355.72572347511516
2026,6,25,0,850.0,19.25,72.5,1469.1609137676985,291.9587097167969,0.014546416699886322,19.70435514683746,312.14636165008807
2026,6,25,0,850.0,19.25,72.75,1469.0844350517252,291.9645690917969,0.014576934278011322,19.74533080562233,312.31766447326424
2026,6,25,0,850.0,19.25,73.0,1468.5235911345874,291.9782409667969,0.014525435864925385,19.676183507492038,311.99645453669433
2026,6,25,0,850.0,19.0,72.5,1470.1296441700276,291.8903503417969,0.014646075665950775,19.83816070962979,312.8254550031082
2026,6,25,0,850.0,19.0,72.75,1469.9511938327564,291.8708190917969,0.014671824872493744,19.87272987031213,313.00356247585046
2026,6,25,0,850.0,19.0,73.0,1469.4413357262674,291.9801940917969,0.01454164832830429,19.697952564061733,312.0890365340809
2026,6,25,0,850.0,18.75,72.5,1471.0218958563833,291.7848815917969,0.014694713056087494,19.903457112924617,313.25600349827954
2026,6,25,0,850.0,18.75,72.75,1470.664995181841,291.8805847167969,0.014625094830989838,19.809992452499326,312.7155002255181
2026,6,25,0,850.0,18.75,73.0,1470.155137075352,292.0426940917969,0.014386676251888275,19.48984859876732,311.0936908287597
2026,6,25,6,1000.0,19.25,72.5,68.98420013460255,299.569091796875,0.0196518637239933,31.221761814179903,388.80812056288113
2026,6,25,6,1000.0,19.25,72.75,69.00969303992699,300.420654296875,0.01964423432946205,31.209783663472155,387.28971665461086
2026,6,25,6,1000.0,19.25,73.0,68.23215942753133,301.336669921875,0.019618485122919083,31.169356594458854,385.5554500553153
2026,6,25,6,1000.0,19.0,72.5,70.27159185348718,299.451904296875,0.019522640854120255,31.01886707065102,388.1671135349844
2026,6,25,6,1000.0,19.0,72.75,70.5010280014072,299.795654296875,0.019339535385370255,30.731316524848705,386.38089854296334
2026,6,25,6,1000.0,19.0,73.0,69.95293053693158,300.510498046875,0.01942870393395424,30.87135555069975,385.73754205959756
2026,6,25,6,1000.0,18.75,72.5,71.77567326762963,299.395263671875,0.0194687582552433,30.934255899320632,387.91287839036454
2026,6,25,6,1000.0,18.75,72.75,71.72468745698073,299.481201171875,0.01931283250451088,30.68937678546342,386.74623058926807
2026,6,25,6,1000.0,18.75,73.0,71.72468745698073,299.781982421875,0.019257519394159317,30.60249733103447,385.8696758077815
2026,6,25,6,925.0,19.25,72.5,754.9719928568879,295.4632873535156,0.017987702041864395,26.460943944081347,356.0000180017193
2026,6,25,6,925.0,19.25,72.75,755.4818509633769,295.3011779785156,0.01739165559411049,25.593295701073014,352.54628163024364
2026,6,25,6,925.0,19.25,73.0,755.2779077207814,295.3246154785156,0.01701638475060463,25.04670521135399,350.1720080849606
2026,6,25,6,925.0,19.0,72.5,756.0681877858392,295.5765686035156,0.0175614096224308,25.840465261301706,353.1711813490442
2026,6,25,6,925.0,19.0,72.75,756.1956523124614,295.4418029785156,0.017351601272821426,25.534967435042965,352.07713874546323
2026,6,25,6,925.0,19.0,73.0,756.1956523124614,295.3480529785156,0.017113659530878067,25.188411823669306,350.74166185139006
2026,6,25,6,925.0,18.75,72.5,757.1133969041416,295.5941467285156,0.01738545671105385,25.584268891305104,352.0499393589603
2026,6,25,6,925.0,18.75,72.75,757.0879039988172,295.4476623535156,0.017147038131952286,25.23703282061316,350.7948741990783
2026,6,25,6,925.0,18.75,73.0,757.2918472414127,295.3890686035156,0.017029259353876114,25.065461450409902,350.1524137659387
2026,6,25,6,850.0,19.25,72.5,1488.5916858713222,292.0926208496094,0.013401705771684647,18.166273925982534,305.2394474750614
2026,6,25,6,850.0,19.25,72.75,1488.8211220192422,292.0809020996094,0.013474661856889725,18.264364085506067,305.68375303170166
2026,6,25,6,850.0,19.25,73.0,1488.6171787766466,292.0008239746094,0.013757426291704178,18.644462087883976,307.452274835127
2026,6,25,6,850.0,19.0,72.5,1489.662387894949,291.9519958496094,0.013706404715776443,18.575887373246704,307.2172498017751
2026,6,25,6,850.0,19.0,72.75,1489.5859091789755,291.9187927246094,0.013731677085161209,18.609854815096895,307.41011830038036
2026,6,25,6,850.0,19.0,73.0,1489.432951747029,291.8309020996094,0.013721663504838943,18.596396141154333,307.46829542816073
2026,6,25,6,850.0,18.75,72.5,1490.6821041079268,291.8172302246094,0.013815600425004959,18.722644934911994,308.0395026951842
2026,6,25,6,850.0,18.75,72.75,1490.4271750546823,291.8230895996094,0.013845641165971756,18.763015898112993,308.2084941141019
2026,6,25,6,850.0,18.75,73.0,1490.4016821493578,291.7000427246094,0.013894755393266678,18.829016070475422,308.6625071595508
2026,6,25,12,1000.0,19.25,72.5,47.77529788459872,301.66387939453125,0.019135545939207077,30.410895091540404,381.88969570208053
2026,6,25,12,1000.0,19.25,72.75,49.368604467376734,300.99395751953125,0.019060682505369186,30.293281814266535,382.5334896949978
2026,6,25,12,1000.0,19.25,73.0,49.67451933127011,301.07208251953125,0.01870734617114067,29.738034282747766,380.1170377817765
2026,6,25,12,1000.0,19.0,72.5,48.99895734017223,301.59747314453125,0.01877744123339653,29.84820334907946,379.69382668904575
2026,6,25,12,1000.0,19.0,72.75,50.22261679574574,301.13067626953125,0.019179414957761765,30.479810058095197,383.070474277269
2026,6,25,12,1000.0,19.0,73.0,50.464799396328004,301.26739501953125,0.01869971677660942,29.72604253182119,379.7420426428498
2026,6,25,12,1000.0,18.75,72.5,50.65599618626137,301.56231689453125,0.018607687205076218,29.581383373551144,378.65797001984635
2026,6,25,12,1000.0,18.75,72.75,51.114868482101436,301.22637939453125,0.018879484385252,30.008568939798753,380.9717855878205
2026,6,25,12,1000.0,18.75,73.0,51.803176925861536,301.12091064453125,0.018625807017087936,29.609866752604884,379.5083242537374
2026,6,25,12,925.0,19.25,72.5,736.7467065556281,296.4366455078125,0.016446184366941452,24.21572295669796,344.9308199103226
2026,6,25,12,925.0,19.25,72.75,737.5624795260104,296.3214111328125,0.016670774668455124,24.543097974204727,346.4956292175077
2026,6,25,12,925.0,19.25,73.0,737.587972431335,296.4425048828125,0.016786646097898483,24.711963867595802,347.02827157308616
2026,6,25,12,925.0,19.0,72.5,737.7154369579572,296.4327392578125,0.0161176435649395,23.736664626714955,342.9032163983971
2026,6,25,12,925.0,19.0,72.75,738.1743092537972,296.2237548828125,0.016715597361326218,24.608423375276406,346.9219251547685
2026,6,25,12,925.0,19.0,73.0,738.3782524963927,296.0694580078125,0.01701505109667778,25.0447622741527,349.0139835783492
2026,6,25,12,925.0,18.75,72.5,738.9900822241796,296.3038330078125,0.01630694791674614,24.01271991256227,344.2690661362225
2026,6,25,12,925.0,18.75,72.75,739.0920538454774,296.2159423828125,0.01656205579638481,24.38463449154517,345.9825055051417
2026,6,25,12,925.0,18.75,73.0,739.3724758040463,295.9346923828125,0.016944479197263718,24.941944971503155,348.78356595133835
2026,6,25,12,850.0,19.25,72.5,1472.4729998266482,292.86737060546875,0.012742836028337479,17.280026256481527,300.36833451734395
2026,6,25,12,850.0,19.25,72.75,1472.7789146905418,292.70721435546875,0.013092834502458572,17.750897926168527,302.623778117196
2026,6,25,12,850.0,19.25,73.0,1472.7279288798927,292.41033935546875,0.013149101287126541,17.826578100039118,303.33970682814214
2026,6,25,12,850.0,19.0,72.5,1473.3142657023552,292.81658935546875,0.012645561248064041,17.149121990125817,299.8639893535069
2026,6,25,12,850.0,19.0,72.75,1473.416237323653,292.64862060546875,0.012876350432634354,17.459673774709525,301.4314828117396
2026,6,25,12,850.0,19.0,73.0,1473.4672231343018,292.52557373046875,0.013050395995378494,17.69381372001859,302.6108777890158
2026,6,25,12,850.0,18.75,72.5,1474.435953536631,292.59002685546875,0.012838680297136307,17.408990440063885,301.28624979777766
2026,6,25,12,850.0,18.75,72.75,1474.1810244833864,292.46893310546875,0.01290639117360115,17.50009047995285,301.8396664144451
2026,6,25,12,850.0,18.75,73.0,1474.1810244833864,292.39666748046875,0.013154346495866776,17.833632769866526,303.3883047620434
2026,6,25,18,1000.0,19.25,72.5,63.79241063462039,301.2449035644531,0.019449759274721146,30.904420731801498,384.62295857175656
2026,6,25,18,1000.0,19.25,72.75,64.48071907838049,300.7937316894531,0.019915152341127396,31.63505774482121,388.40280943771006
2026,6,25,18,1000.0,19.25,73.0,65.15628106947837,300.1355285644531,0.019472170621156693,30.939614457278694,386.6615988013403
2026,6,25,18,1000.0,19.0,72.5,64.42973326773159,301.5632629394531,0.01920037344098091,30.51273299485369,382.47641330530587
2026,6,25,18,1000.0,19.0,72.75,65.04156299551835,301.2800598144531,0.01936822012066841,30.7763674804427,384.0370468019853
2026,6,25,18,1000.0,19.0,73.0,65.79360370258958,300.3972473144531,0.019179869443178177,30.480524001884252,384.3155578141826
2026,6,25,18,1000.0,18.75,72.5,65.20726688012726,301.6257629394531,0.019245196133852005,30.5831405885912,382.65989629579445
2026,6,25,18,1000.0,18.75,72.75,65.81909660791402,301.3327941894531,0.019383002072572708,30.79958274338939,384.04307526276193
2026,6,25,18,1000.0,18.75,73.0,67.20845994809645,300.2234191894531,0.019070196896791458,30.308229868748462,383.898064342407
2026,6,25,18,925.0,19.25,72.5,751.7614800925903,295.9934387207031,0.016811419278383255,24.748064149878267,347.8678341792337
2026,6,25,18,925.0,19.25,72.75,751.9909162405103,295.5500793457031,0.017438936978578568,25.662144610360404,352.4512617494901
2026,6,25,18,925.0,19.25,73.0,751.6850013766169,295.3547668457031,0.017652560025453568,25.97316355990533,354.0867090396293
2026,6,25,18,925.0,19.0,72.5,752.7047175895949,295.8840637207031,0.017111826688051224,25.185741953455565,349.90013561879874
2026,6,25,18,925.0,19.0,72.75,752.6282388736215,295.4973449707031,0.016978789120912552,24.991932725524407,349.67076940755175
2026,6,25,18,925.0,19.0,73.0,752.2713381990792,295.2785949707031,0.01695256307721138,24.953722945167375,349.8454994105388
2026,6,25,18,925.0,18.75,72.5,753.393026033355,295.8274230957031,0.017051268368959427,25.097524394649984,349.6116791244386
2026,6,25,18,925.0,18.75,72.75,753.2655615067328,295.4953918457031,0.016776133328676224,24.696643994039697,348.4123820308563
2026,6,25,18,925.0,18.75,73.0,753.1635898854349,295.2004699707031,0.016872454434633255,24.8370019686183,349.4667445837461
2026,6,25,18,850.0,19.25,72.5,1486.2738231200258,292.22308349609375,0.013193521648645401,17.886320924098225,303.8449055302795
2026,6,25,18,850.0,19.25,72.75,1485.9934011614569,292.18206787109375,0.013458643108606339,18.242827463276498,305.4561747269838
2026,6,25,18,850.0,19.25,73.0,1485.4580501496434,292.19964599609375,0.01355496421456337,18.372321405474555,305.99872101381936
2026,6,25,18,850.0,19.0,72.5,1486.8346670371636,292.13714599609375,0.013266477733850479,17.984435707355296,304.3860910663958
2026,6,25,18,850.0,19.0,72.75,1486.222837309377,292.07073974609375,0.013153944164514542,17.833091646204036,303.81141626701867
2026,6,25,18,850.0,19.0,73.0,1485.8149508241856,292.09613037109375,0.013371381908655167,18.12550066160775,305.05657451227296
2026,6,25,18,850.0,18.75,72.5,1487.650440007546,292.10394287109375,0.013173971325159073,17.86002726092996,303.88576995435614
2026,6,25,18,850.0,18.75,72.75,1486.8346670371636,291.99652099609375,0.01309720054268837,17.75677053867378,303.5745767996136
2026,6,25,18,850.0,18.75,73.0,1486.5032592679459,291.98089599609375,0.013266954571008682,17.985076952059632,304.59387040191933
