Year,Month,Day,Hour,Pressure_hPa,Latitude,Longitude,Height_m,Temperature_K,Specific_Humidity,Vapour_Pressure_hPa,Radio_Refractivity,Day_of_Year,Month_Sin,Month_Cos,Hour_Sin,Hour_Cos,Season,Predicted_Refractivity
2026,1,1,0,1000.0,19.25,72.5,98.7471919963112,294.9778747558594,0.0134213976562023,21.40323612298528,354.82127872002764,1,0.4999999999999999,0.8660254037844387,0.0,1.0,1,354.4278702576685
2026,1,1,0,1000.0,19.25,72.75,99.76690820928911,293.9270935058594,0.0137618593871593,21.941670727286084,358.7436104976732,1,0.4999999999999999,0.8660254037844387,0.0,1.0,1,352.6341334411761
2026,1,1,0,1000.0,19.25,73.0,100.04733016785804,293.2239685058594,0.012857299298048,20.510637279709048,353.62343676086493,1,0.4999999999999999,0.8660254037844387,0.0,1.0,1,343.5450284216155
2026,1,1,0,1000.0,19.0,72.5,99.00212104955568,295.1204528808594,0.0133942179381847,21.360242321761792,354.4214265901075,1,0.4999999999999999,0.8660254037844387,0.0,1.0,1,356.2915662082954
2026,1,1,0,1000.0,19.0,72.75,99.57571141935576,294.3860778808594,0.0142239145934581,22.672050078067333,361.1803826825894,1,0.4999999999999999,0.8660254037844387,0.0,1.0,1,354.83220102350595
2026,1,1,0,1000.0,19.0,73.0,99.41000753474684,293.9778747558594,0.013078074902296,20.86005301186601,353.9970389245873,1,0.4999999999999999,0.8660254037844387,0.0,1.0,1,347.0633062915569
2026,1,1,0,1000.0,18.75,72.5,99.04036040754234,295.1751403808594,0.0134790949523448,21.49449899649286,354.91357552757336,1,0.4999999999999999,0.8660254037844387,0.0,1.0,1,356.49809064546884
2026,1,1,0,1000.0,18.75,72.75,99.04036040754234,294.7415466308594,0.0139998011291027,22.3178405061856,359.1063920861941,1,0.4999999999999999,0.8660254037844387,0.0,1.0,1,354.28209768282005
2026,1,1,0,1000.0,18.75,73.0,98.72169909098672,294.6634216308594,0.0127566866576671,20.351369442764693,350.77921002473266,1,0.4999999999999999,0.8660254037844387,0.0,1.0,1,346.4963506446157
2026,1,1,0,925.0,19.25,72.5,771.1038236808697,290.23126220703125,0.0118712931871414,17.52780198787022,324.93541618512114,1,0.4999999999999999,0.8660254037844387,0.0,1.0,1,286.7034207971709
2026,1,1,0,925.0,19.25,72.75,771.6009353346964,290.34844970703125,0.0111960917711257,16.537613630890867,320.3918103732502,1,0.4999999999999999,0.8660254037844387,0.0,1.0,1,291.8872080364385
2026,1,1,0,925.0,19.25,73.0,771.6519211453453,290.56915283203125,0.0094127207994461,13.918400246991473,308.5216584493167,1,0.4999999999999999,0.8660254037844387,0.0,1.0,1,294.1646883692531
2026,1,1,0,925.0,19.0,72.5,771.2567811128164,290.16876220703125,0.012278988957405,18.125300590557703,327.6690678872529,1,0.4999999999999999,0.8660254037844387,0.0,1.0,1,287.3510962217852
2026,1,1,0,925.0,19.0,72.75,771.5244566187231,290.00469970703125,0.0115117579698562,17.000641118346998,322.9119651823379,1,0.4999999999999999,0.8660254037844387,0.0,1.0,1,292.19809408097615
2026,1,1,0,925.0,19.0,73.0,771.5881888820342,290.40899658203125,0.0098604708909988,14.576535475494037,311.63647550657333,1,0.4999999999999999,0.8660254037844387,0.0,1.0,1,293.9665521201595
2026,1,1,0,925.0,18.75,72.5,771.2567811128164,290.16290283203125,0.0123362094163894,18.20913652643116,328.0487175544167,1,0.4999999999999999,0.8660254037844387,0.0,1.0,1,286.90489360578374
2026,1,1,0,925.0,18.75,72.75,771.3842456394386,290.01446533203125,0.0116152316331863,17.152380621117157,323.57148032749853,1,0.4999999999999999,0.8660254037844387,0.0,1.0,1,290.93249416724575
2026,1,1,0,925.0,18.75,73.0,771.4097385447631,290.58282470703125,0.0096306353807449,14.238751221129045,309.91937526785125,1,0.4999999999999999,0.8660254037844387,0.0,1.0,1,292.2388436800286
2026,1,1,0,850.0,19.25,72.5,1489.0417949809569,286.14166259765625,0.0087697654962539,11.920873500969096,284.82205422473083,1,0.4999999999999999,0.8660254037844387,0.0,1.0,1,265.45728041155087
2026,1,1,0,850.0,19.25,72.75,1489.3732027501746,286.23345947265625,0.0083892494440078,11.406256004916964,282.37040535299843,1,0.4999999999999999,0.8660254037844387,0.0,1.0,1,265.75607746883287
2026,1,1,0,850.0,19.25,73.0,1489.4241885608235,286.33990478515625,0.0082357078790664,11.198536271798076,281.30115800371607,1,0.4999999999999999,0.8660254037844387,0.0,1.0,1,270.0155246655969
2026,1,1,0,850.0,19.0,72.5,1489.207498865566,286.31939697265625,0.0089533478021621,12.16906921894011,285.74083880891624,1,0.4999999999999999,0.8660254037844387,0.0,1.0,1,265.60174307974484
2026,1,1,0,850.0,19.0,72.75,1489.2967240342014,286.39752197265625,0.008443608880043,11.47978728750684,282.51330094124825,1,0.4999999999999999,0.8660254037844387,0.0,1.0,1,265.9119929836175
2026,1,1,0,850.0,19.0,73.0,1489.564399540108,286.46002197265625,0.0081536918878555,11.087564584233968,280.65742989988786,1,0.4999999999999999,0.8660254037844387,0.0,1.0,1,269.98591737380104
2026,1,1,0,850.0,18.75,72.5,1489.5134137294592,286.58209228515625,0.0088656097650527,12.050457877710656,284.8895198637714,1,0.4999999999999999,0.8660254037844387,0.0,1.0,1,266.3906752809721
2026,1,1,0,850.0,18.75,72.75,1489.4751743714726,286.60650634765625,0.008572831749916,11.65456593600822,283.06290629199475,1,0.4999999999999999,0.8660254037844387,0.0,1.0,1,266.6194220667361
2026,1,1,0,850.0,18.75,73.0,1489.9340466673125,286.76763916015625,0.0075671821832656,10.293667047281264,276.701446384996,1,0.4999999999999999,0.8660254037844387,0.0,1.0,1,269.95271102740986
2026,1,1,6,1000.0,19.25,72.5,121.81062842242255,295.28424072265625,0.0136710852384567,21.798134514264994,356.0473728460777,1,0.4999999999999999,0.8660254037844387,1.0,6.123233995736766e-17,1,351.06106888133576
2026,1,1,6,1000.0,19.25,72.75,120.7909122094446,296.34674072265625,0.0124861449003219,19.923011275548365,346.47356447588686,1,0.4999999999999999,0.8660254037844387,1.0,6.123233995736766e-17,1,334.8848358833564
2026,1,1,6,1000.0,19.25,73.0,119.84767471244004,297.75299072265625,0.0110627859830856,17.667053186443795,334.9481185159153,1,0.4999999999999999,0.8660254037844387,1.0,6.123233995736766e-17,1,326.98462015707673
2026,1,1,6,1000.0,19.0,72.5,121.35175612658249,295.37017822265625,0.013934776186943,22.215051188559325,357.6991390130667,1,0.4999999999999999,0.8660254037844387,1.0,6.123233995736766e-17,1,353.72002270439555
2026,1,1,6,1000.0,19.0,72.75,120.80365866210684,295.64166259765625,0.0131704062223434,21.00615577453236,352.1245218163698,1,0.4999999999999999,0.8660254037844387,1.0,6.123233995736766e-17,1,342.1110678000209
2026,1,1,6,1000.0,19.0,73.0,119.54175984854666,297.29010009765625,0.0114089697599411,18.216095176326327,337.9027040357644,1,0.4999999999999999,0.8660254037844387,1.0,6.123233995736766e-17,1,327.68010974446554
2026,1,1,6,1000.0,18.75,72.5,120.7909122094446,295.52838134765625,0.0140043944120407,22.32510111413616,357.92684031712014,1,0.4999999999999999,0.8660254037844387,1.0,6.123233995736766e-17,1,356.0362850881163
2026,1,1,6,1000.0,18.75,72.75,120.43401153490234,295.39166259765625,0.0131818503141403,21.02426348508537,352.57587647418507,1,0.4999999999999999,0.8660254037844387,1.0,6.123233995736766e-17,1,345.84131159881696
2026,1,1,6,1000.0,18.75,73.0,118.53479008823096,297.28814697265625,0.0108682364225387,17.358399934171974,334.2856118233348,1,0.4999999999999999,0.8660254037844387,1.0,6.123233995736766e-17,1,327.4668179092724
2026,1,1,6,925.0,19.25,72.5,795.097377720093,290.8597106933594,0.0110882222652435,16.37934734780766,319.00244857760896,1,0.4999999999999999,0.8660254037844387,1.0,6.123233995736766e-17,1,287.7915476513815
2026,1,1,6,925.0,19.25,72.75,795.5052642052842,291.3538513183594,0.0098441541194915,14.552558164193028,310.3120966917577,1,0.4999999999999999,0.8660254037844387,1.0,6.123233995736766e-17,1,290.82700091716197
2026,1,1,6,925.0,19.25,73.0,795.3395603206753,291.7542419433594,0.0088842809200286,13.141203051897657,303.61401520491086,1,0.4999999999999999,0.8660254037844387,1.0,6.123233995736766e-17,1,291.2233791542574
2026,1,1,6,925.0,19.0,72.5,795.1101241727553,291.0374450683594,0.0111359059810638,16.449311501047795,319.07165729485587,1,0.4999999999999999,0.8660254037844387,1.0,6.123233995736766e-17,1,288.0961422164104
2026,1,1,6,925.0,19.0,72.75,795.0718848147686,291.7718200683594,0.0094865262508392,14.026909310009325,307.47297052076146,1,0.4999999999999999,0.8660254037844387,1.0,6.123233995736766e-17,1,290.9581296105005
2026,1,1,6,925.0,19.0,73.0,795.1356170780797,291.9319763183594,0.0088952481746673,13.157338067395049,303.4647488285597,1,0.4999999999999999,0.8660254037844387,1.0,6.123233995736766e-17,1,290.61605529958734
2026,1,1,6,925.0,18.75,72.5,794.918927382822,291.3460388183594,0.0109218060970306,16.13514089235906,317.2764901013285,1,0.4999999999999999,0.8660254037844387,1.0,6.123233995736766e-17,1,287.2471167728409
2026,1,1,6,925.0,18.75,72.75,794.7404770455507,291.9632263183594,0.0095637738704681,14.140468697037887,307.72803889166266,1,0.4999999999999999,0.8660254037844387,1.0,6.123233995736766e-17,1,289.6829393377748
2026,1,1,6,925.0,18.75,73.0,795.0846312674308,291.9964294433594,0.0090297162532806,13.3551499984123,304.25043483210976,1,0.4999999999999999,0.8660254037844387,1.0,6.123233995736766e-17,1,289.2626588515868
2026,1,1,6,850.0,19.25,72.5,1513.997755987009,286.63970947265625,0.0080444365739822,10.93971964779091,279.77873328159745,1,0.4999999999999999,0.8660254037844387,1.0,6.123233995736766e-17,1,266.10140199517684
2026,1,1,6,850.0,19.25,72.75,1514.813528957391,286.69537353515625,0.0080873519182205,10.997795275076395,279.9783203556875,1,0.4999999999999999,0.8660254037844387,1.0,6.123233995736766e-17,1,266.38833304142224
2026,1,1,6,850.0,19.25,73.0,1515.3998657798536,286.79400634765625,0.0081460028886795,11.077160424164044,280.2247870524623,1,0.4999999999999999,0.8660254037844387,1.0,6.123233995736766e-17,1,269.4522966111707
2026,1,1,6,850.0,19.0,72.5,1514.3546566615512,286.79595947265625,0.0079066306352615,10.753211972257144,278.7534794551515,1,0.4999999999999999,0.8660254037844387,1.0,6.123233995736766e-17,1,266.36391253828873
2026,1,1,6,850.0,19.0,72.75,1515.0047257473243,286.89654541015625,0.0079204589128494,10.77192867865705,278.7234756665195,1,0.4999999999999999,0.8660254037844387,1.0,6.123233995736766e-17,1,266.65039020960603
2026,1,1,6,850.0,19.0,73.0,1515.7312735490714,286.99029541015625,0.008048728108406,10.94552734617306,279.4026630566828,1,0.4999999999999999,0.8660254037844387,1.0,6.123233995736766e-17,1,269.4226893193749
2026,1,1,6,850.0,18.75,72.5,1514.74979669408,287.01470947265625,0.0077139884233474,10.492436325751155,277.32311211101205,1,0.4999999999999999,0.8660254037844387,1.0,6.123233995736766e-17,1,267.09215667093537
2026,1,1,6,850.0,18.75,72.75,1515.310640611218,287.14654541015625,0.0077864676713943,10.590557066338224,277.6178605938616,1,0.4999999999999999,0.8660254037844387,1.0,6.123233995736766e-17,1,267.30903744566274
2026,1,1,6,850.0,18.75,73.0,1515.986202602316,287.25592041015625,0.0079109221696853,10.759020638781486,278.25543262388646,1,0.4999999999999999,0.8660254037844387,1.0,6.123233995736766e-17,1,269.3754684075407
2026,1,1,12,1000.0,19.25,72.5,91.45076897755604,296.01580810546875,0.0140086524188518,22.331831714804466,357.20937889937704,1,0.4999999999999999,0.8660254037844387,1.2246467991473532e-16,-1.0,1,361.25213406966276
2026,1,1,12,1000.0,19.25,72.75,90.0486591847114,296.65643310546875,0.0138827674090862,22.13283160250917,355.38971000384606,1,0.4999999999999999,0.8660254037844387,1.2246467991473532e-16,-1.0,1,359.1335960955619
2026,1,1,12,1000.0,19.25,73.0,87.26993250434654,298.87518310546875,0.0122348181903362,19.52495168787046,341.1704679890948,1,0.4999999999999999,0.8660254037844387,1.2246467991473532e-16,-1.0,1,334.42755468634647
2026,1,1,12,1000.0,19.0,72.5,90.81344634444484,296.30291748046875,0.0140315406024456,22.368010309789994,356.9249356287475,1,0.4999999999999999,0.8660254037844387,1.2246467991473532e-16,-1.0,1,362.8104941470413
2026,1,1,12,1000.0,19.0,72.75,89.53880107822243,296.43182373046875,0.014161717146635,22.573757091752576,357.6017741310448,1,0.4999999999999999,0.8660254037844387,1.2246467991473532e-16,-1.0,1,361.5027998778537
2026,1,1,12,1000.0,19.0,73.0,87.25718605168431,298.12127685546875,0.0127769820392131,20.38349818985823,345.8431256826353,1,0.4999999999999999,0.8660254037844387,1.2246467991473532e-16,-1.0,1,342.0706002560144
2026,1,1,12,1000.0,18.75,72.5,90.27809533263144,296.60174560546875,0.0140186659991741,22.347659972905657,356.3833993078953,1,0.4999999999999999,0.8660254037844387,1.2246467991473532e-16,-1.0,1,361.58944382127237
2026,1,1,12,1000.0,18.75,72.75,89.01619651907124,296.39666748046875,0.0141483657062053,22.55265634312024,357.5659668877421,1,0.4999999999999999,0.8660254037844387,1.2246467991473532e-16,-1.0,1,361.43158143350087
2026,1,1,12,1000.0,18.75,73.0,87.21894669369765,297.48455810546875,0.0129963271319866,20.730683815179383,348.2301668237864,1,0.4999999999999999,0.8660254037844387,1.2246467991473532e-16,-1.0,1,346.8376646584051
2026,1,1,12,925.0,19.25,72.5,767.6516760151276,292.9050598144531,0.0085825473070144,12.69720890236866,300.26542719458985,1,0.4999999999999999,0.8660254037844387,1.2246467991473532e-16,-1.0,1,285.5927543426621
2026,1,1,12,925.0,19.25,72.75,767.2947753405853,293.0749816894531,0.0098313838243484,14.53379203007573,308.03492238007186,1,0.4999999999999999,0.8660254037844387,1.2246467991473532e-16,-1.0,1,291.1211056768725
2026,1,1,12,925.0,19.25,73.0,766.9506211187052,293.3796691894531,0.0104140788316726,15.389776093621558,311.35902789211275,1,0.4999999999999999,0.8660254037844387,1.2246467991473532e-16,-1.0,1,293.21741795996587
2026,1,1,12,925.0,19.0,72.5,767.3457611512341,292.8288879394531,0.0088800936937332,13.13504275178003,302.26243790060505,1,0.4999999999999999,0.8660254037844387,1.2246467991473532e-16,-1.0,1,284.86893519594446
2026,1,1,12,925.0,19.0,72.75,766.8104101394207,293.2937316894531,0.0091247111558914,13.494874752206448,303.2532490397137,1,0.4999999999999999,0.8660254037844387,1.2246467991473532e-16,-1.0,1,287.1259775213104
2026,1,1,12,925.0,19.0,73.0,766.4280165595541,293.4382629394531,0.0098242312669754,14.523281116668596,307.529998102718,1,0.4999999999999999,0.8660254037844387,1.2246467991473532e-16,-1.0,1,290.76251550036534
2026,1,1,12,925.0,18.75,72.5,766.9123817607185,292.7566223144531,0.0093311816453933,13.798509810658851,305.2386091044486,1,0.4999999999999999,0.8660254037844387,1.2246467991473532e-16,-1.0,1,284.5329393432839
2026,1,1,12,925.0,18.75,72.75,766.3515378435807,293.4441223144531,0.0087589770555496,12.956840929599066,300.7372580831549,1,0.4999999999999999,0.8660254037844387,1.2246467991473532e-16,-1.0,1,285.74790340335034
2026,1,1,12,925.0,18.75,73.0,765.8416797370917,293.4480285644531,0.0094794780015945,14.01654736441803,305.3227119515715,1,0.4999999999999999,0.8660254037844387,1.2246467991473532e-16,-1.0,1,289.61437421237144
2026,1,1,12,850.0,19.25,72.5,1489.8567712980478,287.9954833984375,0.0072514601051807,9.866073424282192,273.40059239209046,1,0.4999999999999999,0.8660254037844387,1.2246467991473532e-16,-1.0,1,264.07605439100763
2026,1,1,12,850.0,19.25,72.75,1490.379375857199,288.2200927734375,0.0070421285927295,9.582478246254514,271.87959857034707,1,0.4999999999999999,0.8660254037844387,1.2246467991473532e-16,-1.0,1,262.4883678336308
2026,1,1,12,850.0,19.25,73.0,1490.6343049104437,288.0609130859375,0.0078818388283252,10.719655239880726,277.16535972150035,1,0.4999999999999999,0.8660254037844387,1.2246467991473532e-16,-1.0,1,252.37750073148985
2026,1,1,12,850.0,19.0,72.5,1489.5763493394788,288.2679443359375,0.0068642683327198,9.341462782485042,270.7454912844451,1,0.4999999999999999,0.8660254037844387,1.2246467991473532e-16,-1.0,1,263.5951041977359
2026,1,1,12,850.0,19.0,72.75,1490.0862074459678,288.4974365234375,0.0065800733864307,8.95624725657997,268.77044274746464,1,0.4999999999999999,0.8660254037844387,1.2246467991473532e-16,-1.0,1,261.4350004599616
2026,1,1,12,850.0,19.0,73.0,1490.315643593888,288.4447021484375,0.007294375449419,9.924204792534024,273.16642273789984,1,0.4999999999999999,0.8660254037844387,1.2246467991473532e-16,-1.0,1,251.44382959212948
2026,1,1,12,850.0,18.75,72.5,1489.5126170761678,288.6204833984375,0.006540972739458,8.903237433336331,268.4013922038659,1,0.4999999999999999,0.8660254037844387,1.2246467991473532e-16,-1.0,1,262.8651398315462
2026,1,1,12,850.0,18.75,72.75,1489.9332500140213,288.7435302734375,0.0066663809120655,9.073247862846216,269.0306387809944,1,0.4999999999999999,0.8660254037844387,1.2246467991473532e-16,-1.0,1,260.6033623486528
2026,1,1,12,850.0,18.75,73.0,1489.9969822773323,288.7689208984375,0.0076400823891162,10.39237517521256,274.90399401218315,1,0.4999999999999999,0.8660254037844387,1.2246467991473532e-16,-1.0,1,251.28811808505435
2026,1,1,18,1000.0,19.25,72.5,116.85902988979416,295.7348937988281,0.0143092684447765,22.80692601840367,359.6652755991658,1,0.4999999999999999,0.8660254037844387,-1.0,-1.8369701987210294e-16,1,351.37562813291174
2026,1,1,18,1000.0,19.25,72.75,116.9737479637542,295.1294250488281,0.0137394480407238,21.90623434694757,356.746008805915,1,0.4999999999999999,0.8660254037844387,-1.0,-1.8369701987210294e-16,1,350.12040252463856
2026,1,1,18,1000.0,19.25,73.0,117.01198732174086,294.9848937988281,0.0131290964782238,20.94079028339321,352.8283492402606,1,0.4999999999999999,0.8660254037844387,-1.0,-1.8369701987210294e-16,1,344.0765460093851
2026,1,1,18,1000.0,19.0,72.5,116.7698047211586,295.9907531738281,0.0143793635070323,22.917679685674937,359.74189884271453,1,0.4999999999999999,0.8660254037844387,-1.0,-1.8369701987210294e-16,1,353.7537910642051
2026,1,1,18,1000.0,19.0,72.75,116.85902988979416,295.4458312988281,0.0142859034240245,22.77000605052497,359.95466333302204,1,0.4999999999999999,0.8660254037844387,-1.0,-1.8369701987210294e-16,1,353.0790994085236
2026,1,1,18,1000.0,19.0,73.0,116.75705826849638,295.1528625488281,0.0136798433959484,21.81198399584561,356.3066811771431,1,0.4999999999999999,0.8660254037844387,-1.0,-1.8369701987210294e-16,1,348.716100026438
2026,1,1,18,1000.0,18.75,72.5,116.71881891050973,296.3227844238281,0.014359813183546,22.88679014769919,359.09838219362507,1,0.4999999999999999,0.8660254037844387,-1.0,-1.8369701987210294e-16,1,356.24192762074597
2026,1,1,18,1000.0,18.75,72.75,116.60410083654968,295.7680969238281,0.0143703036010265,22.903365112203808,360.0251870408465,1,0.4999999999999999,0.8660254037844387,-1.0,-1.8369701987210294e-16,1,355.50931586989986
2026,1,1,18,1000.0,18.75,73.0,116.3491717833052,295.2153625488281,0.013937335461378,22.2190969587908,357.95387165565893,1,0.4999999999999999,0.8660254037844387,-1.0,-1.8369701987210294e-16,1,350.3335170790443
2026,1,1,18,925.0,19.25,72.5,792.7178739203755,293.0216064453125,0.0084625445306301,12.520582520415276,299.3567517656654,1,0.4999999999999999,0.8660254037844387,-1.0,-1.8369701987210294e-16,1,287.4935770856979
2026,1,1,18,925.0,19.25,72.75,792.6668881097266,292.9200439453125,0.009157296270132,13.542799387018505,303.9232032514374,1,0.4999999999999999,0.8660254037844387,-1.0,-1.8369701987210294e-16,1,291.2842013092325
2026,1,1,18,925.0,19.25,73.0,792.4756913197932,292.4688720703125,0.0098906718194484,14.620914151382236,309.1842677979224,1,0.4999999999999999,0.8660254037844387,-1.0,-1.8369701987210294e-16,1,296.3384549806439
2026,1,1,18,925.0,19.0,72.5,792.7178739203755,293.0645751953125,0.0084091387689113,12.441968876925678,298.9634737256106,1,0.4999999999999999,0.8660254037844387,-1.0,-1.8369701987210294e-16,1,287.3792868839136
2026,1,1,18,925.0,19.0,72.75,792.5011842251176,292.7462158203125,0.0093036852777004,13.758078084710608,305.0756204600773,1,0.4999999999999999,0.8660254037844387,-1.0,-1.8369701987210294e-16,1,290.73555610276674
2026,1,1,18,925.0,19.0,73.0,792.233508719211,292.3790283203125,0.0100833140313625,14.903953646987553,310.53386296754326,1,0.4999999999999999,0.8660254037844387,-1.0,-1.8369701987210294e-16,1,295.79960685929933
2026,1,1,18,925.0,18.75,72.5,792.6668881097266,292.9688720703125,0.0084263049066066,12.467238101715097,299.1886061419376,1,0.4999999999999999,0.8660254037844387,-1.0,-1.8369701987210294e-16,1,287.1169983445472
2026,1,1,18,925.0,18.75,72.75,792.233508719211,292.6759033203125,0.0093547068536281,13.83310112312238,305.4899862440701,1,0.4999999999999999,0.8660254037844387,-1.0,-1.8369701987210294e-16,1,290.42643736607664
2026,1,1,18,925.0,18.75,73.0,791.8511151393443,292.4298095703125,0.0101720057427883,15.034241767363136,311.03693757420024,1,0.4999999999999999,0.8660254037844387,-1.0,-1.8369701987210294e-16,1,295.07489230074077
2026,1,1,18,850.0,19.25,72.5,1515.6368701340418,288.19921875,0.0070154219865798,9.546291881129592,271.7399016427304,1,0.4999999999999999,0.8660254037844387,-1.0,-1.8369701987210294e-16,1,263.7682681692184
2026,1,1,18,850.0,19.25,72.75,1515.687855944691,288.216796875,0.0077316313982009,10.516321771942042,276.0763880210827,1,0.4999999999999999,0.8660254037844387,-1.0,-1.8369701987210294e-16,1,262.306924240868
2026,1,1,18,850.0,19.25,73.0,1515.483912702095,288.408203125,0.0079614669084548,10.82743155340293,277.25695417300784,1,0.4999999999999999,0.8660254037844387,-1.0,-1.8369701987210294e-16,1,252.17945263630978
2026,1,1,18,850.0,19.0,72.5,1515.483912702095,288.173828125,0.007229521870613,9.836355623851516,273.07046825606363,1,0.4999999999999999,0.8660254037844387,-1.0,-1.8369701987210294e-16,1,263.2526097337322
2026,1,1,18,850.0,19.0,72.75,1515.4074339861218,288.2421875,0.0078637152910232,10.695123648524577,276.8506330352629,1,0.4999999999999999,0.8660254037844387,-1.0,-1.8369701987210294e-16,1,261.21884862498433
2026,1,1,18,850.0,19.0,73.0,1515.3946875334595,288.49609375,0.0080263167619705,10.915197922267549,277.55103026197787,1,0.4999999999999999,0.8660254037844387,-1.0,-1.8369701987210294e-16,1,251.24578149694943
2026,1,1,18,850.0,18.75,72.5,1515.3691946281351,288.212890625,0.007255271077156,9.871235733027683,273.18409544965266,1,0.4999999999999999,0.8660254037844387,-1.0,-1.8369701987210294e-16,1,262.4974610547448
2026,1,1,18,850.0,18.75,72.75,1515.1652513855397,288.345703125,0.007764533162117,10.560863539524073,276.1316907163336,1,0.4999999999999999,0.8660254037844387,-1.0,-1.8369701987210294e-16,1,260.362026200878
2026,1,1,18,850.0,18.75,73.0,1515.305462364824,288.6640625,0.007900908589363,10.74546703665231,276.601306808789,1,0.4999999999999999,0.8660254037844387,-1.0,-1.8369701987210294e-16,1,251.09006998987437
2026,1,5,0,1000.0,19.25,72.5,124.76120815498922,296.1103515625,0.0130590125918388,20.82988726451911,350.67565259435696,5,0.4999999999999999,0.8660254037844387,0.0,1.0,1,349.51185033865147
2026,1,5,0,1000.0,19.25,72.75,124.22585714317582,295.8388671875,0.0118006393313407,18.837000357971192,342.58546125963363,5,0.4999999999999999,0.8660254037844387,0.0,1.0,1,349.18267146492155
2026,1,5,0,1000.0,19.25,73.0,124.50627910174474,296.4208984375,0.0113180801272392,18.071967869208684,338.5077970115631,5,0.4999999999999999,0.8660254037844387,0.0,1.0,1,344.2040168043475
2026,1,5,0,1000.0,19.0,72.5,124.08564616389134,296.3486328125,0.013951651751995,22.24172830797218,356.31887305395173,5,0.4999999999999999,0.8660254037844387,0.0,1.0,1,351.3089795590308
2026,1,5,0,1000.0,19.0,72.75,123.44832353078014,296.3349609375,0.0119355842471122,19.0508576033766,342.78614605835,5,0.4999999999999999,0.8660254037844387,0.0,1.0,1,351.48381141989626
2026,1,5,0,1000.0,19.0,73.0,123.41008417279347,297.2724609375,0.0109137222170829,17.430569728866207,334.6117343285647,5,0.4999999999999999,0.8660254037844387,0.0,1.0,1,345.94024090104165
2026,1,5,0,1000.0,18.75,72.5,123.5885345100646,296.7138671875,0.0145701095461845,23.2190205112792,359.9046777281502,5,0.4999999999999999,0.8660254037844387,0.0,1.0,1,352.9191774639117
2026,1,5,0,1000.0,18.75,72.75,122.76001508702004,296.9990234375,0.012176863849163,19.43314455246104,343.4557286404507,5,0.4999999999999999,0.8660254037844387,0.0,1.0,1,352.37968536492605
2026,1,5,0,1000.0,18.75,73.0,122.50508603377556,298.1142578125,0.0108226463198661,17.286060662058357,332.85320666412235,5,0.4999999999999999,0.8660254037844387,0.0,1.0,1,344.8971129510243
2026,1,5,0,925.0,19.25,72.5,805.9092574458404,295.21014404296875,0.0082555748522281,12.215893459928514,295.4331522943611,5,0.4999999999999999,0.8660254037844387,0.0,1.0,1,277.13144385339285
2026,1,5,0,925.0,19.25,72.75,805.6543283925959,295.12811279296875,0.0095201469957828,14.076335452172271,303.49696972654783,5,0.4999999999999999,0.8660254037844387,0.0,1.0,1,276.2541736758003
2026,1,5,0,925.0,19.25,73.0,805.7435535612315,294.83319091796875,0.0098677612841129,14.58724847299191,306.0532325099331,5,0.4999999999999999,0.8660254037844387,0.0,1.0,1,276.3218652771278
2026,1,5,0,925.0,19.0,72.5,805.488624507987,295.22186279296875,0.0088368393480777,13.071404588207152,299.080667926927,5,0.4999999999999999,0.8660254037844387,0.0,1.0,1,275.2547256396364
2026,1,5,0,925.0,19.0,72.75,805.2336954547425,295.02264404296875,0.0096670128405094,14.29222063198042,304.552194382273,5,0.4999999999999999,0.8660254037844387,0.0,1.0,1,274.4559221086649
2026,1,5,0,925.0,19.0,73.0,805.3229206233781,294.90740966796875,0.0099659897387027,14.731582817831931,306.57948340657794,5,0.4999999999999999,0.8660254037844387,0.0,1.0,1,272.65390564269035
2026,1,5,0,925.0,18.75,72.5,805.0552451174714,295.24334716796875,0.0090309120714664,13.356908986204642,300.27652489626524,5,0.4999999999999999,0.8660254037844387,0.0,1.0,1,272.9980123918114
2026,1,5,0,925.0,18.75,72.75,804.9022876855247,295.08514404296875,0.0096360184252262,14.246663637465575,304.279568981456,5,0.4999999999999999,0.8660254037844387,0.0,1.0,1,271.58621998462644
2026,1,5,0,925.0,18.75,73.0,804.8385554222135,294.99530029296875,0.0099507309496402,14.70916307244208,306.37322601875223,5,0.4999999999999999,0.8660254037844387,0.0,1.0,1,270.4136443822516
2026,1,5,0,850.0,19.25,72.5,1532.2439046463371,288.6610107421875,0.0083012506365776,11.2872109478137,279.02982264042754,5,0.4999999999999999,0.8660254037844387,0.0,1.0,1,239.92688680391413
2026,1,5,0,850.0,19.25,72.75,1532.2184117410125,288.6434326171875,0.0091690942645072,12.460679159526851,284.3034900515525,5,0.4999999999999999,0.8660254037844387,0.0,1.0,1,240.85608986987427
2026,1,5,0,850.0,19.25,73.0,1532.0909472143903,288.6824951171875,0.0094480440020561,12.837604000324376,285.94450205909686,5,0.4999999999999999,0.8660254037844387,0.0,1.0,1,241.46053808059528
2026,1,5,0,850.0,19.0,72.5,1532.0527078564037,288.7215576171875,0.0088262483477592,11.997241857141924,282.1377910901525,5,0.4999999999999999,0.8660254037844387,0.0,1.0,1,242.07181879557663
2026,1,5,0,850.0,19.0,72.75,1531.9379897824435,288.7508544921875,0.0092945024371147,12.630149981909408,284.9351302846906,5,0.4999999999999999,0.8660254037844387,0.0,1.0,1,243.13851917899117
2026,1,5,0,850.0,19.0,73.0,1532.0017220457548,288.8426513671875,0.0093178674578666,12.661721555052342,284.9677743112552,5,0.4999999999999999,0.8660254037844387,0.0,1.0,1,243.74852513841068
2026,1,5,0,850.0,18.75,72.5,1531.912496877119,288.7977294921875,0.0089583322405815,12.175807206384258,282.8478006140864,5,0.4999999999999999,0.8660254037844387,0.0,1.0,1,245.70316216871808
2026,1,5,0,850.0,18.75,72.75,1531.7722858978348,288.8582763671875,0.0092692300677299,12.596000133779746,284.655501677728,5,0.4999999999999999,0.8660254037844387,0.0,1.0,1,246.50253358230964
2026,1,5,0,850.0,18.75,73.0,1531.7722858978348,288.9930419921875,0.0090804025530815,12.34080976106887,283.3567924361204,5,0.4999999999999999,0.8660254037844387,0.0,1.0,1,246.98109610689818
2026,1,5,6,1000.0,19.25,72.5,149.17718760197164,298.0048217773437,0.0122536048293113,19.55471076426097,342.530707168289,5,0.4999999999999999,0.8660254037844387,1.0,6.123233995736766e-17,1,350.6918162875036
2026,1,5,6,1000.0,19.25,72.75,148.42514689490042,299.7040405273437,0.011682353913784,18.64951601390137,336.3667122659962,5,0.4999999999999999,0.8660254037844387,1.0,6.123233995736766e-17,1,335.3406926241787
2026,1,5,6,1000.0,19.25,73.0,148.38690753691372,300.7626342773437,0.0111411437392234,17.79134743838271,331.3725626620346,5,0.4999999999999999,0.8660254037844387,1.0,6.123233995736766e-17,1,327.0319879772851
2026,1,5,6,1000.0,19.0,72.5,148.75655466411823,298.0692749023437,0.0119889602065086,19.13543684559088,340.67864234738903,5,0.4999999999999999,0.8660254037844387,1.0,6.123233995736766e-17,1,352.4684023323828
2026,1,5,6,1000.0,19.0,72.75,148.33592172626484,299.3114624023437,0.011414848268032,18.225416416099257,335.1438489294364,5,0.4999999999999999,0.8660254037844387,1.0,6.123233995736766e-17,1,342.91726364544064
2026,1,5,6,1000.0,19.0,73.0,147.50740230322026,300.6591186523437,0.0109337195754051,17.46229717708194,330.15416181597107,5,0.4999999999999999,0.8660254037844387,1.0,6.123233995736766e-17,1,327.6481306271818
2026,1,5,6,1000.0,18.75,72.5,148.61634368483377,298.1552124023437,0.0119136199355125,19.01605149782904,340.0563718174392,5,0.4999999999999999,0.8660254037844387,1.0,6.123233995736766e-17,1,354.70450558918066
2026,1,5,6,1000.0,18.75,72.75,148.19571074698038,299.1981811523437,0.0111668929457664,17.832189307795314,333.66102637632474,5,0.4999999999999999,0.8660254037844387,1.0,6.123233995736766e-17,1,346.58110902946726
2026,1,5,6,1000.0,18.75,73.0,146.16902477368674,300.9306030273437,0.0106767043471336,17.054463091907024,328.1115601076653,5,0.4999999999999999,0.8660254037844387,1.0,6.123233995736766e-17,1,327.18194622063186
2026,1,5,6,925.0,19.25,72.5,830.8748778730504,294.5950927734375,0.0098417624831199,14.549043641857615,306.1870205962502,5,0.4999999999999999,0.8660254037844387,1.0,6.123233995736766e-17,1,267.73582118790773
2026,1,5,6,925.0,19.25,72.75,831.0405817576594,294.5872802734375,0.0097287520766258,14.38296267171995,305.4829593448869,5,0.4999999999999999,0.8660254037844387,1.0,6.123233995736766e-17,1,266.66469234578017
2026,1,5,6,925.0,19.25,73.0,830.9513565890238,294.4075927734375,0.0100191459059715,14.809681969857465,307.5435005824524,5,0.4999999999999999,0.8660254037844387,1.0,6.123233995736766e-17,1,268.53426174223546
2026,1,5,6,925.0,19.0,72.5,830.505230745846,294.5228271484375,0.0095256194472312,14.084380359407428,304.2794313785739,5,0.4999999999999999,0.8660254037844387,1.0,6.123233995736766e-17,1,262.8679998686273
2026,1,5,6,925.0,19.0,72.75,830.5562165564949,294.5853271484375,0.009487472474575,14.028300389008564,303.96098521175776,5,0.4999999999999999,0.8660254037844387,1.0,6.123233995736766e-17,1,262.19615914961713
2026,1,5,6,925.0,19.0,73.0,830.6709346304549,294.4837646484375,0.0100005492568016,14.782359604720057,307.32995187028723,5,0.4999999999999999,0.8660254037844387,1.0,6.123233995736766e-17,1,264.6207576946679
2026,1,5,6,925.0,18.75,72.5,830.1610765239659,294.4193115234375,0.0092309340834617,13.651095425004502,302.54326868524475,5,0.4999999999999999,0.8660254037844387,1.0,6.123233995736766e-17,1,262.62277478479206
2026,1,5,6,925.0,18.75,72.75,830.2248087872771,294.4466552734375,0.0092547759413719,13.686156578127369,302.66056036973464,5,0.4999999999999999,0.8660254037844387,1.0,6.123233995736766e-17,1,262.14125815000244
2026,1,5,6,925.0,18.75,73.0,830.4287520298726,294.5853271484375,0.0098369941115379,14.542036464213496,306.169125554266,5,0.4999999999999999,0.8660254037844387,1.0,6.123233995736766e-17,1,264.7884251063997
2026,1,5,6,850.0,19.25,72.5,1556.683634319569,288.4412841796875,0.0094268321990966,12.80894647102732,286.1032358426032,5,0.4999999999999999,0.8660254037844387,1.0,6.123233995736766e-17,1,261.2900322186822
2026,1,5,6,850.0,19.25,72.75,1556.849338204178,288.4822998046875,0.0093038082122802,12.642724353681611,285.3093897866976,5,0.4999999999999999,0.8660254037844387,1.0,6.123233995736766e-17,1,264.12467048751193
2026,1,5,6,850.0,19.25,73.0,1556.7728594882046,288.5037841796875,0.0091612339019775,12.45005617249593,284.4205164298396,5,0.4999999999999999,0.8660254037844387,1.0,6.123233995736766e-17,1,269.7407579679362
2026,1,5,6,850.0,19.0,72.5,1556.224762023729,288.5799560546875,0.0090706348419189,12.327607632969046,283.7822783835892,5,0.4999999999999999,0.8660254037844387,1.0,6.123233995736766e-17,1,266.63883196438843
2026,1,5,6,850.0,19.0,72.75,1556.2120155710666,288.5447998046875,0.0088860988616943,12.078157813789076,282.70603625599426,5,0.4999999999999999,0.8660254037844387,1.0,6.123233995736766e-17,1,271.32764098329875
2026,1,5,6,850.0,19.0,73.0,1556.3267336450267,288.4901123046875,0.0088655948638916,12.05043773205292,282.64565242524463,5,0.4999999999999999,0.8660254037844387,1.0,6.123233995736766e-17,1,276.62899123895914
2026,1,5,6,850.0,18.75,72.5,1555.8168755385375,288.7186279296875,0.008786916732788,11.944063599326489,281.9032445586424,5,0.4999999999999999,0.8660254037844387,1.0,6.123233995736766e-17,1,269.9340682265795
2026,1,5,6,850.0,18.75,72.75,1555.6511716539287,288.6112060546875,0.008718729019165,11.851864499360593,281.61520367131016,5,0.4999999999999999,0.8660254037844387,1.0,6.123233995736766e-17,1,274.73913289588756
2026,1,5,6,850.0,18.75,73.0,1555.8806078018488,288.4022216796875,0.0090601444244384,12.313428514769557,283.92762803105074,5,0.4999999999999999,0.8660254037844387,1.0,6.123233995736766e-17,1,279.0482300418584
2026,1,5,12,1000.0,19.25,72.5,121.9126747299664,298.2440185546875,0.0127981826663017,20.4170591524772,345.8063369643471,5,0.4999999999999999,0.8660254037844387,1.2246467991473532e-16,-1.0,1,359.8899002244747
2026,1,5,12,1000.0,19.25,72.75,121.23711273886852,299.0506591796875,0.0132106468081474,21.06982637793124,347.36582738073105,5,0.4999999999999999,0.8660254037844387,1.2246467991473532e-16,-1.0,1,357.661136355294
2026,1,5,12,1000.0,19.25,73.0,120.2683823365395,301.4666748046875,0.0111793205142021,17.851900728025996,330.6762763254977,5,0.4999999999999999,0.8660254037844387,1.2246467991473532e-16,-1.0,1,333.6777344241137
2026,1,5,12,1000.0,19.0,72.5,121.3263379075041,298.7674560546875,0.0118526145815849,18.919373526538045,338.79235683081026,5,0.4999999999999999,0.8660254037844387,1.2246467991473532e-16,-1.0,1,360.3190699762407
2026,1,5,12,1000.0,19.0,72.75,120.7909868956907,298.9373779296875,0.0118826553225517,18.96698135053761,338.7535809006614,5,0.4999999999999999,0.8660254037844387,1.2246467991473532e-16,-1.0,1,358.7972565908332
2026,1,5,12,1000.0,19.0,73.0,119.70753841940164,300.8338623046875,0.0107816383242607,17.220988563497876,328.92600378621967,5,0.4999999999999999,0.8660254037844387,1.2246467991473532e-16,-1.0,1,340.1720431501554
2026,1,5,12,1000.0,18.75,72.5,120.8547191590018,298.9764404296875,0.0120905563235282,19.296410424616987,340.0736439899467,5,0.4999999999999999,0.8660254037844387,1.2246467991473532e-16,-1.0,1,358.8099165461821
2026,1,5,12,1000.0,18.75,72.75,120.12817135725504,298.7869873046875,0.0117148086428642,18.700959960764088,337.8524752121074,5,0.4999999999999999,0.8660254037844387,1.2246467991473532e-16,-1.0,1,358.5030934602722
2026,1,5,12,1000.0,18.75,73.0,118.70056865908592,300.3494873046875,0.0109046623110771,17.41619519316426,330.3782540635045,5,0.4999999999999999,0.8660254037844387,1.2246467991473532e-16,-1.0,1,345.0532327952629
2026,1,5,12,925.0,19.25,72.5,804.8198340698659,295.2747497558594,0.0095823258161544,14.167739772156644,303.70736990770627,5,0.4999999999999999,0.8660254037844387,1.2246467991473532e-16,-1.0,1,268.2653618376129
2026,1,5,12,925.0,19.25,72.75,804.9218056911637,295.3118591308594,0.0104520767927169,15.445574508351692,309.12698732683526,5,0.4999999999999999,0.8660254037844387,1.2246467991473532e-16,-1.0,1,269.7874293075649
2026,1,5,12,925.0,19.25,73.0,805.393424439666,295.6517028808594,0.0100462883710861,14.849558823325312,306.15245719306387,5,0.4999999999999999,0.8660254037844387,1.2246467991473532e-16,-1.0,1,274.1444575446624
2026,1,5,12,925.0,19.0,72.5,804.3737082266881,295.3977966308594,0.0088084191083908,13.029589362606467,298.6904997993284,5,0.4999999999999999,0.8660254037844387,1.2246467991473532e-16,-1.0,1,262.2278367501905
2026,1,5,12,925.0,19.0,72.75,804.1825114367547,295.4466247558594,0.0095384567975997,14.103252002453162,303.219881519444,5,0.4999999999999999,0.8660254037844387,1.2246467991473532e-16,-1.0,1,262.02270323519366
2026,1,5,12,925.0,19.0,73.0,804.654130185257,295.5657653808594,0.0096562355756759,14.276379913796816,303.8125823724383,5,0.4999999999999999,0.8660254037844387,1.2246467991473532e-16,-1.0,1,268.94185771020636
2026,1,5,12,925.0,18.75,72.5,803.7873714042257,295.4876403808594,0.0085375756025314,12.631020190981545,296.88006943698235,5,0.4999999999999999,0.8660254037844387,1.2246467991473532e-16,-1.0,1,261.42566555185624
2026,1,5,12,925.0,18.75,72.75,803.3284991083857,295.5267028808594,0.0092261284589767,13.64402828898054,301.16011281293567,5,0.4999999999999999,0.8660254037844387,1.2246467991473532e-16,-1.0,1,260.47124562165243
2026,1,5,12,925.0,18.75,73.0,803.6216675196168,295.5306091308594,0.0095618218183517,14.137599174869932,303.2632785626228,5,0.4999999999999999,0.8660254037844387,1.2246467991473532e-16,-1.0,1,267.78746917030503
2026,1,5,12,850.0,19.25,72.5,1532.3630043133996,289.3231811523437,0.0085396207869052,11.609649503650376,279.7126126922874,5,0.4999999999999999,0.8660254037844387,1.2246467991473532e-16,-1.0,1,264.06722694991913
2026,1,5,12,850.0,19.25,72.75,1532.7453978932665,289.1356811523437,0.0093068517744541,12.646836917761547,284.5552445946649,5,0.4999999999999999,0.8660254037844387,1.2246467991473532e-16,-1.0,1,266.16565884576084
2026,1,5,12,850.0,19.25,73.0,1533.3317347157288,288.9970092773437,0.0095223821699619,12.938030410884576,286.0193543716289,5,0.4999999999999999,0.8660254037844387,1.2246467991473532e-16,-1.0,1,270.63434211995445
2026,1,5,12,850.0,19.0,72.5,1531.878639112235,289.3153686523437,0.0083155073225498,11.30649829637181,278.3706568865873,5,0.4999999999999999,0.8660254037844387,1.2246467991473532e-16,-1.0,1,269.2763877156226
2026,1,5,12,850.0,19.0,72.75,1531.980610733533,289.1337280273437,0.0090093053877353,12.244710617462404,282.7633357940594,5,0.4999999999999999,0.8660254037844387,1.2246467991473532e-16,-1.0,1,272.4912018228931
2026,1,5,12,850.0,19.0,73.0,1532.4522294820351,288.9598999023437,0.0093993581831455,12.771827486783732,285.3210488576387,5,0.4999999999999999,0.8660254037844387,1.2246467991473532e-16,-1.0,1,276.7792736122958
2026,1,5,12,850.0,18.75,72.5,1531.368781005746,289.3075561523437,0.0082463659346103,11.212956339311454,277.9626693771723,5,0.4999999999999999,0.8660254037844387,1.2246467991473532e-16,-1.0,1,271.829856178529
2026,1,5,12,850.0,18.75,72.75,1531.0883590471772,289.1532592773437,0.0088767446577548,12.065511618997766,281.9411017796074,5,0.4999999999999999,0.8660254037844387,1.2246467991473532e-16,-1.0,1,275.2528210495429
2026,1,5,12,850.0,18.75,73.0,1531.4452597217196,289.0595092773437,0.00929731503129,12.633950497497734,284.5875765649828,5,0.4999999999999999,0.8660254037844387,1.2246467991473532e-16,-1.0,1,278.8427575529913
2026,1,5,18,1000.0,19.25,72.5,137.59932573655377,297.09295654296875,0.0130332894623279,20.789179797252046,349.05169735916155,5,0.4999999999999999,0.8660254037844387,-1.0,-1.8369701987210294e-16,1,349.6320552394001
2026,1,5,18,1000.0,19.25,72.75,137.0512282720781,296.78826904296875,0.0132044740021228,21.060059665938244,350.64739994663074,5,0.4999999999999999,0.8660254037844387,-1.0,-1.8369701987210294e-16,1,349.1229160469541
2026,1,5,18,1000.0,19.25,73.0,137.31890377798484,296.79412841796875,0.0132602639496326,21.14832876893777,351.01248892873144,5,0.4999999999999999,0.8660254037844387,-1.0,-1.8369701987210294e-16,1,345.35183755420337
2026,1,5,18,1000.0,19.0,72.5,137.0129889140915,297.06561279296875,0.0147222466766834,23.459317297539712,360.37785245503824,5,0.4999999999999999,0.8660254037844387,-1.0,-1.8369701987210294e-16,1,352.44686620096104
2026,1,5,18,1000.0,19.0,72.75,136.93651019811813,296.84100341796875,0.0141052193939685,22.484465162777283,356.59895222492304,5,0.4999999999999999,0.8660254037844387,-1.0,-1.8369701987210294e-16,1,352.6240728809541
2026,1,5,18,1000.0,19.0,73.0,137.67580445252713,296.84490966796875,0.0137928910553455,21.99073581053481,354.50304433380023,5,0.4999999999999999,0.8660254037844387,-1.0,-1.8369701987210294e-16,1,349.55205580951815
2026,1,5,18,1000.0,18.75,72.5,136.52862371292696,297.31951904296875,0.0154565759003162,24.618552886662776,364.8768957145165,5,0.4999999999999999,0.8660254037844387,-1.0,-1.8369701987210294e-16,1,355.36713254478184
2026,1,5,18,1000.0,18.75,72.75,136.93651019811813,296.97381591796875,0.0148114152252674,23.60013631692323,361.11547877644296,5,0.4999999999999999,0.8660254037844387,-1.0,-1.8369701987210294e-16,1,355.29467802700503
2026,1,5,18,1000.0,18.75,73.0,137.612072189216,296.93475341796875,0.0139769501984119,22.281719414776383,355.59861737657604,5,0.4999999999999999,0.8660254037844387,-1.0,-1.8369701987210294e-16,1,350.39634045337266
2026,1,5,18,925.0,19.25,72.5,818.628673686988,294.8235778808594,0.0099556148052215,14.71633896853844,306.6192130398062,5,0.4999999999999999,0.8660254037844387,-1.0,-1.8369701987210294e-16,1,281.3731540764906
2026,1,5,18,925.0,19.25,72.75,818.4247304443924,294.9329528808594,0.010250300168991,15.14924467672784,308.3384248889775,5,0.4999999999999999,0.8660254037844387,-1.0,-1.8369701987210294e-16,1,282.6805800060896
2026,1,5,18,925.0,19.25,73.0,818.462969802379,295.0852966308594,0.0099198520183563,14.663791380805318,306.06620815573126,5,0.4999999999999999,0.8660254037844387,-1.0,-1.8369701987210294e-16,1,285.9370203578546
2026,1,5,18,925.0,19.0,72.5,818.3864910864057,295.1087341308594,0.0098015964031219,14.490017856716236,305.29264585993894,5,0.4999999999999999,0.8660254037844387,-1.0,-1.8369701987210294e-16,1,275.7177791918402
2026,1,5,18,925.0,19.0,72.75,818.3227588230945,294.9934997558594,0.0101177394390106,14.954526226947172,307.4271842536219,5,0.4999999999999999,0.8660254037844387,-1.0,-1.8369701987210294e-16,1,277.43846603271345
2026,1,5,18,925.0,19.0,73.0,818.6541665923124,294.9388122558594,0.0099532306194305,14.712835866656611,306.45973003799736,5,0.4999999999999999,0.8660254037844387,-1.0,-1.8369701987210294e-16,1,281.4117940869501
2026,1,5,18,925.0,18.75,72.5,818.1060691278368,295.2571716308594,0.0096623599529266,14.285381716044222,304.2324098948084,5,0.4999999999999999,0.8660254037844387,-1.0,-1.8369701987210294e-16,1,273.6829855392746
2026,1,5,18,925.0,18.75,72.75,818.2717730124457,294.9895935058594,0.0098778903484344,14.602132649628608,305.92159464623643,5,0.4999999999999999,0.8660254037844387,-1.0,-1.8369701987210294e-16,1,275.3595795326075
2026,1,5,18,925.0,18.75,73.0,818.6159272343257,294.8294372558594,0.009879320859909,14.604234703294232,306.13081536046985,5,0.4999999999999999,0.8660254037844387,-1.0,-1.8369701987210294e-16,1,279.86815878318174
2026,1,5,18,850.0,19.25,72.5,1545.4962321485932,288.7978515625,0.0090632550418376,12.317632924039495,283.4819305764584,5,0.4999999999999999,0.8660254037844387,-1.0,-1.8369701987210294e-16,1,265.12308641139856
2026,1,5,18,850.0,19.25,72.75,1545.5217250539176,288.9072265625,0.0089750401675701,12.198392765027716,282.82090072700896,5,0.4999999999999999,0.8660254037844387,-1.0,-1.8369701987210294e-16,1,266.72988304714846
2026,1,5,18,850.0,19.25,73.0,1545.4070069799575,288.8349609375,0.0088906399905681,12.084297034009412,282.3951764131388,5,0.4999999999999999,0.8660254037844387,-1.0,-1.8369701987210294e-16,1,270.42590524126683
2026,1,5,18,850.0,19.0,72.5,1545.483485695931,288.8994140625,0.0090360753238201,12.280895419515147,283.1987317669972,5,0.4999999999999999,0.8660254037844387,-1.0,-1.8369701987210294e-16,1,269.3727955403966
2026,1,5,18,850.0,19.0,72.75,1545.4070069799575,288.9287109375,0.0089273564517498,12.133933330613765,282.50780314069834,5,0.4999999999999999,0.8660254037844387,-1.0,-1.8369701987210294e-16,1,271.03238316622003
2026,1,5,18,850.0,19.0,73.0,1545.381514074633,288.8369140625,0.0088238827884197,11.994043577244229,281.9893794390903,5,0.4999999999999999,0.8660254037844387,-1.0,-1.8369701987210294e-16,1,273.03252544688047
2026,1,5,18,850.0,18.75,72.5,1545.432499885282,289.0595703125,0.0086069218814373,11.70066953094191,280.4212429722246,5,0.4999999999999999,0.8660254037844387,-1.0,-1.8369701987210294e-16,1,271.1526661348833
2026,1,5,18,850.0,18.75,72.75,1545.2667960006731,289.0283203125,0.0084052197635173,11.427859344094855,279.23909454140136,5,0.4999999999999999,0.8660254037844387,-1.0,-1.8369701987210294e-16,1,272.8883543811506
2026,1,5,18,850.0,18.75,73.0,1545.2795424533354,288.9677734375,0.0082411877810955,11.20595045765278,278.31704321204546,5,0.4999999999999999,0.8660254037844387,-1.0,-1.8369701987210294e-16,1,274.2660770624555
2026,1,15,0,1000.0,19.25,72.5,115.92769240132972,295.9207763671875,0.0093191638588905,14.89820384472665,325.691144059231,15,0.4999999999999999,0.8660254037844387,0.0,1.0,1,321.75070173840106
2026,1,15,0,1000.0,19.25,72.75,114.99720135698736,295.2723388671875,0.0084794536232948,13.562672174443756,320.8323481958556,15,0.4999999999999999,0.8660254037844387,0.0,1.0,1,318.59300534487926
2026,1,15,0,1000.0,19.25,73.0,114.47459679783616,294.3016357421875,0.0082286372780799,13.163493921115304,320.3635147772432,15,0.4999999999999999,0.8660254037844387,0.0,1.0,1,317.92149728312523
2026,1,15,0,1000.0,19.0,72.5,115.18839814692072,296.2703857421875,0.0102628245949745,16.39744885773828,331.60298312041425,15,0.4999999999999999,0.8660254037844387,0.0,1.0,1,322.6707934414414
2026,1,15,0,1000.0,19.0,72.75,114.23241419725392,295.5965576171875,0.009641982614994,15.411275898509755,328.3082747409964,15,0.4999999999999999,0.8660254037844387,0.0,1.0,1,320.0815629325637
2026,1,15,0,1000.0,19.0,73.0,113.73530254342715,295.0321044921875,0.0092614665627479,14.806481548843117,326.4708381883316,15,0.4999999999999999,0.8660254037844387,0.0,1.0,1,316.48518986219335
2026,1,15,0,1000.0,18.75,72.5,114.41086453452505,296.6610107421875,0.0107577815651893,17.183130820091996,334.4046457153734,15,0.4999999999999999,0.8660254037844387,0.0,1.0,1,324.42776464181236
2026,1,15,0,1000.0,18.75,72.75,113.35290896356044,295.8289794921875,0.0103910937905311,16.601105167684455,333.06990356397466,15,0.4999999999999999,0.8660254037844387,0.0,1.0,1,322.24917238962126
2026,1,15,0,1000.0,18.75,73.0,112.8557973097337,295.8778076171875,0.0101831927895545,16.27099951052173,331.5967716907446,15,0.4999999999999999,0.8660254037844387,0.0,1.0,1,319.9071548699751
2026,1,15,0,925.0,19.25,72.5,793.4403886648346,295.08013916015625,0.0022194781340658,3.2962248620362744,257.3763092899957,15,0.4999999999999999,0.8660254037844387,0.0,1.0,1,280.76339985417354
2026,1,15,0,925.0,19.25,72.75,793.3001776855501,295.35552978515625,0.0031879344023764,4.731732153456551,263.26113658362226,15,0.4999999999999999,0.8660254037844387,0.0,1.0,1,278.2990030454431
2026,1,15,0,925.0,19.25,73.0,793.1344738009412,295.12701416015625,0.0046723284758627,6.928724664403206,272.889136581141,15,0.4999999999999999,0.8660254037844387,0.0,1.0,1,275.45161786754124
2026,1,15,0,925.0,19.0,72.5,793.3256705908746,295.43170166015625,0.0024145045317709,3.58544103189678,258.2892457901021,15,0.4999999999999999,0.8660254037844387,0.0,1.0,1,281.2876067605318
2026,1,15,0,925.0,19.0,72.75,793.0707415376302,295.53131103515625,0.0034497180022299,5.119474904422924,264.7484662803253,15,0.4999999999999999,0.8660254037844387,0.0,1.0,1,278.7289357334508
2026,1,15,0,925.0,19.0,73.0,792.9815163689946,295.33990478515625,0.0049460330046713,7.333392307995145,274.40152212534554,15,0.4999999999999999,0.8660254037844387,0.0,1.0,1,275.93517953208413
2026,1,15,0,925.0,18.75,72.5,793.0325021796434,295.66802978515625,0.0028407969512045,4.217376962817643,260.7668875157894,15,0.4999999999999999,0.8660254037844387,0.0,1.0,1,281.36403312147564
2026,1,15,0,925.0,18.75,72.75,792.7903195790612,295.71685791015625,0.0038674273528158,5.737913371855962,267.206509234471,15,0.4999999999999999,0.8660254037844387,0.0,1.0,1,278.86034586747877
2026,1,15,0,925.0,18.75,73.0,792.7265873157501,295.62310791015625,0.0053685107268393,7.95775526207499,276.7734638789793,15,0.4999999999999999,0.8660254037844387,0.0,1.0,1,276.7726840630952
2026,1,15,0,850.0,19.25,72.5,1519.0190616826335,289.5097045898437,0.0038154730573296,5.2020088546952,250.9836103300665,15,0.4999999999999999,0.8660254037844387,0.0,1.0,1,254.6879134491364
2026,1,15,0,850.0,19.25,72.75,1519.7328630317184,289.6835327148437,0.0044892439618706,6.118127504309399,254.89116985522705,15,0.4999999999999999,0.8660254037844387,0.0,1.0,1,253.9100008581978
2026,1,15,0,850.0,19.25,73.0,1520.1280030642474,289.8749389648437,0.0050643095746636,6.899446087766303,258.1732107511665,15,0.4999999999999999,0.8660254037844387,0.0,1.0,1,253.15164777816148
2026,1,15,0,850.0,19.0,72.5,1519.4651875258116,289.5233764648437,0.0044959196820855,6.127200662052733,255.08759388546247,15,0.4999999999999999,0.8660254037844387,0.0,1.0,1,255.3068483990314
2026,1,15,0,850.0,19.0,72.75,1520.0132849902873,289.6640014648437,0.0051749357953667,7.049687060786374,259.0514302891959,15,0.4999999999999999,0.8660254037844387,0.0,1.0,1,254.54435794119942
2026,1,15,0,850.0,19.0,73.0,1520.4339179281408,289.9432983398437,0.0055201658979058,7.518413057548808,260.8514364068144,15,0.4999999999999999,0.8660254037844387,0.0,1.0,1,253.7344293118844
2026,1,15,0,850.0,18.75,72.5,1519.8475811056785,289.6151733398437,0.0051301131024956,6.988815989858022,258.82969698653386,15,0.4999999999999999,0.8660254037844387,0.0,1.0,1,255.57954617944935
2026,1,15,0,850.0,18.75,72.75,1520.2682140435318,289.7128295898437,0.0058491835370659,7.964944666447268,263.0698872829645,15,0.4999999999999999,0.8660254037844387,0.0,1.0,1,254.82053804411714
2026,1,15,0,850.0,18.75,73.0,1520.7015934340477,290.0253295898437,0.0061300406232476,8.345973653075022,264.4379767122361,15,0.4999999999999999,0.8660254037844387,0.0,1.0,1,253.996556834206
2026,1,15,6,1000.0,19.25,72.5,140.0329770646704,295.86627197265625,0.0104459710419178,16.68822555853374,333.39022984447405,15,0.4999999999999999,0.8660254037844387,1.0,6.123233995736766e-17,1,321.46218872965005
2026,1,15,6,1000.0,19.25,72.75,138.50340274520352,297.75885009765625,0.0092576928436756,14.800482185637824,322.8802071349189,15,0.4999999999999999,0.8660254037844387,1.0,6.123233995736766e-17,1,316.538535358309
2026,1,15,6,1000.0,19.25,73.0,137.53467234287447,299.66705322265625,0.0089520402252674,14.314472498333398,318.41149693303817,15,0.4999999999999999,0.8660254037844387,1.0,6.123233995736766e-17,1,307.93721337347995
2026,1,15,6,1000.0,19.0,72.5,139.25544345227473,296.07720947265625,0.0109099335968494,17.424558685985286,336.2351762291027,15,0.4999999999999999,0.8660254037844387,1.0,6.123233995736766e-17,1,321.3765528660414
2026,1,15,6,1000.0,19.0,72.75,137.9680517333901,296.87017822265625,0.01015080884099,16.219572744754615,330.0396969410582,15,0.4999999999999999,0.8660254037844387,1.0,6.123233995736766e-17,1,318.7440122568579
2026,1,15,6,1000.0,19.0,73.0,136.425730961261,299.24713134765625,0.009603876620531,15.350722546911175,323.2581805183541,15,0.4999999999999999,0.8660254037844387,1.0,6.123233995736766e-17,1,307.4117754191316
2026,1,15,6,1000.0,18.75,72.5,138.57988146117685,296.28033447265625,0.0113929696381092,18.19072429326744,339.20942451778603,15,0.4999999999999999,0.8660254037844387,1.0,6.123233995736766e-17,1,326.8840967593425
2026,1,15,6,1000.0,18.75,72.75,137.34347555294113,296.29791259765625,0.0108398385345935,17.313340566010687,335.457012978515,15,0.4999999999999999,0.8660254037844387,1.0,6.123233995736766e-17,1,322.66669206595725
2026,1,15,6,1000.0,18.75,73.0,134.67946694653628,299.33502197265625,0.0097898431122303,15.646211186600054,324.3745802411553,15,0.4999999999999999,0.8660254037844387,1.0,6.123233995736766e-17,1,307.71674685857556
2026,1,15,6,925.0,19.25,72.5,818.3260450179216,295.34234619140625,0.0028546268586069,4.237872945094784,261.1619535494203,15,0.4999999999999999,0.8660254037844387,1.0,6.123233995736766e-17,1,279.8084188501293
2026,1,15,6,925.0,19.25,72.75,818.3770308285705,295.34820556640625,0.0048201493918895,7.1472921278521655,273.5971598335498,15,0.4999999999999999,0.8660254037844387,1.0,6.123233995736766e-17,1,277.05732425823504
2026,1,15,6,925.0,19.25,73.0,818.1603411333126,295.49273681640625,0.0060642175376415,8.985216466508351,281.29971989970625,15,0.4999999999999999,0.8660254037844387,1.0,6.123233995736766e-17,1,274.061345584526
2026,1,15,6,925.0,19.0,72.5,818.2240733966238,295.59039306640625,0.0030811245087534,4.573494503740511,262.36037832062664,15,0.4999999999999999,0.8660254037844387,1.0,6.123233995736766e-17,1,280.3535368267477
2026,1,15,6,925.0,19.0,72.75,818.0966088700015,295.67828369140625,0.0048854760825634,7.243871457888477,273.6697062695396,15,0.4999999999999999,0.8660254037844387,1.0,6.123233995736766e-17,1,277.4465829950052
2026,1,15,6,925.0,19.0,73.0,818.0456230593526,295.63922119140625,0.0066702775657176,9.8795767364673,284.95811248511137,15,0.4999999999999999,0.8660254037844387,1.0,6.123233995736766e-17,1,274.78781434272224
2026,1,15,6,925.0,18.75,72.5,818.0073837013659,295.84234619140625,0.0033576900605112,4.98318105863985,263.86630874565634,15,0.4999999999999999,0.8660254037844387,1.0,6.123233995736766e-17,1,280.4589981014742
2026,1,15,6,925.0,18.75,72.75,817.8161869114326,295.89508056640625,0.0051114968955516,7.577962860243366,274.8698731446992,15,0.4999999999999999,0.8660254037844387,1.0,6.123233995736766e-17,1,277.86973671485725
2026,1,15,6,925.0,18.75,73.0,817.8671727220815,295.70172119140625,0.0073278360068798,10.849191146319002,289.0251609043977,15,0.4999999999999999,0.8660254037844387,1.0,6.123233995736766e-17,1,275.98437364270256
2026,1,15,6,850.0,19.25,72.5,1543.9244352046826,289.22186279296875,0.0043315961956977,5.903842682823567,254.38600171101075,15,0.4999999999999999,0.8660254037844387,1.0,6.123233995736766e-17,1,247.66365499895116
2026,1,15,6,850.0,19.25,72.75,1544.740208175065,289.40545654296875,0.0050869062542915,6.930136173468179,258.7784680005983,15,0.4999999999999999,0.8660254037844387,1.0,6.123233995736766e-17,1,246.19927632902656
2026,1,15,6,850.0,19.25,73.0,1545.262812734216,289.46600341796875,0.0056943967938423,7.754895501414453,262.38936385421766,15,0.4999999999999999,0.8660254037844387,1.0,6.123233995736766e-17,1,245.6307874778108
2026,1,15,6,850.0,19.0,72.5,1544.3833075005227,289.29803466796875,0.0051083639264106,6.959278517872373,259.01590165010765,15,0.4999999999999999,0.8660254037844387,1.0,6.123233995736766e-17,1,247.65830534267127
2026,1,15,6,850.0,19.0,72.75,1545.0078836809716,289.46600341796875,0.0057034566998481,7.767191086961964,262.44409857634747,15,0.4999999999999999,0.8660254037844387,1.0,6.123233995736766e-17,1,246.1939266727467
2026,1,15,6,850.0,19.0,73.0,1545.5687275981095,289.54998779296875,0.0062184408307075,8.465876311659311,265.4663960535577,15,0.4999999999999999,0.8660254037844387,1.0,6.123233995736766e-17,1,245.62543782153094
2026,1,15,6,850.0,18.75,72.5,1544.8804191543495,289.44451904296875,0.0057768896222114,7.866845064851105,262.9098284883167,15,0.4999999999999999,0.8660254037844387,1.0,6.123233995736766e-17,1,247.67654522984918
2026,1,15,6,850.0,18.75,72.75,1545.2755591868784,289.59686279296875,0.0062394216656684,8.494332028817254,265.54388967014586,15,0.4999999999999999,0.8660254037844387,1.0,6.123233995736766e-17,1,246.1954735038367
2026,1,15,6,850.0,18.75,73.0,1545.823656651354,289.70233154296875,0.0066924169659614,9.108540578455512,268.1632036269328,15,0.4999999999999999,0.8660254037844387,1.0,6.123233995736766e-17,1,245.61940628506733
2026,1,15,12,1000.0,19.25,72.5,104.77113564997988,296.0057373046875,0.0118092857301235,18.850703993484107,342.4054375733182,15,0.4999999999999999,0.8660254037844387,1.2246467991473532e-16,-1.0,1,324.3731005148841
2026,1,15,12,1000.0,19.25,72.75,103.12684325655296,297.8240966796875,0.011613305658102,18.54006101384725,338.52160084949577,15,0.4999999999999999,0.8660254037844387,1.2246467991473532e-16,-1.0,1,323.9058464066624
2026,1,15,12,1000.0,19.25,73.0,100.56480627144592,301.2147216796875,0.0099086128175258,15.834893770522015,322.7221227897793,15,0.4999999999999999,0.8660254037844387,1.2246467991473532e-16,-1.0,1,316.2092341378682
2026,1,15,12,1000.0,19.0,72.5,104.04458784823308,296.5272216796875,0.0118603073060512,18.93156493057838,342.0054094932558,15,0.4999999999999999,0.8660254037844387,1.2246467991473532e-16,-1.0,1,325.3788302177337
2026,1,15,12,1000.0,19.0,72.75,102.34930964415727,297.4041748046875,0.0122227035462856,19.505761063160747,343.18227885530524,15,0.4999999999999999,0.8660254037844387,1.2246467991473532e-16,-1.0,1,325.2080895915084
2026,1,15,12,1000.0,19.0,73.0,100.04220171229473,300.2596435546875,0.0108689628541469,17.359552554176602,330.2643175224891,15,0.4999999999999999,0.8660254037844387,1.2246467991473532e-16,-1.0,1,317.88893998663207
2026,1,15,12,1000.0,18.75,72.5,103.61120845771748,297.0350341796875,0.0120276771485805,19.19678408351924,342.4048923099015,15,0.4999999999999999,0.8660254037844387,1.2246467991473532e-16,-1.0,1,326.4132414777205
2026,1,15,12,1000.0,18.75,72.75,101.85219799033057,297.1678466796875,0.0123156867921352,19.653047233876546,344.14277988399147,15,0.4999999999999999,0.8660254037844387,1.2246467991473532e-16,-1.0,1,325.9170853079507
2026,1,15,12,1000.0,18.75,73.0,100.01670880697029,299.4862060546875,0.0114149414002895,18.22556409046837,334.9046642142289,15,0.4999999999999999,0.8660254037844387,1.2246467991473532e-16,-1.0,1,320.69479418968666
2026,1,15,12,925.0,19.25,72.5,786.8111378822024,296.5447692871094,0.0043322071433067,6.4256737770420695,269.309563090246,15,0.4999999999999999,0.8660254037844387,1.2246467991473532e-16,-1.0,1,282.7142255593531
2026,1,15,12,925.0,19.25,72.75,786.9768417668114,296.9275817871094,0.0056702122092247,8.403432281638029,277.29448041461234,15,0.4999999999999999,0.8660254037844387,1.2246467991473532e-16,-1.0,1,280.49808261568774
2026,1,15,12,925.0,19.25,73.0,786.390504944349,297.2478942871094,0.0067659839987754,10.020750336808767,283.7849785804053,15,0.4999999999999999,0.8660254037844387,1.2246467991473532e-16,-1.0,1,279.206489966224
2026,1,15,12,925.0,19.0,72.5,786.6071946396069,296.6346130371094,0.0045725330710411,6.781145402449515,270.7265933825606,15,0.4999999999999999,0.8660254037844387,1.2246467991473532e-16,-1.0,1,282.7911844073591
2026,1,15,12,925.0,19.0,72.75,786.5434623762957,297.0291442871094,0.005905769765377,8.75128750045541,278.6581633343516,15,0.4999999999999999,0.8660254037844387,1.2246467991473532e-16,-1.0,1,280.4054331506375
2026,1,15,12,925.0,19.0,73.0,785.8041681218867,297.1346130371094,0.0072566494345664,10.744258970607232,286.9659567684277,15,0.4999999999999999,0.8660254037844387,1.2246467991473532e-16,-1.0,1,279.13480077016374
2026,1,15,12,925.0,18.75,72.5,786.4669836603224,296.7596130371094,0.0045668110251426,6.772682995661499,270.564613912589,15,0.4999999999999999,0.8660254037844387,1.2246467991473532e-16,-1.0,1,282.9876720911968
2026,1,15,12,925.0,18.75,72.75,786.3012797757135,297.1385192871094,0.0060206875205039,8.920954134523704,279.2587594245892,15,0.4999999999999999,0.8660254037844387,1.2246467991473532e-16,-1.0,1,280.5539884757413
2026,1,15,12,925.0,18.75,73.0,785.4982532579934,297.0447692871094,0.0076152309775352,11.272732232242529,289.3005104503062,15,0.4999999999999999,0.8660254037844387,1.2246467991473532e-16,-1.0,1,279.1563471214553
2026,1,15,12,850.0,19.25,72.5,1515.5432633723035,291.1463623046875,0.0030052764341235,4.0994020431881495,244.59147599018647,15,0.4999999999999999,0.8660254037844387,1.2246467991473532e-16,-1.0,1,243.23094143194837
2026,1,15,12,850.0,19.25,72.75,1516.9963589757972,291.2401123046875,0.0041453940793871,5.650692226131547,251.3287454273717,15,0.4999999999999999,0.8660254037844387,1.2246467991473532e-16,-1.0,1,241.06667131652986
2026,1,15,12,850.0,19.25,73.0,1517.6464280615703,291.3690185546875,0.0058524711057543,7.96940554559814,261.3941006847919,15,0.4999999999999999,0.8660254037844387,1.2246467991473532e-16,-1.0,1,240.80424035753458
2026,1,15,12,850.0,19.0,72.5,1515.6069956356148,291.1717529296875,0.0033881766721606,4.620630847552184,246.8617575993622,15,0.4999999999999999,0.8660254037844387,1.2246467991473532e-16,-1.0,1,243.28438303328969
2026,1,15,12,850.0,19.0,72.75,1516.9453731651483,291.3221435546875,0.0044024093076586,6.000101412281089,252.7866443949453,15,0.4999999999999999,0.8660254037844387,1.2246467991473532e-16,-1.0,1,241.79759580892647
2026,1,15,12,850.0,19.0,73.0,1517.391499008326,291.4530029296875,0.0062425239011645,8.498539442339867,263.6321627066324,15,0.4999999999999999,0.8660254037844387,1.2246467991473532e-16,-1.0,1,241.64793589710354
2026,1,15,12,850.0,18.75,72.5,1515.900164046846,291.1346435546875,0.0040385825559496,5.505451186059281,250.78963781121823,15,0.4999999999999999,0.8660254037844387,1.2246467991473532e-16,-1.0,1,243.0038831793548
2026,1,15,12,850.0,18.75,72.75,1517.1110770497571,291.3084716796875,0.0050342185422778,6.858576107865199,256.57312219557195,15,0.4999999999999999,0.8660254037844387,1.2246467991473532e-16,-1.0,1,241.61114727692092
2026,1,15,12,850.0,18.75,73.0,1517.4169919136505,291.5975341796875,0.0064418418332934,8.768831689656228,264.6687048079875,15,0.4999999999999999,0.8660254037844387,1.2246467991473532e-16,-1.0,1,241.51522377032893
2026,1,15,18,1000.0,19.25,72.5,123.20362649324694,296.1404113769531,0.0117325857281684,18.72913754036247,341.6962026619587,15,0.4999999999999999,0.8660254037844387,-1.0,-1.8369701987210294e-16,1,325.90875811550677
2026,1,15,18,1000.0,19.25,72.75,122.56630386013572,296.2068176269531,0.0103344991803169,16.511252334968024,332.17291392005563,15,0.4999999999999999,0.8660254037844387,-1.0,-1.8369701987210294e-16,1,326.4034880217613
2026,1,15,18,1000.0,19.25,73.0,122.069192206309,297.1560363769531,0.0091362074017524,14.60733307982676,322.8458845935228,15,0.4999999999999999,0.8660254037844387,-1.0,-1.8369701987210294e-16,1,323.6039671706161
2026,1,15,18,1000.0,19.0,72.5,123.26735875655804,296.3220520019531,0.0127220228314399,20.29649280910272,348.09601873897947,15,0.4999999999999999,0.8660254037844387,-1.0,-1.8369701987210294e-16,1,326.5663234070596
2026,1,15,18,1000.0,19.0,72.75,122.43883933351349,296.4158020019531,0.0111684873700141,17.83471824755125,337.507745650503,15,0.4999999999999999,0.8660254037844387,-1.0,-1.8369701987210294e-16,1,327.11601500296996
2026,1,15,18,1000.0,19.0,73.0,121.80151670040227,297.3845520019531,0.009931094944477,15.870606782036448,327.87849083712024,15,0.4999999999999999,0.8660254037844387,-1.0,-1.8369701987210294e-16,1,324.69952168135603
2026,1,15,18,1000.0,18.75,72.5,123.29285166188252,296.6404113769531,0.013072021305561,20.85047338416132,349.978245640007,15,0.4999999999999999,0.8660254037844387,-1.0,-1.8369701987210294e-16,1,328.7408581345491
2026,1,15,18,1000.0,18.75,72.75,122.14567092228232,296.6423645019531,0.0118517950177192,18.91807467779017,341.7843161369908,15,0.4999999999999999,0.8660254037844387,-1.0,-1.8369701987210294e-16,1,328.9654484196373
2026,1,15,18,1000.0,18.75,73.0,121.29165859391333,297.7888488769531,0.0108437612652778,17.319564915451387,333.437224496162,15,0.4999999999999999,0.8660254037844387,-1.0,-1.8369701987210294e-16,1,326.99903402441623
2026,1,15,18,925.0,19.25,72.5,804.7897106172852,296.3873291015625,0.0054710358381271,8.109224847713568,276.615620600426,15,0.4999999999999999,0.8660254037844387,-1.0,-1.8369701987210294e-16,1,274.40708767372666
2026,1,15,18,925.0,19.25,72.75,805.0446396705297,296.7154541015625,0.0062683075666427,9.28646456888984,281.25930834174983,15,0.4999999999999999,0.8660254037844387,-1.0,-1.8369701987210294e-16,1,273.5693731131227
2026,1,15,18,925.0,19.25,73.0,805.1593577444897,296.9576416015625,0.0066607445478439,9.865513980832707,283.4471255995633,15,0.4999999999999999,0.8660254037844387,-1.0,-1.8369701987210294e-16,1,274.20776155422
2026,1,15,18,925.0,19.0,72.5,804.9299215965697,296.4830322265625,0.0053899735212326,7.989465739260499,276.00703937022723,15,0.4999999999999999,0.8660254037844387,-1.0,-1.8369701987210294e-16,1,275.33272214874023
2026,1,15,18,925.0,19.0,72.75,805.0573861231919,296.6959228515625,0.0062091797590255,9.199196334129711,280.91063488946713,15,0.4999999999999999,0.8660254037844387,-1.0,-1.8369701987210294e-16,1,274.49169887007906
2026,1,15,18,925.0,19.0,73.0,805.1211183865031,296.9674072265625,0.0069983452558517,10.36343119770161,285.5423840579274,15,0.4999999999999999,0.8660254037844387,-1.0,-1.8369701987210294e-16,1,275.17271699156396
2026,1,15,18,925.0,18.75,72.5,804.942668049232,296.5845947265625,0.0052593201398849,7.796417479143165,275.0823070356033,15,0.4999999999999999,0.8660254037844387,-1.0,-1.8369701987210294e-16,1,276.2232960210286
2026,1,15,18,925.0,18.75,72.75,805.0064003125431,296.7388916015625,0.0060584992170333,8.976774838676102,279.9221285885375,15,0.4999999999999999,0.8660254037844387,-1.0,-1.8369701987210294e-16,1,275.7182967465181
2026,1,15,18,925.0,18.75,73.0,805.0318932178675,297.0064697265625,0.0073340386152267,10.858333638976124,287.5917152700497,15,0.4999999999999999,0.8660254037844387,-1.0,-1.8369701987210294e-16,1,276.7828224973911
2026,1,15,18,850.0,19.25,72.5,1534.819086410752,291.43310546875,0.0051482133567333,7.01339728173781,257.1304353315996,15,0.4999999999999999,0.8660254037844387,-1.0,-1.8369701987210294e-16,1,243.3667869821785
2026,1,15,18,850.0,19.25,72.75,1535.72408454977,291.25341796875,0.0069139413535594,9.40877908398226,267.84082854021824,15,0.4999999999999999,0.8660254037844387,-1.0,-1.8369701987210294e-16,1,241.5545802849975
2026,1,15,18,850.0,19.25,73.0,1536.3359142775566,290.96240234375,0.0081494264304637,11.081792908547357,275.52127791842577,15,0.4999999999999999,0.8660254037844387,-1.0,-1.8369701987210294e-16,1,241.21218031830412
2026,1,15,18,850.0,19.0,72.5,1535.15049417997,291.59521484375,0.0049779824912548,6.782191673466732,255.95611927027107,15,0.4999999999999999,0.8660254037844387,-1.0,-1.8369701987210294e-16,1,243.41935413563056
2026,1,15,18,850.0,19.0,72.75,1535.902534887041,291.48974609375,0.0064919404685497,8.836759487811925,265.0790059457329,15,0.4999999999999999,0.8660254037844387,-1.0,-1.8369701987210294e-16,1,242.22183890023493
2026,1,15,18,850.0,19.0,73.0,1536.4888717095034,291.20849609375,0.0077774934470653,10.578408434315698,273.0330977767496,15,0.4999999999999999,0.8660254037844387,-1.0,-1.8369701987210294e-16,1,241.99220998071385
2026,1,15,18,850.0,18.75,72.5,1535.5328877598365,291.69287109375,0.0049260072410106,6.711589980739715,255.55096164281787,15,0.4999999999999999,0.8660254037844387,-1.0,-1.8369701987210294e-16,1,243.12256157665058
2026,1,15,18,850.0,18.75,72.75,1536.1702103929476,291.64599609375,0.0064413957297801,8.76822680777814,264.61568225365033,15,0.4999999999999999,0.8660254037844387,-1.0,-1.8369701987210294e-16,1,241.99318843845904
2026,1,15,18,850.0,18.75,73.0,1536.705561404761,291.43701171875,0.0075877122581005,10.321466001055423,271.65417843988064,15,0.4999999999999999,0.8660254037844387,-1.0,-1.8369701987210294e-16,1,241.8179173785885
2026,1,25,0,1000.0,19.25,72.5,118.70405401723576,294.5281677246094,0.0122958049178123,19.62155558198704,347.84235940815125,25,0.4999999999999999,0.8660254037844387,0.0,1.0,1,320.3511524057676
2026,1,25,0,1000.0,19.25,72.75,118.04123847880012,293.9500427246094,0.0116191729903221,18.549362238440946,344.0642951819581,25,0.4999999999999999,0.8660254037844387,0.0,1.0,1,314.7574045312565
2026,1,25,0,1000.0,19.25,73.0,117.49314101432446,293.4715270996094,0.0109864100813865,17.545891315676535,340.410160686806,25,0.4999999999999999,0.8660254037844387,0.0,1.0,1,312.7581229974337
2026,1,25,0,1000.0,19.0,72.5,117.96475976282676,294.8582458496094,0.0125089511275291,19.95912656316785,348.8068890924254,25,0.4999999999999999,0.8660254037844387,0.0,1.0,1,321.47706554536836
2026,1,25,0,1000.0,19.0,72.75,117.22546550841776,294.3211364746094,0.0122648105025291,19.572460849978345,347.93502989053417,25,0.4999999999999999,0.8660254037844387,0.0,1.0,1,314.0958737040727
2026,1,25,0,1000.0,19.0,73.0,116.8685648338755,293.8738708496094,0.0115676745772361,18.46772181334873,343.8216288514212,25,0.4999999999999999,0.8660254037844387,0.0,1.0,1,309.66645845027074
2026,1,25,0,1000.0,18.75,72.5,117.19997260309331,295.1766052246094,0.0127569064497947,20.351717390456947,350.01911249450325,25,0.4999999999999999,0.8660254037844387,0.0,1.0,1,322.5801498336118
2026,1,25,0,1000.0,18.75,72.75,116.26948155875095,294.6082458496094,0.0124855861067771,19.922126373639585,349.0165973524443,25,0.4999999999999999,0.8660254037844387,0.0,1.0,1,314.3503687369672
2026,1,25,0,1000.0,18.75,73.0,115.874341526222,294.4695739746094,0.0120426043868064,19.22043562078508,346.2029151805117,25,0.4999999999999999,0.8660254037844387,0.0,1.0,1,312.9770611314496
2026,1,25,0,925.0,19.25,72.5,793.1698252907466,292.5688171386719,0.0070239230990409,10.401146905214436,290.66858785545105,25,0.4999999999999999,0.8660254037844387,0.0,1.0,1,268.99690819283705
2026,1,25,0,925.0,19.25,72.75,793.0933465747732,293.1469421386719,0.0071827098727226,10.635259195124355,291.0223011019289,25,0.4999999999999999,0.8660254037844387,0.0,1.0,1,269.3571109889497
2026,1,25,0,925.0,19.25,73.0,792.8639104268533,293.3988952636719,0.0075794383883476,11.219991835527122,293.2664467990745,25,0.4999999999999999,0.8660254037844387,0.0,1.0,1,270.9317320107501
2026,1,25,0,925.0,19.0,72.5,792.7491923528933,292.8969421386719,0.0069242641329765,10.25418858286371,289.6532805931918,25,0.4999999999999999,0.8660254037844387,0.0,1.0,1,269.71396578957206
2026,1,25,0,925.0,19.0,72.75,792.6089813736088,293.3129577636719,0.0070129558444023,10.384975326244142,289.74634535820684,25,0.4999999999999999,0.8660254037844387,0.0,1.0,1,269.89045244005644
2026,1,25,0,925.0,19.0,73.0,792.570742015622,293.6235046386719,0.0074192211031913,10.98388359646926,291.9834494860208,25,0.4999999999999999,0.8660254037844387,0.0,1.0,1,271.34522767290986
2026,1,25,0,925.0,18.75,72.5,792.2520806990665,293.2035827636719,0.0068026706576347,10.074861356947252,288.5257082331715,25,0.4999999999999999,0.8660254037844387,0.0,1.0,1,270.1967561019437
2026,1,25,0,925.0,18.75,72.75,792.1373626251064,293.5785827636719,0.0069366618990898,10.272471444845465,288.9566005239157,25,0.4999999999999999,0.8660254037844387,0.0,1.0,1,270.22943340189545
2026,1,25,0,925.0,18.75,73.0,792.111869719782,293.8090515136719,0.0074039623141288,10.961394710296906,291.6718908998436,25,0.4999999999999999,0.8660254037844387,0.0,1.0,1,272.0472947845028
2026,1,25,0,850.0,19.25,72.5,1515.35764315541,287.9678955078125,0.0073002651333808,9.932182481714204,273.7283951587895,25,0.4999999999999999,0.8660254037844387,0.0,1.0,1,252.40772956533397
2026,1,25,0,850.0,19.25,72.75,1516.0204586938455,288.0010986328125,0.0077236965298652,10.50557943629348,276.2702397757911,25,0.4999999999999999,0.8660254037844387,0.0,1.0,1,252.8773825779176
2026,1,25,0,850.0,19.25,73.0,1516.3646129157255,288.1983642578125,0.007389910519123,10.05360184699984,274.0190730288198,25,0.4999999999999999,0.8660254037844387,0.0,1.0,1,252.91091354998585
2026,1,25,0,850.0,19.0,72.5,1515.3703896080722,288.0264892578125,0.0073765590786933,10.035518946457382,274.12824325794287,25,0.4999999999999999,0.8660254037844387,0.0,1.0,1,253.9505279667314
2026,1,25,0,850.0,19.0,72.75,1515.9184870725478,288.1104736328125,0.0075272396206855,10.239580441169558,274.9521485728621,25,0.4999999999999999,0.8660254037844387,0.0,1.0,1,254.82926585736814
2026,1,25,0,850.0,19.0,73.0,1516.4155987263746,288.3018798828125,0.0072778537869453,9.901825582367348,273.2233698887292,25,0.4999999999999999,0.8660254037844387,0.0,1.0,1,254.98841017134814
2026,1,25,0,850.0,18.75,72.5,1515.3321502500855,288.1339111328125,0.0073059871792793,9.939933047490763,273.5797757716177,25,0.4999999999999999,0.8660254037844387,0.0,1.0,1,254.75779587301852
2026,1,25,0,850.0,18.75,72.75,1515.7527831879388,288.2237548828125,0.0073632076382637,10.01743575377655,273.8285699077381,25,0.4999999999999999,0.8660254037844387,0.0,1.0,1,255.41122296742546
2026,1,25,0,850.0,18.75,73.0,1516.27538774709,288.4366455078125,0.0071781948208808,9.766824293266382,272.4696951341476,25,0.4999999999999999,0.8660254037844387,0.0,1.0,1,255.4849140567275
2026,1,25,6,1000.0,19.25,72.5,145.08428173579918,295.1390991210937,0.0122194439172744,19.50059748617619,346.4300977783802,25,0.4999999999999999,0.8660254037844387,1.0,6.123233995736766e-17,1,321.3797187616854
2026,1,25,6,1000.0,19.25,72.75,143.91160809087458,297.1098022460937,0.0113949924707412,18.19393186153661,338.06078723892585,25,0.4999999999999999,0.8660254037844387,1.0,6.123233995736766e-17,1,312.7162200546665
2026,1,25,6,1000.0,19.25,73.0,143.2360460997767,299.0414428710937,0.0105080753564834,16.78681231018608,329.5145477931172,25,0.4999999999999999,0.8660254037844387,1.0,6.123233995736766e-17,1,306.47870276536145
2026,1,25,6,1000.0,19.0,72.5,144.20477650210572,295.2152709960937,0.0126280933618545,20.147780638406367,349.0890350008192,25,0.4999999999999999,0.8660254037844387,1.0,6.123233995736766e-17,1,321.8680121675658
2026,1,25,6,1000.0,19.0,72.75,143.4399893423723,296.1840209960937,0.012033000588417,19.205218883264564,343.6584269824941,25,0.4999999999999999,0.8660254037844387,1.0,6.123233995736766e-17,1,316.1432474717378
2026,1,25,6,1000.0,19.0,73.0,142.38203377140766,298.4691772460937,0.0107965618371963,17.24466978916774,332.1979243533368,25,0.4999999999999999,0.8660254037844387,1.0,6.123233995736766e-17,1,306.5951461675869
2026,1,25,6,1000.0,18.75,72.5,143.5674538689945,295.2797241210937,0.0131321102380752,20.945559144723006,352.4069211821793,25,0.4999999999999999,0.8660254037844387,1.0,6.123233995736766e-17,1,327.89493078950625
2026,1,25,6,1000.0,18.75,72.75,142.91738478322108,295.5648803710937,0.0124673992395401,19.89332544055088,347.48777595226386,25,0.4999999999999999,0.8660254037844387,1.0,6.123233995736766e-17,1,320.21597088840065
2026,1,25,6,1000.0,18.75,73.0,140.89069880992744,298.3969116210937,0.0105891376733779,16.915482591664837,330.9168702354382,25,0.4999999999999999,0.8660254037844387,1.0,6.123233995736766e-17,1,307.47949418109704
2026,1,25,6,925.0,19.25,72.5,821.8064240846772,293.63983154296875,0.0067258588969707,9.961565030802662,287.54210002624444,25,0.4999999999999999,0.8660254037844387,1.0,6.123233995736766e-17,1,269.7817016428615
2026,1,25,6,925.0,19.25,72.75,822.1505783065573,293.80584716796875,0.0072928182780742,10.797574585185965,290.9677157552753,25,0.4999999999999999,0.8660254037844387,1.0,6.123233995736766e-17,1,270.8164439319006
2026,1,25,6,925.0,19.25,73.0,822.0231137799351,293.80194091796875,0.0076947920024394,11.389957259149154,293.5319800415589,25,0.4999999999999999,0.8660254037844387,1.0,6.123233995736766e-17,1,271.58688143528474
2026,1,25,6,925.0,19.0,72.5,821.3220588835128,293.72967529296875,0.0069113485515117,10.23514181197669,288.62372050105205,25,0.4999999999999999,0.8660254037844387,1.0,6.123233995736766e-17,1,270.74952879062363
2026,1,25,6,925.0,19.0,72.75,821.4622698627973,293.95428466796875,0.0072541944682598,10.740640079775186,290.55147043227754,25,0.4999999999999999,0.8660254037844387,1.0,6.123233995736766e-17,1,271.6512466003632
2026,1,25,6,925.0,19.0,73.0,821.5642414840951,293.92108154296875,0.0076046697795391,11.257170539634492,292.8197283867653,25,0.4999999999999999,0.8660254037844387,1.0,6.123233995736766e-17,1,272.22958457263906
2026,1,25,6,925.0,18.75,72.5,820.7739614190372,293.88592529296875,0.0070791952311992,10.482644221760406,289.5156390259726,25,0.4999999999999999,0.8660254037844387,1.0,6.123233995736766e-17,1,271.46131013020255
2026,1,25,6,925.0,18.75,72.75,820.8631865876727,294.04608154296875,0.0073867551982402,10.936033820268486,291.28921944826305,25,0.4999999999999999,0.8660254037844387,1.0,6.123233995736766e-17,1,272.27134150292324
2026,1,25,6,925.0,18.75,73.0,821.2710730728638,293.86248779296875,0.008238386362791,12.190586107601233,296.9195758271729,25,0.4999999999999999,0.8660254037844387,1.0,6.123233995736766e-17,1,273.08749693931713
2026,1,25,6,850.0,19.25,72.5,1545.2652026940902,288.2601318359375,0.007108274847269,9.672098695205444,272.23815620039085,25,0.4999999999999999,0.8660254037844387,1.0,6.123233995736766e-17,1,253.19041855074272
2026,1,25,6,850.0,19.25,72.75,1545.7368214425926,288.2913818359375,0.0071020759642124,9.66370023736028,272.1662489036015,25,0.4999999999999999,0.8660254037844387,1.0,6.123233995736766e-17,1,253.5664718379294
2026,1,25,6,850.0,19.25,73.0,1545.966257590513,288.2972412109375,0.00704962387681,9.592633841147652,271.840908305363,25,0.4999999999999999,0.8660254037844387,1.0,6.123233995736766e-17,1,253.55072000772896
2026,1,25,6,850.0,19.0,72.5,1545.0102736408458,288.3812255859375,0.0070238746702671,9.557745050250327,271.5927267613844,25,0.4999999999999999,0.8660254037844387,1.0,6.123233995736766e-17,1,253.97673065632242
2026,1,25,6,850.0,19.0,72.75,1545.3926672207126,288.4085693359375,0.0069785751402378,9.496363982842931,271.28766368371146,25,0.4999999999999999,0.8660254037844387,1.0,6.123233995736766e-17,1,254.63965099848545
2026,1,25,6,850.0,19.0,73.0,1545.698582084606,288.4124755859375,0.0070052780210971,9.532546913971688,271.4456625390192,25,0.4999999999999999,0.8660254037844387,1.0,6.123233995736766e-17,1,254.76060373768817
2026,1,25,6,850.0,18.75,72.5,1544.8190768509126,288.5179443359375,0.0069118179380893,9.4059015387808,270.76333204536223,25,0.4999999999999999,0.8660254037844387,1.0,6.123233995736766e-17,1,254.2552069204884
2026,1,25,6,850.0,18.75,72.75,1545.0612594514948,288.5140380859375,0.0068407692015171,9.309615622281326,270.33611142414486,25,0.4999999999999999,0.8660254037844387,1.0,6.123233995736766e-17,1,254.679569875532
2026,1,25,6,850.0,18.75,73.0,1545.481892389348,288.4847412109375,0.006929937750101,9.430456353461052,270.9093994266787,25,0.4999999999999999,0.8660254037844387,1.0,6.123233995736766e-17,1,254.7310669761328
2026,1,25,12,1000.0,19.25,72.5,112.44601877297548,295.4130859375,0.0132564380764961,21.14227578223192,353.0481923321995,25,0.4999999999999999,0.8660254037844387,1.2246467991473532e-16,-1.0,1,320.214769446519
2026,1,25,12,1000.0,19.25,72.75,111.28609158071308,297.5029296875,0.0128282383084297,20.464636287841984,347.082060929716,25,0.4999999999999999,0.8660254037844387,1.2246467991473532e-16,-1.0,1,317.8249026852098
2026,1,25,12,1000.0,19.25,73.0,109.3358843233928,300.7353515625,0.0106595829129219,17.027290148422413,328.2581546169562,25,0.4999999999999999,0.8660254037844387,1.2246467991473532e-16,-1.0,1,312.71263634572233
2026,1,25,12,1000.0,19.0,72.5,112.01263938245988,295.8896484375,0.0133503749966621,21.290887098298416,352.96740329174406,25,0.4999999999999999,0.8660254037844387,1.2246467991473532e-16,-1.0,1,320.3430567677268
2026,1,25,12,1000.0,19.0,72.75,110.96743026415749,297.1357421875,0.0131801441311836,21.021563848775408,349.9705476175453,25,0.4999999999999999,0.8660254037844387,1.2246467991473532e-16,-1.0,1,316.1387919813369
2026,1,25,12,1000.0,19.0,73.0,109.28489851274392,299.7255859375,0.0115674808621406,18.467414707262467,335.58087501124083,25,0.4999999999999999,0.8660254037844387,1.2246467991473532e-16,-1.0,1,312.926324092639
2026,1,25,12,1000.0,18.75,72.5,111.78320323453984,296.3603515625,0.0134233310818672,21.40629442770589,352.75307187318833,25,0.4999999999999999,0.8660254037844387,1.2246467991473532e-16,-1.0,1,321.0936615552082
2026,1,25,12,1000.0,18.75,72.75,110.6997547582508,296.9931640625,0.0125459507107734,20.01771592913242,345.9361544357336,25,0.4999999999999999,0.8660254037844387,1.2246467991473532e-16,-1.0,1,316.2863899489557
2026,1,25,12,1000.0,18.75,73.0,109.25940560741948,299.0517578125,0.0116781070828437,18.64278421887636,337.24159678122976,25,0.4999999999999999,0.8660254037844387,1.2246467991473532e-16,-1.0,1,315.0226762210332
2026,1,25,12,925.0,19.25,72.5,792.9949598932867,295.13818359375,0.007082711905241,10.487829281408624,288.11817119499113,25,0.4999999999999999,0.8660254037844387,1.2246467991473532e-16,-1.0,1,274.6254055383664
2026,1,25,12,925.0,19.25,72.75,793.3900999258157,295.48779296875,0.0075318925082683,11.14992942719984,290.5526903866805,25,0.4999999999999999,0.8660254037844387,1.2246467991473532e-16,-1.0,1,275.35961146870585
2026,1,25,12,925.0,19.25,73.0,793.1861566832201,295.71630859375,0.0080468766391277,11.908582516220577,293.527333201616,25,0.4999999999999999,0.8660254037844387,1.2246467991473532e-16,-1.0,1,277.69454470867953
2026,1,25,12,925.0,19.0,72.5,792.7655237453667,295.15771484375,0.0072629563510417,10.753556011120832,289.23385522080395,25,0.4999999999999999,0.8660254037844387,1.2246467991473532e-16,-1.0,1,273.7816402578083
2026,1,25,12,925.0,19.0,72.75,792.9822134406245,295.59130859375,0.0070407502353191,10.42595865576447,287.3436377037789,25,0.4999999999999999,0.8660254037844387,1.2246467991473532e-16,-1.0,1,274.3049070218336
2026,1,25,12,925.0,19.0,73.0,792.6890450293934,295.54638671875,0.0079600922763347,11.780768530346473,293.1795120264563,25,0.4999999999999999,0.8660254037844387,1.2246467991473532e-16,-1.0,1,277.23772851938327
2026,1,25,12,925.0,18.75,72.5,792.49784823946,295.25146484375,0.0074246041476726,10.99181719869142,290.1468794926889,25,0.4999999999999999,0.8660254037844387,1.2246467991473532e-16,-1.0,1,273.6996875919558
2026,1,25,12,925.0,18.75,72.75,792.5488340501089,295.69677734375,0.0070974938571453,10.509623867078515,287.58219033744007,25,0.4999999999999999,0.8660254037844387,1.2246467991473532e-16,-1.0,1,274.243077919857
2026,1,25,12,925.0,18.75,73.0,792.1791869229044,295.45263671875,0.0080511681735515,11.914902639924987,293.86166412102324,25,0.4999999999999999,0.8660254037844387,1.2246467991473532e-16,-1.0,1,277.25916476004386
2026,1,25,12,850.0,19.25,72.5,1520.0212515232013,289.9149169921875,0.0054116658866405,7.371121488728749,260.2265880566917,25,0.4999999999999999,0.8660254037844387,1.2246467991473532e-16,-1.0,1,242.01991514173733
2026,1,25,12,850.0,19.25,72.75,1521.0537141888412,290.2039794921875,0.0052538327872753,7.156824408976005,258.9857206434848,25,0.4999999999999999,0.8660254037844387,1.2246467991473532e-16,-1.0,1,242.50366097279237
2026,1,25,12,850.0,19.25,73.0,1521.1684322628014,290.0692138671875,0.0062122754752635,8.457514275811112,264.8868403555291,25,0.4999999999999999,0.8660254037844387,1.2246467991473532e-16,-1.0,1,246.36757885091927
2026,1,25,12,850.0,19.0,72.5,1520.0212515232013,290.0184326171875,0.0054746083915233,7.456569923297845,260.5009668709158,25,0.4999999999999999,0.8660254037844387,1.2246467991473532e-16,-1.0,1,242.05059446290323
2026,1,25,12,850.0,19.0,72.75,1520.938996114881,290.3211669921875,0.0054364614188671,7.404783771046311,259.96570881845474,25,0.4999999999999999,0.8660254037844387,1.2246467991473532e-16,-1.0,1,242.6329253434255
2026,1,25,12,850.0,19.0,73.0,1520.8497709462458,290.1492919921875,0.0068483762443065,9.319925154082847,268.6244159347333,25,0.4999999999999999,0.8660254037844387,1.2246467991473532e-16,-1.0,1,246.6600465523027
2026,1,25,12,850.0,18.75,72.5,1520.0977302391746,290.0985107421875,0.0055761747062206,7.594438886292322,261.0309942087602,25,0.4999999999999999,0.8660254037844387,1.2246467991473532e-16,-1.0,1,242.5275351527986
2026,1,25,12,850.0,18.75,72.75,1520.8752638515705,290.4403076171875,0.0053630284965038,7.305088690154768,259.4048049007361,25,0.4999999999999999,0.8660254037844387,1.2246467991473532e-16,-1.0,1,243.20298714326526
2026,1,25,12,850.0,18.75,73.0,1520.6713206089746,290.3426513671875,0.0067153386771678,9.139610780841366,267.620195447801,25,0.4999999999999999,0.8660254037844387,1.2246467991473532e-16,-1.0,1,247.16848247333948
2026,1,25,18,1000.0,19.25,72.5,131.75689455624502,295.55401611328125,0.0135285779833793,21.5727638746399,354.67499309152515,25,0.4999999999999999,0.8660254037844387,-1.0,-1.8369701987210294e-16,1,323.80562155557027
2026,1,25,18,1000.0,19.25,72.75,131.78238746156944,295.38604736328125,0.01275085657835,20.34213994911997,349.66825790464736,25,0.4999999999999999,0.8660254037844387,-1.0,-1.8369701987210294e-16,1,322.2989945055309
2026,1,25,18,1000.0,19.25,73.0,131.78238746156944,296.07550048828125,0.0119063779711723,19.004575198385485,342.96058216061874,25,0.4999999999999999,0.8660254037844387,-1.0,-1.8369701987210294e-16,1,318.18499354485414
2026,1,25,18,1000.0,19.0,72.5,131.19605063910714,295.92510986328125,0.0139896795153617,22.301841117115245,357.22026347950805,25,0.4999999999999999,0.8660254037844387,-1.0,-1.8369701987210294e-16,1,326.90090419029
2026,1,25,18,1000.0,19.0,72.75,131.19605063910714,295.69268798828125,0.0133640691637992,21.31255031819736,353.3553914390608,25,0.4999999999999999,0.8660254037844387,-1.0,-1.8369701987210294e-16,1,324.58650877463384
2026,1,25,18,1000.0,19.0,73.0,131.39999388170273,296.26104736328125,0.0125710889697074,20.05752122766336,347.16989346998827,25,0.4999999999999999,0.8660254037844387,-1.0,-1.8369701987210294e-16,1,319.6103555245571
2026,1,25,18,1000.0,18.75,72.5,130.76267124859152,296.35284423828125,0.0143206045031547,22.82483818572888,358.7889824364557,25,0.4999999999999999,0.8660254037844387,-1.0,-1.8369701987210294e-16,1,331.61317014971013
2026,1,25,18,1000.0,18.75,72.75,130.5842209113204,296.00323486328125,0.0138599798083305,22.096805538620654,356.22805534294304,25,0.4999999999999999,0.8660254037844387,-1.0,-1.8369701987210294e-16,1,328.9096893126762
2026,1,25,18,1000.0,18.75,73.0,130.6352067219693,296.60284423828125,0.0130102559924125,20.752727709002176,349.6193345557101,25,0.4999999999999999,0.8660254037844387,-1.0,-1.8369701987210294e-16,1,322.56466681647714
2026,1,25,18,925.0,19.25,72.5,812.1376422504118,295.4388427734375,0.0067450329661369,9.989847514581232,285.65122917368416,25,0.4999999999999999,0.8660254037844387,-1.0,-1.8369701987210294e-16,1,270.223967930848
2026,1,25,18,925.0,19.25,72.75,812.4180642089807,295.6302490234375,0.0070349499583244,10.417406156798782,287.26342597077434,25,0.4999999999999999,0.8660254037844387,-1.0,-1.8369701987210294e-16,1,271.81971121156715
2026,1,25,18,925.0,19.25,73.0,812.3415854930073,295.4739990234375,0.0074412152171134,11.01629848699283,289.9975556564422,25,0.4999999999999999,0.8660254037844387,-1.0,-1.8369701987210294e-16,1,274.26152799116653
2026,1,25,18,925.0,19.0,72.5,811.9591919131407,295.5423583984375,0.0068866536021232,10.198723029722366,286.4282142059627,25,0.4999999999999999,0.8660254037844387,-1.0,-1.8369701987210294e-16,1,270.4709479199589
2026,1,25,18,925.0,19.0,72.75,812.1886280610606,295.6458740234375,0.006850890815258,10.145980066703668,286.0876057872324,25,0.4999999999999999,0.8660254037844387,-1.0,-1.8369701987210294e-16,1,271.9667974403622
2026,1,25,18,925.0,19.0,73.0,812.2905996823584,295.5540771484375,0.0074145123362541,10.97694371104728,289.7381867278033,25,0.4999999999999999,0.8660254037844387,-1.0,-1.8369701987210294e-16,1,274.270707682221
2026,1,25,18,925.0,18.75,72.5,811.6022912385984,295.6322021484375,0.0070649906992912,10.46170053060808,287.45027449905376,25,0.4999999999999999,0.8660254037844387,-1.0,-1.8369701987210294e-16,1,271.1537129874286
2026,1,25,18,925.0,18.75,72.75,811.8572202918429,295.6947021484375,0.0068260952830314,10.10941027209977,285.877208534739,25,0.4999999999999999,0.8660254037844387,-1.0,-1.8369701987210294e-16,1,272.4469770147614
2026,1,25,18,925.0,18.75,73.0,811.9846848184651,295.7005615234375,0.0075837895274162,11.226403362900252,290.6356027501128,25,0.4999999999999999,0.8660254037844387,-1.0,-1.8369701987210294e-16,1,274.9180705339768
2026,1,25,18,850.0,19.25,72.5,1539.7690916367976,290.1583251953125,0.005278006196022,7.189648387966915,259.17688024179307,25,0.4999999999999999,0.8660254037844387,-1.0,-1.8369701987210294e-16,1,245.07426161729023
2026,1,25,18,850.0,19.25,72.75,1540.2279639326375,289.8927001953125,0.006770983338356,9.21503310248564,268.4332033667273,25,0.4999999999999999,0.8660254037844387,-1.0,-1.8369701987210294e-16,1,247.5718140804757
2026,1,25,18,850.0,19.25,73.0,1540.1514852166642,289.5860595703125,0.0079029947519302,10.74829071730091,275.580553960664,25,0.4999999999999999,0.8660254037844387,-1.0,-1.8369701987210294e-16,1,251.18012557528206
2026,1,25,18,850.0,19.0,72.5,1539.871063258095,290.3106689453125,0.0054439455270767,7.414943957781435,260.02126059484004,25,0.4999999999999999,0.8660254037844387,-1.0,-1.8369701987210294e-16,1,245.57153363547502
2026,1,25,18,850.0,19.0,72.75,1540.1259923113398,290.0469970703125,0.0065921694040298,8.972645652365626,267.19397040808525,25,0.4999999999999999,0.8660254037844387,-1.0,-1.8369701987210294e-16,1,248.23603875471906
2026,1,25,18,850.0,19.0,73.0,1540.202471027313,289.7052001953125,0.0077985674142837,10.6069365822553,274.81935967445065,25,0.4999999999999999,0.8660254037844387,-1.0,-1.8369701987210294e-16,1,252.1555198876012
2026,1,25,18,850.0,18.75,72.5,1539.9730348793933,290.4708251953125,0.0056876093149185,7.745683835346494,261.3219540396814,25,0.4999999999999999,0.8660254037844387,-1.0,-1.8369701987210294e-16,1,245.93914658988146
2026,1,25,18,850.0,18.75,72.75,1540.075006500691,290.2540283203125,0.0066498667001724,9.050861736412443,267.3213283743516,25,0.4999999999999999,0.8660254037844387,-1.0,-1.8369701987210294e-16,1,248.7070061970229
2026,1,25,18,850.0,18.75,73.0,1540.202471027313,289.9376220703125,0.0077046304941177,10.47976714906584,273.9970347864699,25,0.4999999999999999,0.8660254037844387,-1.0,-1.8369701987210294e-16,1,252.56332647464714
2026,1,30,0,1000.0,19.25,72.5,110.2317956358058,297.6666259765625,0.0127750113606452,20.38037852770736,346.48908938408823,30,0.4999999999999999,0.8660254037844387,0.0,1.0,1,342.645181196723
2026,1,30,0,1000.0,19.25,72.75,110.27003499379248,297.6744384765625,0.0124841406941413,19.919837424601955,344.539117614522,30,0.4999999999999999,0.8660254037844387,0.0,1.0,1,336.36409818006615
2026,1,30,0,1000.0,19.25,73.0,110.92010407956592,297.5865478515625,0.0126801207661628,20.23015418720066,345.9726836699996,30,0.4999999999999999,0.8660254037844387,0.0,1.0,1,328.56953319815614
2026,1,30,0,1000.0,19.0,72.5,110.14257046717024,297.4908447265625,0.0141936019062995,22.62414670813853,356.2012469102459,30,0.4999999999999999,0.8660254037844387,0.0,1.0,1,343.2165419339599
2026,1,30,0,1000.0,19.0,72.75,109.900387866588,297.6080322265625,0.0131345465779304,20.94941430549129,348.97060062614275,30,0.4999999999999999,0.8660254037844387,0.0,1.0,1,335.78847628822933
2026,1,30,0,1000.0,19.0,73.0,109.97686658256131,297.9107666015625,0.0131765082478523,21.015810893481724,348.8054674577227,30,0.4999999999999999,0.8660254037844387,0.0,1.0,1,329.57891511935617
2026,1,30,0,1000.0,18.75,72.5,110.24454208846804,297.3385009765625,0.0151859000325202,24.191374606865104,363.0447182981719,30,0.4999999999999999,0.8660254037844387,0.0,1.0,1,343.3110313736918
2026,1,30,0,1000.0,18.75,72.75,109.63271236068128,297.5533447265625,0.0137997344136238,22.00155579859886,353.48350259664755,30,0.4999999999999999,0.8660254037844387,0.0,1.0,1,336.1246002390258
2026,1,30,0,1000.0,18.75,73.0,109.33954394945012,298.5162353515625,0.013626642525196,21.72785394716034,350.89964839859954,30,0.4999999999999999,0.8660254037844387,0.0,1.0,1,331.04097803125387
2026,1,30,0,925.0,19.25,72.5,794.7218054840339,295.94366455078125,0.0098877623677253,14.616638935586844,304.7960044106285,30,0.4999999999999999,0.8660254037844387,0.0,1.0,1,277.96637260691534
2026,1,30,0,925.0,19.25,72.75,794.8365235579938,296.47686767578125,0.0098019316792488,14.490510571285942,303.6008574177652,30,0.4999999999999999,0.8660254037844387,0.0,1.0,1,277.8395873750945
2026,1,30,0,925.0,19.25,73.0,795.2826494011717,296.55303955078125,0.0098639205098152,14.58160459082358,303.89344649797624,30,0.4999999999999999,0.8660254037844387,0.0,1.0,1,277.1764509872107
2026,1,30,0,925.0,19.0,72.5,794.2884260935182,296.03741455078125,0.0099082663655281,14.64676766496034,304.80800550215474,30,0.4999999999999999,0.8660254037844387,0.0,1.0,1,278.26774414095297
2026,1,30,0,925.0,19.0,72.75,794.3649048094916,296.26007080078125,0.0101199820637702,14.95782067764076,305.85400429057654,30,0.4999999999999999,0.8660254037844387,0.0,1.0,1,278.0287803795874
2026,1,30,0,925.0,19.0,73.0,794.7472983893583,296.44171142578125,0.0101023390889167,14.931902631762624,305.51766045972454,30,0.4999999999999999,0.8660254037844387,0.0,1.0,1,277.7193509408949
2026,1,30,0,925.0,18.75,72.5,793.880539608327,296.13507080078125,0.0097051337361335,14.348250110193511,303.41724472645825,30,0.4999999999999999,0.8660254037844387,0.0,1.0,1,278.88530590884443
2026,1,30,0,925.0,18.75,72.75,793.9187789663138,296.16241455078125,0.0100293830037117,14.824722144482168,305.40981607507445,30,0.4999999999999999,0.8660254037844387,0.0,1.0,1,278.8836901045033
2026,1,30,0,925.0,18.75,73.0,794.1099757562471,296.32452392578125,0.0102205947041511,15.105613031490243,306.40146129724644,30,0.4999999999999999,0.8660254037844387,0.0,1.0,1,278.86854555061905
2026,1,30,0,850.0,19.25,72.5,1524.662155272188,290.14239501953125,0.0100708864629268,13.67874807487938,287.9450468895626,30,0.4999999999999999,0.8660254037844387,0.0,1.0,1,263.2204476237444
2026,1,30,0,850.0,19.25,72.75,1525.1465204733524,290.13458251953125,0.0100322626531124,13.626605316307764,287.7233836220539,30,0.4999999999999999,0.8660254037844387,0.0,1.0,1,264.45230317837
2026,1,30,0,850.0,19.25,73.0,1525.4141959792591,289.96563720703125,0.0097947977483272,13.305970441663522,286.5038074649718,30,0.4999999999999999,0.8660254037844387,0.0,1.0,1,264.42460864563833
2026,1,30,0,850.0,19.0,72.5,1524.3944797662812,290.19317626953125,0.0100541971623897,13.656217551785716,287.78426066757913,30,0.4999999999999999,0.8660254037844387,0.0,1.0,1,265.9171939888576
2026,1,30,0,850.0,19.0,72.75,1524.7513804408234,290.24493408203125,0.009890642017126,13.435394384162038,286.7444154134772,30,0.4999999999999999,0.8660254037844387,0.0,1.0,1,266.80225561537
2026,1,30,0,850.0,19.0,73.0,1525.006309494068,290.11895751953125,0.0096016786992549,13.045145326736414,285.1653569877921,30,0.4999999999999999,0.8660254037844387,0.0,1.0,1,266.35441377636
2026,1,30,0,850.0,18.75,72.5,1524.1522971656989,290.26544189453125,0.0100670717656612,13.673598281077288,287.77450335734187,30,0.4999999999999999,0.8660254037844387,0.0,1.0,1,267.28601144423226
2026,1,30,0,850.0,18.75,72.75,1524.318001050308,290.34844970703125,0.0098548792302608,13.387103621089432,286.40731821422634,30,0.4999999999999999,0.8660254037844387,0.0,1.0,1,267.9045350272065
2026,1,30,0,850.0,18.75,73.0,1524.483704934917,290.30743408203125,0.0094366930425167,12.822268740141574,283.95630206485845,30,0.4999999999999999,0.8660254037844387,0.0,1.0,1,267.14789566965635
2026,1,30,6,1000.0,19.25,72.5,137.66803708293608,297.8187255859375,0.0134943835437297,21.51868070847917,351.0553278436551,30,0.4999999999999999,0.8660254037844387,1.0,6.123233995736766e-17,1,335.1485204288632
2026,1,30,6,1000.0,19.25,72.75,137.13268607112266,299.4085693359375,0.0127915255725383,20.40652094931037,344.0857628829448,30,0.4999999999999999,0.8660254037844387,1.0,6.123233995736766e-17,1,322.86540825767173
2026,1,30,6,1000.0,19.25,73.0,136.80127830190483,301.1761474609375,0.0119727961719036,19.10982398317444,336.2387604809706,30,0.4999999999999999,0.8660254037844387,1.0,6.123233995736766e-17,1,316.33071072852607
2026,1,30,6,1000.0,19.0,72.5,138.08867002078946,297.3812255859375,0.014755617827177,23.51202030431821,360.1125460851974,30,0.4999999999999999,0.8660254037844387,1.0,6.123233995736766e-17,1,336.5358070180146
2026,1,30,6,1000.0,19.0,72.75,137.948459041505,298.0140380859375,0.014333140105009,22.84464547333514,356.3348576666069,30,0.4999999999999999,0.8660254037844387,1.0,6.123233995736766e-17,1,329.4891839383154
2026,1,30,6,1000.0,19.0,73.0,136.92874282852708,300.4749755859375,0.0128358714282512,20.47671900162804,342.85431651772285,30,0.4999999999999999,0.8660254037844387,1.0,6.123233995736766e-17,1,318.8343919132149
2026,1,30,6,1000.0,18.75,72.5,138.81521782253623,297.2288818359375,0.0155309550464153,24.735913017589105,365.5153521958085,30,0.4999999999999999,0.8660254037844387,1.0,6.123233995736766e-17,1,340.8285637943652
2026,1,30,6,1000.0,18.75,72.75,138.56028876929176,297.3460693359375,0.0148576609790325,23.6731637540178,360.8466747229665,30,0.4999999999999999,0.8660254037844387,1.0,6.123233995736766e-17,1,332.28233611580043
2026,1,30,6,1000.0,18.75,73.0,136.46987053268705,300.3226318359375,0.0128888003528118,20.56049885926085,343.41764532157003,30,0.4999999999999999,0.8660254037844387,1.0,6.123233995736766e-17,1,319.2600902000295
2026,1,30,6,925.0,19.25,72.5,820.4700381883722,295.44244384765625,0.0102819316089153,15.195703489843428,307.89339478739487,30,0.4999999999999999,0.8660254037844387,1.0,6.123233995736766e-17,1,276.13675163572617
2026,1,30,6,925.0,19.25,72.75,820.7632065996033,295.54010009765625,0.0104264132678508,15.407888977386012,308.6763391993514,30,0.4999999999999999,0.8660254037844387,1.0,6.123233995736766e-17,1,276.04520135300385
2026,1,30,6,925.0,19.25,73.0,821.0563750108346,295.55767822265625,0.0103625170886516,15.314055737789657,308.2534030543152,30,0.4999999999999999,0.8660254037844387,1.0,6.123233995736766e-17,1,276.4260506179367
2026,1,30,6,925.0,19.0,72.5,820.6357420729811,295.42486572265625,0.0102471224963665,15.144577358305671,307.697075653086,30,0.4999999999999999,0.8660254037844387,1.0,6.123233995736766e-17,1,276.3822343002637
2026,1,30,6,925.0,19.0,72.75,820.7632065996033,295.60845947265625,0.0104059092700481,15.377779099981982,308.46122144285346,30,0.4999999999999999,0.8660254037844387,1.0,6.123233995736766e-17,1,276.3263168712962
2026,1,30,6,925.0,19.0,73.0,821.4387685907012,295.46588134765625,0.0107454173266887,15.876246624860652,310.77152238813744,30,0.4999999999999999,0.8660254037844387,1.0,6.123233995736766e-17,1,277.0404714883415
2026,1,30,6,925.0,18.75,72.5,820.9798962948612,295.45416259765625,0.0101355426013469,14.980679103845471,306.9598170443562,30,0.4999999999999999,0.8660254037844387,1.0,6.123233995736766e-17,1,277.2903722356131
2026,1,30,6,925.0,18.75,72.75,821.0946143688212,295.62408447265625,0.0103358142077922,15.27483970103035,308.0020985665058,30,0.4999999999999999,0.8660254037844387,1.0,6.123233995736766e-17,1,277.5747004681901
2026,1,30,6,925.0,18.75,73.0,822.0251054131636,295.44635009765625,0.0109137408435344,16.123304335493692,311.85227433937234,30,0.4999999999999999,0.8660254037844387,1.0,6.123233995736766e-17,1,278.45272400102175
2026,1,30,6,850.0,19.25,72.5,1549.7515557045476,290.22979736328125,0.009332712739706,12.68178051773525,283.4253385377402,30,0.4999999999999999,0.8660254037844387,1.0,6.123233995736766e-17,1,271.5297090794488
2026,1,30,6,850.0,19.25,72.75,1550.4908499589565,290.44073486328125,0.0092688165605068,12.595441364324886,282.796970833169,30,0.4999999999999999,0.8660254037844387,1.0,6.123233995736766e-17,1,270.50940536011444
2026,1,30,6,850.0,19.25,73.0,1551.038947423432,290.41729736328125,0.0092645250260829,12.58964222700727,282.7986419144982,30,0.4999999999999999,0.8660254037844387,1.0,6.123233995736766e-17,1,267.64449546690577
2026,1,30,6,850.0,19.0,72.5,1549.853527325845,290.22198486328125,0.0095077119767665,12.918212573420208,284.4814988436368,30,0.4999999999999999,0.8660254037844387,1.0,6.123233995736766e-17,1,271.99134782983896
2026,1,30,6,850.0,19.0,72.75,1550.5545822222675,290.50128173828125,0.0090189538896083,12.257752588954506,281.2338727120591,30,0.4999999999999999,0.8660254037844387,1.0,6.123233995736766e-17,1,270.8997061191231
2026,1,30,6,850.0,19.0,73.0,1551.2938764766766,290.45831298828125,0.0090661607682704,12.321560381890816,281.5656005284693,30,0.4999999999999999,0.8660254037844387,1.0,6.123233995736766e-17,1,267.6996959411192
2026,1,30,6,850.0,18.75,72.5,1550.197681547725,290.13604736328125,0.0098987184464931,13.446299759346363,286.92268537822446,30,0.4999999999999999,0.8660254037844387,1.0,6.123233995736766e-17,1,272.0418308782849
2026,1,30,6,850.0,18.75,72.75,1550.8222577281742,290.40557861328125,0.0092840753495693,12.61606027562888,282.9291427177521,30,0.4999999999999999,0.8660254037844387,1.0,6.123233995736766e-17,1,270.94035504833283
2026,1,30,6,850.0,18.75,73.0,1551.6635236038812,290.41729736328125,0.0090027414262294,12.23583796149747,281.2339568494176,30,0.4999999999999999,0.8660254037844387,1.0,6.123233995736766e-17,1,267.7043210172995
2026,1,30,12,1000.0,19.25,72.5,112.01664754433216,296.8017578125,0.0161167383193969,25.659831773727618,370.1039692518308,30,0.4999999999999999,0.8660254037844387,1.2246467991473532e-16,-1.0,1,341.1345690473954
2026,1,30,12,1000.0,19.25,72.75,112.30981595556332,297.5068359375,0.0153371095657348,24.43002933106269,363.78732270244,30,0.4999999999999999,0.8660254037844387,1.2246467991473532e-16,-1.0,1,337.3456346480943
2026,1,30,12,1000.0,19.25,73.0,111.3410855532343,299.4736328125,0.0143595933914184,22.886442871699263,354.3066240117863,30,0.4999999999999999,0.8660254037844387,1.2246467991473532e-16,-1.0,1,320.349566345894
2026,1,30,12,1000.0,19.0,72.5,111.99115463900772,297.1552734375,0.0159903764724731,25.46058436659776,368.69290954877545,30,0.4999999999999999,0.8660254037844387,1.2246467991473532e-16,-1.0,1,342.1178469779421
2026,1,30,12,1000.0,19.0,72.75,112.39904112419887,297.0380859375,0.016217827796936,25.819207881520555,370.3968978777575,30,0.4999999999999999,0.8660254037844387,1.2246467991473532e-16,-1.0,1,339.19778925022
2026,1,30,12,1000.0,19.0,73.0,111.96566173368328,298.4013671875,0.015088677406311,24.037904717945064,360.746481303852,30,0.4999999999999999,0.8660254037844387,1.2246467991473532e-16,-1.0,1,326.44942432257074
2026,1,30,12,1000.0,18.75,72.5,112.1950978816033,297.4833984375,0.0156112909317016,24.86266026289552,365.6475755901453,30,0.4999999999999999,0.8660254037844387,1.2246467991473532e-16,-1.0,1,342.96743129288706
2026,1,30,12,1000.0,18.75,72.75,112.30981595556332,297.0322265625,0.0160809755325317,25.60344407287304,369.4941782076648,30,0.4999999999999999,0.8660254037844387,1.2246467991473532e-16,-1.0,1,340.8154084271945
2026,1,30,12,1000.0,18.75,73.0,112.22059078692776,297.9462890625,0.0153805017471313,24.498507392630483,363.38686183502665,30,0.4999999999999999,0.8660254037844387,1.2246467991473532e-16,-1.0,1,330.81391061920687
2026,1,30,12,925.0,19.25,72.5,793.6790859072671,295.9440002441406,0.0095763280987739,14.158923286634783,302.84625740819547,30,0.4999999999999999,0.8660254037844387,1.2246467991473532e-16,-1.0,1,272.3294484404331
2026,1,30,12,925.0,19.25,72.75,794.2781691823916,295.9322814941406,0.0097961500287055,14.48201395430565,304.236733359068,30,0.4999999999999999,0.8660254037844387,1.2246467991473532e-16,-1.0,1,273.45729975844597
2026,1,30,12,925.0,19.25,73.0,794.6478163095961,296.4479064941406,0.0101857259869575,15.054395558792008,306.0298553017943,30,0.4999999999999999,0.8660254037844387,1.2246467991473532e-16,-1.0,1,279.5520831670017
2026,1,30,12,925.0,19.0,72.5,793.5006355699959,295.8287658691406,0.0094418600201606,13.961241999390577,302.1451773670502,30,0.4999999999999999,0.8660254037844387,1.2246467991473532e-16,-1.0,1,273.22141064338325
2026,1,30,12,925.0,19.0,72.75,793.8320433392138,295.8502502441406,0.0098362043499946,14.540875896519363,304.5890388167312,30,0.4999999999999999,0.8660254037844387,1.2246467991473532e-16,-1.0,1,274.33225132118463
2026,1,30,12,925.0,19.0,73.0,794.2909156350538,296.1842346191406,0.0104069784283638,15.379349164705395,307.7409013137702,30,0.4999999999999999,0.8660254037844387,1.2246467991473532e-16,-1.0,1,280.25164208649653
2026,1,30,12,925.0,18.75,72.5,793.4751426646715,295.7721252441406,0.0093703344464302,13.856079289804835,301.7660456402868,30,0.4999999999999999,0.8660254037844387,1.2246467991473532e-16,-1.0,1,274.5026244161214
2026,1,30,12,925.0,18.75,72.75,793.5261284753203,295.8365783691406,0.0097651556134223,14.436464067785789,304.1609843875646,30,0.4999999999999999,0.8660254037844387,1.2246467991473532e-16,-1.0,1,275.78530586363576
2026,1,30,12,925.0,18.75,73.0,794.0487330344715,295.6764221191406,0.0108208730816841,15.987003408342431,310.9745135572915,30,0.4999999999999999,0.8660254037844387,1.2246467991473532e-16,-1.0,1,280.7203463088232
2026,1,30,12,850.0,19.25,72.5,1524.771296773108,291.1794738769531,0.0080548413097858,10.95380023946858,274.71642474575634,30,0.4999999999999999,0.8660254037844387,1.2246467991473532e-16,-1.0,1,266.40168945909363
2026,1,30,12,850.0,19.25,72.75,1525.446858764206,291.3591613769531,0.0075465328991413,10.265705980447729,271.4938735634737,30,0.4999999999999999,0.8660254037844387,1.2246467991473532e-16,-1.0,1,266.72535226858156
2026,1,30,12,850.0,19.25,73.0,1526.300871092575,291.2243957519531,0.0080586560070514,10.95896257455237,274.689320941136,30,0.4999999999999999,0.8660254037844387,1.2246467991473532e-16,-1.0,1,266.77945387307693
2026,1,30,12,850.0,19.0,72.5,1524.4016496459035,291.1208801269531,0.008215058594942,11.170597807125285,275.7355675186297,30,0.4999999999999999,0.8660254037844387,1.2246467991473532e-16,-1.0,1,267.58712904344
2026,1,30,12,850.0,19.0,72.75,1524.9115077523927,291.2986145019531,0.0076533444225788,10.410331259860316,272.1954165441212,30,0.4999999999999999,0.8660254037844387,1.2246467991473532e-16,-1.0,1,267.5740342132505
2026,1,30,12,850.0,19.0,73.0,1525.841998796735,291.1599426269531,0.0083318836987018,11.328652885814018,276.3874104564161,30,0.4999999999999999,0.8660254037844387,1.2246467991473532e-16,-1.0,1,266.88725242785245
2026,1,30,12,850.0,18.75,72.5,1524.248692213957,291.0447082519531,0.0082470066845417,11.213823251113844,276.0109424382536,30,0.4999999999999999,0.8660254037844387,1.2246467991473532e-16,-1.0,1,267.853986199458
2026,1,30,12,850.0,18.75,72.75,1524.5800999831747,291.2439270019531,0.0078207142651081,10.636916325203677,273.251504648758,30,0.4999999999999999,0.8660254037844387,1.2246467991473532e-16,-1.0,1,267.78810127521297
2026,1,30,12,850.0,18.75,73.0,1525.293901332259,291.1560363769531,0.0083366520702838,11.33510363920882,276.4201709284555,30,0.4999999999999999,0.8660254037844387,1.2246467991473532e-16,-1.0,1,266.46746636744376
2026,1,30,18,1000.0,19.25,72.5,135.2818862073185,296.0150451660156,0.0161054395139217,25.642017046780307,371.3012771181797,30,0.4999999999999999,0.8660254037844387,-1.0,-1.8369701987210294e-16,1,342.69972606873176
2026,1,30,18,1000.0,19.25,72.75,136.0084340090653,296.0990295410156,0.0161593221127986,25.726971088040084,371.5264374761606,30,0.4999999999999999,0.8660254037844387,-1.0,-1.8369701987210294e-16,1,339.9421711509006
2026,1,30,18,1000.0,19.25,73.0,136.4418133995809,296.5658264160156,0.0156910680234432,24.988513758981963,367.6378593579394,30,0.4999999999999999,0.8660254037844387,-1.0,-1.8369701987210294e-16,1,331.1310207383368
2026,1,30,18,1000.0,19.0,72.5,135.42209718660297,296.2806701660156,0.0161493085324764,25.71118358568235,371.16452197366704,30,0.4999999999999999,0.8660254037844387,-1.0,-1.8369701987210294e-16,1,343.97829634967263
2026,1,30,18,1000.0,19.0,72.75,135.8682230297808,296.2298889160156,0.0163090489804744,25.96300914641066,372.3172922370754,30,0.4999999999999999,0.8660254037844387,-1.0,-1.8369701987210294e-16,1,341.55471155205987
2026,1,30,18,1000.0,19.0,73.0,135.9064623877675,296.4427795410156,0.0158341191709041,25.214155881310603,368.7922034403128,30,0.4999999999999999,0.8660254037844387,-1.0,-1.8369701987210294e-16,1,333.56236855554795
2026,1,30,18,1000.0,18.75,72.5,135.40935073394076,296.5541076660156,0.0161478780210018,25.70892821266961,370.7120825837658,30,0.4999999999999999,0.8660254037844387,-1.0,-1.8369701987210294e-16,1,344.40969417462435
2026,1,30,18,1000.0,18.75,72.75,135.4858294499141,296.3783264160156,0.0162556432187557,25.87882210754853,371.7180897808463,30,0.4999999999999999,0.8660254037844387,-1.0,-1.8369701987210294e-16,1,342.4250357087517
2026,1,30,18,1000.0,18.75,73.0,134.98871779608734,296.4955139160156,0.0158565305173397,25.249502959744696,368.85755658567234,30,0.4999999999999999,0.8660254037844387,-1.0,-1.8369701987210294e-16,1,336.1870944611217
2026,1,30,18,925.0,19.25,72.5,813.486774599379,294.4125366210937,0.0091746635735034,13.5683416189395,302.1954724174694,30,0.4999999999999999,0.8660254037844387,-1.0,-1.8369701987210294e-16,1,268.88069325658313
2026,1,30,18,925.0,19.25,72.75,814.2005759484636,294.1840209960937,0.0095523186028003,14.123629324266837,304.86885448344253,30,0.4999999999999999,0.8660254037844387,-1.0,-1.8369701987210294e-16,1,269.3263484662233
2026,1,30,18,925.0,19.25,73.0,814.5447301703437,294.0023803710937,0.0099523849785327,14.711593357783746,307.63205844802167,30,0.4999999999999999,0.8660254037844387,-1.0,-1.8369701987210294e-16,1,273.3199400716617
2026,1,30,18,925.0,19.0,72.5,813.3338171674324,294.2328491210937,0.0091889686882495,13.589379862866531,302.5063452187767,30,0.4999999999999999,0.8660254037844387,-1.0,-1.8369701987210294e-16,1,269.49377354194235
2026,1,30,18,925.0,19.0,72.75,813.7926894632724,294.1273803710937,0.0095036812126636,14.05212921573159,304.63100859842643,30,0.4999999999999999,0.8660254037844387,-1.0,-1.8369701987210294e-16,1,269.99934605119716
2026,1,30,18,925.0,19.0,73.0,814.3280404750858,294.1293334960937,0.0098474808037281,14.557446727438892,306.80727875393194,30,0.4999999999999999,0.8660254037844387,-1.0,-1.8369701987210294e-16,1,273.6883218355972
2026,1,30,18,925.0,18.75,72.5,813.1043810195123,294.1410522460937,0.0092876739799976,13.73453383230254,303.2448178899872,30,0.4999999999999999,0.8660254037844387,-1.0,-1.8369701987210294e-16,1,271.2328751709593
2026,1,30,18,925.0,18.75,72.75,813.4740281467168,294.2230834960937,0.0094807930290699,14.0184806516617,304.36723444897285,30,0.4999999999999999,0.8660254037844387,-1.0,-1.8369701987210294e-16,1,271.8845466836456
2026,1,30,18,925.0,18.75,73.0,814.0858578745035,294.3383178710937,0.0097068138420581,14.350719443434125,305.6548616897025,30,0.4999999999999999,0.8660254037844387,-1.0,-1.8369701987210294e-16,1,274.8813169532202
2026,1,30,18,850.0,19.25,72.5,1541.8758412658758,290.4750061035156,0.008360568434,11.367457638044536,277.328484524269,30,0.4999999999999999,0.8660254037844387,-1.0,-1.8369701987210294e-16,1,262.23423636206326
2026,1,30,18,850.0,19.25,72.75,1542.2837277510669,290.3724670410156,0.0087735094130039,11.925935672501764,279.9147783811786,30,0.4999999999999999,0.8660254037844387,-1.0,-1.8369701987210294e-16,1,263.67245721188067
2026,1,30,18,850.0,19.25,73.0,1542.627881972947,290.2474670410156,0.0092579759657382,12.580792443853936,282.9575271739821,30,0.4999999999999999,0.8660254037844387,-1.0,-1.8369701987210294e-16,1,263.4421618370729
2026,1,30,18,850.0,19.0,72.5,1541.7101373812668,290.5003967285156,0.0083634294569492,11.371327960287426,277.31695990947185,30,0.4999999999999999,0.8660254037844387,-1.0,-1.8369701987210294e-16,1,262.88842207067637
2026,1,30,18,850.0,19.0,72.75,1542.054291603147,290.4252014160156,0.0086380876600742,11.742816559597914,279.04458173807245,30,0.4999999999999999,0.8660254037844387,-1.0,-1.8369701987210294e-16,1,263.77416609605615
2026,1,30,18,850.0,19.0,73.0,1542.5514032569736,290.2269592285156,0.009212676435709,12.519577008652131,282.71037965739026,30,0.4999999999999999,0.8660254037844387,-1.0,-1.8369701987210294e-16,1,263.17723247079925
2026,1,30,18,850.0,18.75,72.5,1541.5954193073069,290.5111389160156,0.0084344781935215,11.467436667634992,277.72960952148645,30,0.4999999999999999,0.8660254037844387,-1.0,-1.8369701987210294e-16,1,263.2679350658299
2026,1,30,18,850.0,18.75,72.75,1541.9905593398355,290.4544982910156,0.0087072290480136,11.83631421896123,279.42458208633946,30,0.4999999999999999,0.8660254037844387,-1.0,-1.8369701987210294e-16,1,263.8516871109236
2026,1,30,18,850.0,18.75,73.0,1542.564149709636,290.2894592285156,0.0091115869581699,12.382957846137286,282.0328526730575,30,0.4999999999999999,0.8660254037844387,-1.0,-1.8369701987210294e-16,1,263.0052748499116
2026,2,1,0,1000.0,19.25,72.5,122.89945430842847,295.5509033203125,0.0147533416748046,23.508425647694203,362.9452862055123,32,0.8660254037844386,0.5000000000000001,0.0,1.0,1,351.5649585729674
2026,2,1,0,1000.0,19.25,72.75,122.5425536338862,295.2501220703125,0.0146083831787109,23.279476901309103,362.4377593742559,32,0.8660254037844386,0.5000000000000001,0.0,1.0,1,349.1330707412392
2026,2,1,0,1000.0,19.25,73.0,122.51706072856176,295.1212158203125,0.0144987106323242,23.106232529530786,361.89765938448727,32,0.8660254037844386,0.5000000000000001,0.0,1.0,1,341.0780646782757
2026,2,1,0,1000.0,19.0,72.5,122.45332846525062,295.8184814453125,0.0148324966430664,23.633426838108576,363.0590801721801,32,0.8660254037844386,0.5000000000000001,0.0,1.0,1,352.7413369167818
2026,2,1,0,1000.0,19.0,72.75,121.96896326408611,295.4708251953125,0.0148768424987792,23.70345241654361,363.904111865618,32,0.8660254037844386,0.5000000000000001,0.0,1.0,1,350.9129433337679
2026,2,1,0,1000.0,19.0,73.0,121.82875228480164,295.3282470703125,0.014965534210205,23.843492352442745,364.72760779753,32,0.8660254037844386,0.5000000000000001,0.0,1.0,1,344.678452661841
2026,2,1,0,1000.0,18.75,72.5,122.10917424337056,296.0802001953125,0.0148200988769531,23.613849125605,362.5658879289415,32,0.8660254037844386,0.5000000000000001,0.0,1.0,1,352.16795219299706
2026,2,1,0,1000.0,18.75,72.75,121.39537289428604,295.6290283203125,0.014988899230957,23.880382103981788,364.4103249545836,32,0.8660254037844386,0.5000000000000001,0.0,1.0,1,349.6294017701692
2026,2,1,0,1000.0,18.75,73.0,120.78354316649929,295.7540283203125,0.0150489807128906,23.97523669818316,364.6177378939051,32,0.8660254037844386,0.5000000000000001,0.0,1.0,1,343.77911964198466
2026,2,1,0,925.0,19.25,72.5,802.4934072956871,294.693603515625,0.0085215307772159,12.607404775451377,297.7243515244372,32,0.8660254037844386,0.5000000000000001,0.0,1.0,1,310.0433681104117
2026,2,1,0,925.0,19.25,72.75,802.2639711477672,294.980712890625,0.0086359716951847,12.775833475455572,298.103919435244,32,0.8660254037844386,0.5000000000000001,0.0,1.0,1,304.8706431911112
2026,2,1,0,925.0,19.25,73.0,802.0982672631582,295.066650390625,0.0093307234346866,13.797836050865246,302.3796032719364,32,0.8660254037844386,0.5000000000000001,0.0,1.0,1,299.70867118222714
2026,2,1,0,925.0,19.0,72.5,801.7541130412782,294.799072265625,0.0083231665194034,12.315406477230798,296.3452226827677,32,0.8660254037844386,0.5000000000000001,0.0,1.0,1,313.0815474085627
2026,2,1,0,925.0,19.0,72.75,801.5119304406959,294.914306640625,0.0086145140230655,12.744254869439589,298.04794988844264,32,0.8660254037844386,0.5000000000000001,0.0,1.0,1,306.547660713299
2026,2,1,0,925.0,19.0,73.0,801.5501697986825,294.908447265625,0.0093545652925968,13.832892975648152,302.7238937705235,32,0.8660254037844386,0.5000000000000001,0.0,1.0,1,300.46859770450567
2026,2,1,0,925.0,18.75,72.5,801.0403116921937,294.843994140625,0.008324597030878,12.317512484937565,296.3010562310727,32,0.8660254037844386,0.5000000000000001,0.0,1.0,1,316.30973502225316
2026,2,1,0,925.0,18.75,72.75,800.9383400708958,294.859619140625,0.0087218023836612,12.902139707120034,298.79072609960224,32,0.8660254037844386,0.5000000000000001,0.0,1.0,1,309.21420673584186
2026,2,1,0,925.0,18.75,73.0,800.8236219969358,294.924072265625,0.0093450285494327,13.818870326952991,302.6445788402313,32,0.8660254037844386,0.5000000000000001,0.0,1.0,1,301.4237504079513
2026,2,1,0,850.0,19.25,72.5,1529.473144498886,289.3023376464844,0.0089291185140609,12.136315374267053,282.08363882185535,32,0.8660254037844386,0.5000000000000001,0.0,1.0,1,256.5955084213785
2026,2,1,0,850.0,19.25,72.75,1529.524130309535,289.4449157714844,0.0088046640157699,11.968059102799224,281.1689426245632,32,0.8660254037844386,0.5000000000000001,0.0,1.0,1,256.80277759648953
2026,2,1,0,850.0,19.25,73.0,1529.587862572846,289.6714782714844,0.0083364099264144,11.334776062784504,278.09227813429175,32,0.8660254037844386,0.5000000000000001,0.0,1.0,1,257.8059860379995
2026,2,1,0,850.0,19.0,72.5,1528.797582507788,289.4644470214844,0.0085347741842269,11.60309452630304,279.5216913604105,32,0.8660254037844386,0.5000000000000001,0.0,1.0,1,256.035344867782
2026,2,1,0,850.0,19.0,72.75,1528.7720896024637,289.5757751464844,0.0083850473165512,11.400571642002165,278.4935157753244,32,0.8660254037844386,0.5000000000000001,0.0,1.0,1,256.32760879336746
2026,2,1,0,850.0,19.0,73.0,1528.899554129086,289.6499938964844,0.0082534402608871,11.222527613196943,277.6175950340321,32,0.8660254037844386,0.5000000000000001,0.0,1.0,1,257.2140381275618
2026,2,1,0,850.0,18.75,72.5,1528.287724401299,289.6343688964844,0.0082739442586898,11.250268220343305,277.75860944739736,32,0.8660254037844386,0.5000000000000001,0.0,1.0,1,255.55642361088752
2026,2,1,0,850.0,18.75,72.75,1528.287724401299,289.7300720214844,0.0081027597188949,11.018645303071247,276.6211344609969,32,0.8660254037844386,0.5000000000000001,0.0,1.0,1,255.76481224898316
2026,2,1,0,850.0,18.75,73.0,1528.287724401299,289.6880798339844,0.008269652724266,11.244462103674325,277.67203053561394,32,0.8660254037844386,0.5000000000000001,0.0,1.0,1,256.37297436721553
2026,2,1,6,1000.0,19.25,72.5,148.12622764272203,296.2945556640625,0.0140933468937873,22.4657004851304,357.35275191066745,32,0.8660254037844386,0.5000000000000001,1.0,6.123233995736766e-17,1,346.7685400713277
2026,2,1,6,1000.0,19.25,72.75,146.8770752818241,298.2828369140625,0.01401037722826,22.33455809877189,353.7889231491484,32,0.8660254037844386,0.5000000000000001,1.0,6.123233995736766e-17,1,333.09003292216426
2026,2,1,6,1000.0,19.25,73.0,146.16327393273951,300.4234619140625,0.0127577260136604,20.353014821716563,342.4163732803179,32,0.8660254037844386,0.5000000000000001,1.0,6.123233995736766e-17,1,330.71385801693685
2026,2,1,6,1000.0,19.0,72.5,147.45066565162415,296.1754150390625,0.0143713429570198,22.905007293657928,359.4029220625719,32,0.8660254037844386,0.5000000000000001,1.0,6.123233995736766e-17,1,348.1271461424076
2026,2,1,6,1000.0,19.0,72.75,146.5201746072818,297.2886962890625,0.0143761113286018,22.91254128973907,357.7254719204188,32,0.8660254037844386,0.5000000000000001,1.0,6.123233995736766e-17,1,342.5225951228411
2026,2,1,6,1000.0,19.0,73.0,145.27102224638384,299.9000244140625,0.012705273926258,20.269976635576352,342.81670815408864,32,0.8660254037844386,0.5000000000000001,1.0,6.123233995736766e-17,1,335.2504133692555
2026,2,1,6,1000.0,18.75,72.5,147.03003271377077,296.0699462890625,0.0148338750004768,23.6356034287106,362.67449367078166,32,0.8660254037844386,0.5000000000000001,1.0,6.123233995736766e-17,1,348.1938707615787
2026,2,1,6,1000.0,18.75,72.75,146.17602038540176,296.5777587890625,0.0145935490727424,23.256045526378465,360.2720257455956,32,0.8660254037844386,0.5000000000000001,1.0,6.123233995736766e-17,1,344.4697338595903
2026,2,1,6,1000.0,18.75,73.0,143.80518019022807,299.7847900390625,0.0125641301274299,20.046502335784783,342.0533022517557,32,0.8660254037844386,0.5000000000000001,1.0,6.123233995736766e-17,1,334.9349025319355
2026,2,1,6,925.0,19.25,72.5,828.9222308650253,295.100830078125,0.0093056410551071,13.760953980082324,302.1797615411362,32,0.8660254037844386,0.5000000000000001,1.0,6.123233995736766e-17,1,312.9307976210321
2026,2,1,6,925.0,19.25,72.75,828.9859631283364,295.339111328125,0.0093042105436325,13.758850468706704,301.87945054239765,32,0.8660254037844386,0.5000000000000001,1.0,6.123233995736766e-17,1,311.2297645289584
2026,2,1,6,925.0,19.25,73.0,828.9477237703497,295.382080078125,0.0089384764432907,13.220933375344242,299.5273599834877,32,0.8660254037844386,0.5000000000000001,1.0,6.123233995736766e-17,1,312.0473489313843
2026,2,1,6,925.0,19.0,72.5,828.3996263058741,295.159423828125,0.0092264860868453,13.64455421679604,301.6097106864544,32,0.8660254037844386,0.5000000000000001,1.0,6.123233995736766e-17,1,314.94427727603295
2026,2,1,6,925.0,19.0,72.75,828.2721617792519,295.493408203125,0.0089832991361618,13.286870812675582,299.67489900681693,32,0.8660254037844386,0.5000000000000001,1.0,6.123233995736766e-17,1,311.47631849857646
2026,2,1,6,925.0,19.0,73.0,828.4761050218475,295.432861328125,0.0089794844388961,13.281259254972946,299.72396862226555,32,0.8660254037844386,0.5000000000000001,1.0,6.123233995736766e-17,1,311.6653802193169
2026,2,1,6,925.0,18.75,72.5,827.9025146520473,295.321533203125,0.0092336386442184,13.655072725366532,301.45708499280744,32,0.8660254037844386,0.5000000000000001,1.0,6.123233995736766e-17,1,317.3518049525246
2026,2,1,6,925.0,18.75,72.75,827.7877965780874,295.589111328125,0.0090505331754684,13.385770270126557,299.981709449734,32,0.8660254037844386,0.5000000000000001,1.0,6.123233995736766e-17,1,313.2389272251585
2026,2,1,6,925.0,18.75,73.0,828.1192043473052,295.251220703125,0.0098721235990524,14.593658708946096,305.5588398647965,32,0.8660254037844386,0.5000000000000001,1.0,6.123233995736766e-17,1,311.94421947920785
2026,2,1,6,850.0,19.25,72.5,1556.5836543314997,289.66534423828125,0.0079359002411365,10.792828294678795,275.6900322663928,32,0.8660254037844386,0.5000000000000001,1.0,6.123233995736766e-17,1,276.6735400752565
2026,2,1,6,850.0,19.25,72.75,1556.953301458704,289.77471923828125,0.0077041573822498,10.47912662557575,274.1743781326044,32,0.8660254037844386,0.5000000000000001,1.0,6.123233995736766e-17,1,274.4432702010535
2026,2,1,6,850.0,19.25,73.0,1557.297455680584,289.85479736328125,0.0072425790131092,9.85404308355982,271.3106289516236,32,0.8660254037844386,0.5000000000000001,1.0,6.123233995736766e-17,1,267.1210401335685
2026,2,1,6,850.0,19.0,72.5,1556.150274940984,289.62237548828125,0.0079273171722888,10.781211282475772,275.68639510120585,32,0.8660254037844386,0.5000000000000001,1.0,6.123233995736766e-17,1,276.8112574726568
2026,2,1,6,850.0,19.0,72.75,1556.3924575415665,289.67510986328125,0.0078209824860095,10.637279405477468,274.9876824568331,32,0.8660254037844386,0.5000000000000001,1.0,6.123233995736766e-17,1,274.53522825491996
2026,2,1,6,850.0,19.0,73.0,1556.7875975740951,289.74151611328125,0.0074380822479724,10.118842160521387,272.61034763646126,32,0.8660254037844386,0.5000000000000001,1.0,6.123233995736766e-17,1,267.173553023711
2026,2,1,6,850.0,18.75,72.5,1555.8316136244284,289.58526611328125,0.0079621262848377,10.828323973575952,275.93742068949103,32,0.8660254037844386,0.5000000000000001,1.0,6.123233995736766e-17,1,276.4897407560509
2026,2,1,6,850.0,18.75,72.75,1555.920838793064,289.56182861328125,0.0078920312225818,10.733451187359536,275.5416002852963,32,0.8660254037844386,0.5000000000000001,1.0,6.123233995736766e-17,1,274.0710933292792
2026,2,1,6,850.0,18.75,73.0,1556.1757678463084,289.62042236328125,0.0076798386871814,10.446202215746048,274.19884940467483,32,0.8660254037844386,0.5000000000000001,1.0,6.123233995736766e-17,1,266.86225397954996
2026,2,1,12,1000.0,19.25,72.5,117.27555508411383,298.67449951171875,0.0122210010886192,19.503064203200378,341.36300499472526,32,0.8660254037844386,0.5000000000000001,1.2246467991473532e-16,-1.0,1,343.9673548861748
2026,2,1,12,1000.0,19.25,72.75,115.6057697853625,299.24871826171875,0.0138493999838829,22.080079025812715,351.2857832873737,32,0.8660254037844386,0.5000000000000001,1.2246467991473532e-16,-1.0,1,342.2215139842673
2026,2,1,12,1000.0,19.25,73.0,113.37514056947327,301.61395263671875,0.0124432072043418,19.855013674829472,338.6922295010611,32,0.8660254037844386,0.5000000000000001,1.2246467991473532e-16,-1.0,1,322.85156331113916
2026,2,1,12,1000.0,19.0,72.5,116.43428920840704,298.69793701171875,0.0120264515280723,19.194842124050584,340.0412511767032,32,0.8660254037844386,0.5000000000000001,1.2246467991473532e-16,-1.0,1,344.34761232669564
2026,2,1,12,1000.0,19.0,72.75,114.8664755309535,299.01629638671875,0.0131145939230918,20.917841738003908,346.78180338189736,32,0.8660254037844386,0.5000000000000001,1.2246467991473532e-16,-1.0,1,344.72545329474644
2026,2,1,12,1000.0,19.0,73.0,113.52809800141996,300.56707763671875,0.0127760395407676,20.382006178450293,342.3322894617403,32,0.8660254037844386,0.5000000000000001,1.2246467991473532e-16,-1.0,1,334.3966257786366
2026,2,1,12,1000.0,18.75,72.5,116.02640272321588,298.62371826171875,0.0123015865683555,19.630713434606943,341.9688466069786,32,0.8660254037844386,0.5000000000000001,1.2246467991473532e-16,-1.0,1,345.1035548296131
2026,2,1,12,1000.0,18.75,72.75,114.75175745699347,298.94207763671875,0.0122915729880332,19.6148523710235,341.4511140972222,32,0.8660254037844386,0.5000000000000001,1.2246467991473532e-16,-1.0,1,345.22344220583506
2026,2,1,12,1000.0,18.75,73.0,114.15267418186896,299.90692138671875,0.0128642544150352,20.521646379389363,343.85057000741614,32,0.8660254037844386,0.5000000000000001,1.2246467991473532e-16,-1.0,1,339.7254091791376
2026,2,1,12,925.0,19.25,72.5,802.7815966238471,296.7893371582031,0.0076715163886547,11.35566419217183,289.94172915575865,32,0.8660254037844386,0.5000000000000001,1.2246467991473532e-16,-1.0,1,297.2279383752854
2026,2,1,12,925.0,19.25,72.75,801.7491339582069,296.8147277832031,0.0089365653693676,13.21812196736152,297.79822503265734,32,0.8660254037844386,0.5000000000000001,1.2246467991473532e-16,-1.0,1,297.5589285336523
2026,2,1,12,925.0,19.25,73.0,800.7294177452291,297.0510559082031,0.0092970542609691,13.748327379330137,299.7580666204397,32,0.8660254037844386,0.5000000000000001,1.2246467991473532e-16,-1.0,1,302.6690799016376
2026,2,1,12,925.0,19.0,72.5,802.0040630114514,296.8030090332031,0.0076767615973949,11.363392291550923,289.9588807677257,32,0.8660254037844386,0.5000000000000001,1.2246467991473532e-16,-1.0,1,300.3292634859312
2026,2,1,12,925.0,19.0,72.75,800.8058964612025,296.8733215332031,0.0082551650702953,12.21529012648421,293.48421744715773,32,0.8660254037844386,0.5000000000000001,1.2246467991473532e-16,-1.0,1,300.4022723207518
2026,2,1,12,925.0,19.0,73.0,800.2577989967267,296.7366027832031,0.0090734176337718,13.419430857269218,298.7441329671243,32,0.8660254037844386,0.5000000000000001,1.2246467991473532e-16,-1.0,1,303.7634632075519
2026,2,1,12,925.0,18.75,72.5,801.3667403783403,296.7795715332031,0.0076853446662425,11.376038166574348,290.0391334190838,32,0.8660254037844386,0.5000000000000001,1.2246467991473532e-16,-1.0,1,303.753836657251
2026,2,1,12,925.0,18.75,72.75,800.2960383547135,296.7561340332031,0.0081431083381176,12.05029463292823,292.9216900276371,32,0.8660254037844386,0.5000000000000001,1.2246467991473532e-16,-1.0,1,302.8566710458382
2026,2,1,12,925.0,18.75,73.0,800.155827375429,296.3069152832031,0.0094219855964183,13.93202191891332,301.43760047035136,32,0.8660254037844386,0.5000000000000001,1.2246467991473532e-16,-1.0,1,304.4358922864048
2026,2,1,12,850.0,19.25,72.5,1533.1819638969475,290.65887451171875,0.0074767358601093,10.171189073838496,271.8396209624568,32,0.8660254037844386,0.5000000000000001,1.2246467991473532e-16,-1.0,1,262.16553667959806
2026,2,1,12,850.0,19.25,72.75,1532.9525277490277,290.98895263671875,0.0078405626118183,10.663783947273874,273.6503129089806,32,0.8660254037844386,0.5000000000000001,1.2246467991473532e-16,-1.0,1,263.37622667035436
2026,2,1,12,850.0,19.25,73.0,1532.7358380537698,291.21356201171875,0.0079092271625995,10.756726420797037,273.8118361571099,32,0.8660254037844386,0.5000000000000001,1.2246467991473532e-16,-1.0,1,267.02696126639216
2026,2,1,12,850.0,19.0,72.5,1532.3789373792274,290.69207763671875,0.0076207406818866,10.36618702066732,272.66418343313865,32,0.8660254037844386,0.5000000000000001,1.2246467991473532e-16,-1.0,1,264.29925217589187
2026,2,1,12,850.0,19.0,72.75,1531.907318630725,290.98895263671875,0.0078996904194355,10.743818205549816,274.00287186665446,32,0.8660254037844386,0.5000000000000001,1.2246467991473532e-16,-1.0,1,265.2787321526004
2026,2,1,12,850.0,19.0,73.0,1531.8053470094274,291.12762451171875,0.0080050714313983,10.886445716261395,274.4775144373267,32,0.8660254037844386,0.5000000000000001,1.2246467991473532e-16,-1.0,1,267.7527967490429
2026,2,1,12,850.0,18.75,72.5,1531.8308399147518,290.78192138671875,0.007741380482912,10.529520077897152,273.286327587589,32,0.8660254037844386,0.5000000000000001,1.2246467991473532e-16,-1.0,1,264.52216196861576
2026,2,1,12,850.0,18.75,72.75,1531.1425314709918,290.95770263671875,0.008135724812746,11.06325277420344,275.44482825268926,32,0.8660254037844386,0.5000000000000001,1.2246467991473532e-16,-1.0,1,265.1669257251262
2026,2,1,12,850.0,18.75,73.0,1531.0787992076805,290.96160888671875,0.0086158998310565,11.712811020488571,278.3023831500292,32,0.8660254037844386,0.5000000000000001,1.2246467991473532e-16,-1.0,1,266.15943085251
2026,2,1,18,1000.0,19.25,72.5,138.66016917569965,298.1735534667969,0.0124575607478618,19.877744828092062,343.6456718614842,32,0.8660254037844386,0.5000000000000001,-1.0,-1.8369701987210294e-16,1,342.2964641477425
2026,2,1,18,1000.0,19.25,72.75,137.97186073193956,298.1012878417969,0.0127207748591899,20.294517089553214,345.4985627149328,32,0.8660254037844386,0.5000000000000001,-1.0,-1.8369701987210294e-16,1,342.0039021035761
2026,2,1,18,1000.0,19.25,73.0,137.55122779408617,298.3923034667969,0.0129405967891216,20.64248095261708,346.53630652493945,32,0.8660254037844386,0.5000000000000001,-1.0,-1.8369701987210294e-16,1,339.06774411193584
2026,2,1,18,1000.0,19.0,72.5,138.8386195129708,297.9059753417969,0.0132405273616313,21.117102837903943,349.2382191350407,32,0.8660254037844386,0.5000000000000001,-1.0,-1.8369701987210294e-16,1,342.61206540075585
2026,2,1,18,1000.0,19.0,72.75,138.25228269050848,298.0837097167969,0.0129940025508403,20.72700488376733,347.33950215870175,32,0.8660254037844386,0.5000000000000001,-1.0,-1.8369701987210294e-16,1,343.87928622235796
2026,2,1,18,1000.0,19.0,73.0,137.74242458401952,298.3981628417969,0.0132686607539653,21.161613414997323,348.7024807252293,32,0.8660254037844386,0.5000000000000001,-1.0,-1.8369701987210294e-16,1,341.05252609283355
2026,2,1,18,1000.0,18.75,72.5,139.13178792420194,297.5602722167969,0.014561366289854,23.205209418609467,358.54372827458127,32,0.8660254037844386,0.5000000000000001,-1.0,-1.8369701987210294e-16,1,343.2140379920246
2026,2,1,18,1000.0,18.75,72.75,138.44347948044185,297.8825378417969,0.0137950889766216,21.994210938912666,352.959670194812,32,0.8660254037844386,0.5000000000000001,-1.0,-1.8369701987210294e-16,1,344.2264394615686
2026,2,1,18,1000.0,18.75,73.0,137.64045296272172,298.4196472167969,0.013857077807188,22.09221754806148,352.5687896043478,32,0.8660254037844386,0.5000000000000001,-1.0,-1.8369701987210294e-16,1,341.53395925550154
2026,2,1,18,925.0,19.25,72.5,823.434683830615,296.4434509277344,0.0077144242823123,11.418881678549798,290.604527359196,32,0.8660254037844386,0.5000000000000001,-1.0,-1.8369701987210294e-16,1,291.7773237280234
2026,2,1,18,925.0,19.25,72.75,823.039543798086,296.5528259277344,0.0085589028894901,12.662409835564963,295.7537223063996,32,0.8660254037844386,0.5000000000000001,-1.0,-1.8369701987210294e-16,1,293.47525432961925
2026,2,1,18,925.0,19.25,73.0,822.4532069756237,296.6153259277344,0.009190235286951,13.5912426065178,299.61794002841435,32,0.8660254037844386,0.5000000000000001,-1.0,-1.8369701987210294e-16,1,299.9168645607027
2026,2,1,18,925.0,19.0,72.5,823.2562334933439,296.4414978027344,0.0077315904200077,11.444172144946416,290.71410780551355,32,0.8660254037844386,0.5000000000000001,-1.0,-1.8369701987210294e-16,1,293.9758670026618
2026,2,1,18,925.0,19.0,72.75,823.039543798086,296.4219665527344,0.0084969140589237,12.571172014332983,295.5206924694308,32,0.8660254037844386,0.5000000000000001,-1.0,-1.8369701987210294e-16,1,295.5394382171823
2026,2,1,18,925.0,19.0,73.0,822.5169392389348,296.3829040527344,0.0093347169458866,13.803708156196375,300.80029587043435,32,0.8660254037844386,0.5000000000000001,-1.0,-1.8369701987210294e-16,1,300.545413944203
2026,2,1,18,925.0,18.75,72.5,822.9375721767882,296.4610290527344,0.007654819637537,11.331063481127671,290.21172396116526,32,0.8660254037844386,0.5000000000000001,-1.0,-1.8369701987210294e-16,1,297.6029429163829
2026,2,1,18,925.0,18.75,72.75,822.7591218395171,296.3028259277344,0.0083562470972538,12.364106973445535,294.7812660559864,32,0.8660254037844386,0.5000000000000001,-1.0,-1.8369701987210294e-16,1,298.34069714151934
2026,2,1,18,925.0,18.75,73.0,822.2747566383526,296.1973571777344,0.0093466378748416,13.82123666025597,301.09998963822807,32,0.8660254037844386,0.5000000000000001,-1.0,-1.8369701987210294e-16,1,300.864863501185
2026,2,1,18,850.0,19.25,72.5,1553.2576268399505,290.3345947265625,0.0086827427148818,11.803203037666735,279.4150849891081,32,0.8660254037844386,0.5000000000000001,-1.0,-1.8369701987210294e-16,1,257.71443272774223
2026,2,1,18,850.0,19.25,72.75,1553.1811481239772,290.3638916015625,0.0087542682886123,11.89991939299421,279.80950512806567,32,0.8660254037844386,0.5000000000000001,-1.0,-1.8369701987210294e-16,1,260.98483121273324
2026,2,1,18,850.0,19.25,73.0,1552.9644584287194,290.5435791015625,0.0081539303064346,11.087887192301988,276.01585851607604,32,0.8660254037844386,0.5000000000000001,-1.0,-1.8369701987210294e-16,1,264.90423704669394
2026,2,1,18,850.0,19.0,72.5,1553.104669408004,290.4107666015625,0.0085382610559463,11.607810486211465,278.4639471064744,32,0.8660254037844386,0.5000000000000001,-1.0,-1.8369701987210294e-16,1,256.9886167460923
2026,2,1,18,850.0,19.0,72.75,1552.9899513340438,290.3697509765625,0.0086937099695205,11.818033421721212,279.4405405159346,32,0.8660254037844386,0.5000000000000001,-1.0,-1.8369701987210294e-16,1,260.33285971191384
2026,2,1,18,850.0,19.0,73.0,1552.6712900174882,290.4439697265625,0.0083384662866592,11.337557939520892,277.2312839161578,32,0.8660254037844386,0.5000000000000001,-1.0,-1.8369701987210294e-16,1,263.9240929422311
2026,2,1,18,850.0,18.75,72.5,1552.8497403547594,290.5142822265625,0.0081358104944229,11.063368714007964,275.94027490825977,32,0.8660254037844386,0.5000000000000001,-1.0,-1.8369701987210294e-16,1,257.14451207329284
2026,2,1,18,850.0,18.75,72.75,1552.6075577541772,290.4986572265625,0.0080967098474502,11.010458587925438,275.7238850439357,32,0.8660254037844386,0.5000000000000001,-1.0,-1.8369701987210294e-16,1,260.1316132543865
2026,2,1,18,850.0,18.75,73.0,1552.2634035322972,290.5533447265625,0.0079140812158584,10.763296443483194,274.5707893886911,32,0.8660254037844386,0.5000000000000001,-1.0,-1.8369701987210294e-16,1,262.6121818137789
2026,2,5,0,1000.0,19.25,72.5,119.92410363758266,298.9135437011719,0.0111192539334297,17.756626123871367,333.7341236036814,36,0.8660254037844386,0.5000000000000001,0.0,1.0,1,348.7572109715561
2026,2,5,0,1000.0,19.25,72.75,120.43396174407164,298.4506530761719,0.0110133960843086,17.588702883368686,333.663693251059,36,0.8660254037844386,0.5000000000000001,0.0,1.0,1,342.6559962792584
2026,2,5,0,1000.0,19.25,73.0,121.41543859906288,298.3569030761719,0.0101736858487129,16.255902387222818,328.20696330806834,36,0.8660254037844386,0.5000000000000001,0.0,1.0,1,333.1755266792357
2026,2,5,0,1000.0,19.0,72.5,119.51621715239148,298.9467468261719,0.0115851238369941,18.49538469012867,336.77218076074183,36,0.8660254037844386,0.5000000000000001,0.0,1.0,1,351.86086703022596
2026,2,5,0,1000.0,19.0,72.75,119.8348784689471,299.1361999511719,0.0104583576321601,16.707889093472957,329.059010378473,36,0.8660254037844386,0.5000000000000001,0.0,1.0,1,342.88361254370096
2026,2,5,0,1000.0,19.0,73.0,120.35748302809829,299.4799499511719,0.0096982792019844,15.500730396372564,323.5810672309093,36,0.8660254037844386,0.5000000000000001,0.0,1.0,1,334.4950653057648
2026,2,5,0,1000.0,18.75,72.5,119.146570025187,298.7807312011719,0.0123785808682441,19.752662563284453,342.25555540613846,36,0.8660254037844386,0.5000000000000001,0.0,1.0,1,354.67105705664403
2026,2,5,0,1000.0,18.75,72.75,119.10833066720032,299.6420593261719,0.0105513408780097,16.855489275069434,328.9992943208791,36,0.8660254037844386,0.5000000000000001,0.0,1.0,1,344.531708039769
2026,2,5,0,1000.0,18.75,73.0,119.29952745713368,300.2865905761719,0.0100630596280097,16.08021402306701,324.93620420626377,36,0.8660254037844386,0.5000000000000001,0.0,1.0,1,333.94686557102784
2026,2,5,0,925.0,19.25,72.5,805.5149638574335,296.39404296875,0.0075970403850078,11.245928671147611,289.9267095233907,36,0.8660254037844386,0.5000000000000001,0.0,1.0,1,279.14423735901636
2026,2,5,0,925.0,19.25,72.75,805.4129922361358,296.56396484375,0.0075093023478984,11.116639724894936,289.18492830178684,36,0.8660254037844386,0.5000000000000001,0.0,1.0,1,279.47786504942235
2026,2,5,0,925.0,19.25,73.0,805.6169354787313,296.40380859375,0.0073619596660137,10.89948773374909,288.4447270733756,36,0.8660254037844386,0.5000000000000001,0.0,1.0,1,280.67016105373347
2026,2,5,0,925.0,19.0,72.5,804.8648947716601,296.41357421875,0.0076223127543926,11.28316696308052,290.0625489089046,36,0.8660254037844386,0.5000000000000001,0.0,1.0,1,279.61031672517964
2026,2,5,0,925.0,19.0,72.75,804.8648947716601,296.47021484375,0.0074997656047344,11.102585751572969,289.2316466980736,36,0.8660254037844386,0.5000000000000001,0.0,1.0,1,280.1509121149149
2026,2,5,0,925.0,19.0,73.0,805.0943309195801,296.47607421875,0.0074282400310039,10.997175782441897,288.777686652293,36,0.8660254037844386,0.5000000000000001,0.0,1.0,1,280.7283387040799
2026,2,5,0,925.0,18.75,72.5,804.1128540645889,296.39208984375,0.0076399557292461,11.30916283163885,290.19742423657783,36,0.8660254037844386,0.5000000000000001,0.0,1.0,1,280.01305637831666
2026,2,5,0,925.0,18.75,72.75,804.2148256858867,296.45654296875,0.0074744932353496,11.06534193798982,289.0890914832939,36,0.8660254037844386,0.5000000000000001,0.0,1.0,1,280.5893232873764
2026,2,5,0,925.0,18.75,73.0,804.2658114965355,296.65185546875,0.0074291937053203,10.998581308703336,288.5848923761672,36,0.8660254037844386,0.5000000000000001,0.0,1.0,1,280.74486730873247
2026,2,5,0,850.0,19.25,72.5,1534.9114981925532,290.3658447265625,0.0072819888591766,9.90742673444226,270.9924274974043,36,0.8660254037844386,0.5000000000000001,0.0,1.0,1,257.6910622404605
2026,2,5,0,850.0,19.25,72.75,1535.0644556244995,290.5045166015625,0.0072357356548309,9.844772971912226,270.56523976981185,36,0.8660254037844386,0.5000000000000001,0.0,1.0,1,259.4662963167571
2026,2,5,0,850.0,19.25,73.0,1535.1154414351488,290.4615478515625,0.0072443187236785,9.8563997083052,270.66310610611987,36,0.8660254037844386,0.5000000000000001,0.0,1.0,1,260.67808769455263
2026,2,5,0,850.0,19.0,72.5,1534.3506542754153,290.5689697265625,0.0070135295391082,9.54372764739814,269.16560301372743,36,0.8660254037844386,0.5000000000000001,0.0,1.0,1,259.85053409907863
2026,2,5,0,850.0,19.0,72.75,1534.5418510653485,290.6666259765625,0.006886214017868,9.371203819417891,268.2993384723012,36,0.8660254037844386,0.5000000000000001,0.0,1.0,1,261.9830456855375
2026,2,5,0,850.0,19.0,73.0,1534.7840336659308,290.5885009765625,0.0069510638713836,9.459084446973078,268.770787795514,36,0.8660254037844386,0.5000000000000001,0.0,1.0,1,263.7898321937596
2026,2,5,0,850.0,18.75,72.5,1533.7515710002906,290.6998291015625,0.0068142116069793,9.273622394127958,267.8332574521506,36,0.8660254037844386,0.5000000000000001,0.0,1.0,1,262.7018564880673
2026,2,5,0,850.0,18.75,72.75,1533.981007148211,290.7447509765625,0.0067088305950164,9.130789213421291,267.15530027598777,36,0.8660254037844386,0.5000000000000001,0.0,1.0,1,265.0142707422854
2026,2,5,0,850.0,18.75,73.0,1534.2104432961307,290.7095947265625,0.0068099200725555,9.26780601413348,267.79721431760885,36,0.8660254037844386,0.5000000000000001,0.0,1.0,1,266.28335520749016
2026,2,5,6,1000.0,19.25,72.5,149.25356673628357,300.0389404296875,0.0097453445196151,15.575511864919967,323.1681847570564,36,0.8660254037844386,0.5000000000000001,1.0,6.123233995736766e-17,1,348.55731012717877
2026,2,5,6,1000.0,19.25,72.75,149.04962349368796,301.2342529296875,0.009761556982994,15.601270651510813,321.73665783952174,36,0.8660254037844386,0.5000000000000001,1.0,6.123233995736766e-17,1,331.76935814037927
2026,2,5,6,1000.0,19.25,73.0,149.57222805283917,302.0623779296875,0.0094053596258163,15.035218691850766,318.36521476034386,36,0.8660254037844386,0.5000000000000001,1.0,6.123233995736766e-17,1,326.83059253706773
2026,2,5,6,1000.0,19.0,72.5,148.76920153511904,299.9373779296875,0.0096533149480819,15.42928330818244,322.6931840555957,36,0.8660254037844386,0.5000000000000001,1.0,6.123233995736766e-17,1,349.961907407799
2026,2,5,6,1000.0,19.0,72.75,148.85842670375462,300.8768310546875,0.0095565170049667,15.275460594487503,320.8526894256392,36,0.8660254037844386,0.5000000000000001,1.0,6.123233995736766e-17,1,340.91111205586003
2026,2,5,6,1000.0,19.0,73.0,148.67997636648346,302.0194091796875,0.0093943923711776,15.017786183707765,318.34796982235906,36,0.8660254037844386,0.5000000000000001,1.0,6.123233995736766e-17,1,329.9582839130769
2026,2,5,6,1000.0,18.75,72.5,148.39955440791454,299.8358154296875,0.0098993629217147,15.820199966480764,324.44607269230585,36,0.8660254037844386,0.5000000000000001,1.0,6.123233995736766e-17,1,351.7329201367413
2026,2,5,6,1000.0,18.75,72.75,148.31032923927896,300.8143310546875,0.0094511359930038,15.10797797017673,320.2420630533437,36,0.8660254037844386,0.5000000000000001,1.0,6.123233995736766e-17,1,343.5514880214127
2026,2,5,6,1000.0,18.75,73.0,147.04843042571878,302.4764404296875,0.0092284530401229,14.75399655753269,316.6988746408982,36,0.8660254037844386,0.5000000000000001,1.0,6.123233995736766e-17,1,329.5258068414192
2026,2,5,6,925.0,19.25,72.5,833.7708619597416,296.1927490234375,0.007759217172861,11.48487288654214,291.1721305784245,36,0.8660254037844386,0.5000000000000001,1.0,6.123233995736766e-17,1,277.98378427730046
2026,2,5,6,925.0,19.25,72.75,834.2807200662306,296.2689208984375,0.0076547898352146,11.331019570445024,290.4309201004753,36,0.8660254037844386,0.5000000000000001,1.0,6.123233995736766e-17,1,278.38923054104924
2026,2,5,6,925.0,19.25,73.0,834.4336774981773,296.0286865234375,0.0077387131750583,11.45466577804726,291.2320054490536,36,0.8660254037844386,0.5000000000000001,1.0,6.123233995736766e-17,1,279.50826000293023
2026,2,5,6,925.0,19.0,72.5,833.337482569226,296.1927490234375,0.0078455246984958,11.612015524231332,291.7126996620425,36,0.8660254037844386,0.5000000000000001,1.0,6.123233995736766e-17,1,278.2066131462028
2026,2,5,6,925.0,19.0,72.75,833.847340675715,296.2864990234375,0.0078092850744724,11.558631282017272,291.3779513807418,36,0.8660254037844386,0.5000000000000001,1.0,6.123233995736766e-17,1,278.6494413013797
2026,2,5,6,925.0,19.0,73.0,834.2679736135684,296.0247802734375,0.0082117356359958,12.151346056003776,294.2019118334149,36,0.8660254037844386,0.5000000000000001,1.0,6.123233995736766e-17,1,279.4437990760628
2026,2,5,6,925.0,18.75,72.5,832.8531173680615,296.2279052734375,0.0078893937170505,11.676635423223836,291.9468982460668,36,0.8660254037844386,0.5000000000000001,1.0,6.123233995736766e-17,1,278.48559819741894
2026,2,5,6,925.0,18.75,72.75,833.3119896639016,296.2767333984375,0.0078727044165134,11.652052170127392,291.7861444298468,36,0.8660254037844386,0.5000000000000001,1.0,6.123233995736766e-17,1,279.0151878312413
2026,2,5,6,925.0,18.75,73.0,833.9875516549995,296.1107177734375,0.0083528794348239,12.359149264253276,294.9855229436428,36,0.8660254037844386,0.5000000000000001,1.0,6.123233995736766e-17,1,279.5792739392731
2026,2,5,6,850.0,19.25,72.5,1562.7796253052777,290.27001953125,0.0069718323647975,9.487227203983265,269.23616138403696,36,0.8660254037844386,0.5000000000000001,1.0,6.123233995736766e-17,1,254.4025584113638
2026,2,5,6,850.0,19.25,72.75,1563.2894834117667,290.20947265625,0.0071992836892604,9.79539332100184,270.665901635327,36,0.8660254037844386,0.5000000000000001,1.0,6.123233995736766e-17,1,255.45912036944534
2026,2,5,6,850.0,19.25,73.0,1563.5061731070243,290.11962890625,0.0069136582314968,9.408395411716027,269.04816310486285,36,0.8660254037844386,0.5000000000000001,1.0,6.123233995736766e-17,1,257.01536568990963
2026,2,5,6,850.0,19.0,72.5,1562.4227246307353,290.30908203125,0.006984706968069,9.504672834131556,269.2714939995338,36,0.8660254037844386,0.5000000000000001,1.0,6.123233995736766e-17,1,257.99034615705614
2026,2,5,6,850.0,19.0,72.75,1562.856104021251,290.24658203125,0.0070419274270534,9.582205679316978,269.68182675454244,36,0.8660254037844386,0.5000000000000001,1.0,6.123233995736766e-17,1,259.3023615740814
2026,2,5,6,850.0,19.0,73.0,1563.3149763170911,290.11572265625,0.0070395432412624,9.578975251299704,269.8082987015215,36,0.8660254037844386,0.5000000000000001,1.0,6.123233995736766e-17,1,261.33179562649883
2026,2,5,6,850.0,18.75,72.5,1562.116809766842,290.33056640625,0.0070486031472682,9.59125082817618,269.6315718699781,36,0.8660254037844386,0.5000000000000001,1.0,6.123233995736766e-17,1,262.4096664229261
2026,2,5,6,850.0,18.75,72.75,1562.5374427046954,290.36767578125,0.0069017373025417,9.392240670667846,268.71127389824346,36,0.8660254037844386,0.5000000000000001,1.0,6.123233995736766e-17,1,264.2627136730229
2026,2,5,6,850.0,18.75,73.0,1563.085540169171,290.25634765625,0.006977554410696,9.494980850943069,269.2851497634763,36,0.8660254037844386,0.5000000000000001,1.0,6.123233995736766e-17,1,265.5809752895227
2026,2,5,12,1000.0,19.25,72.5,127.84460492847968,301.186279296875,0.0086416117846965,13.8206850684912,314.4766000676336,36,0.8660254037844386,0.5000000000000001,1.2246467991473532e-16,-1.0,1,332.43443248845125
2026,2,5,12,1000.0,19.25,72.75,126.56995966225723,301.457763671875,0.0103958956897258,16.60872865419374,325.58566865668325,36,0.8660254037844386,0.5000000000000001,1.2246467991473532e-16,-1.0,1,334.011821385156
2026,2,5,12,1000.0,19.25,73.0,125.0658782481148,303.487060546875,0.0088862292468547,14.209804804603063,313.24078294598564,36,0.8660254037844386,0.5000000000000001,1.2246467991473532e-16,-1.0,1,321.76699016697796
2026,2,5,12,1000.0,19.0,72.5,127.56418296991072,301.043701171875,0.0090087763965129,14.404700671307596,317.0561341442948,36,0.8660254037844386,0.5000000000000001,1.2246467991473532e-16,-1.0,1,332.77448708403534
2026,2,5,12,1000.0,19.0,72.75,126.16207317706608,301.125732421875,0.0091222636401653,14.585162147433287,317.69594813125275,36,0.8660254037844386,0.5000000000000001,1.2246467991473532e-16,-1.0,1,334.80527802659554
2026,2,5,12,1000.0,19.0,73.0,124.6324988575992,302.713623046875,0.0086401812732219,13.818409175998132,312.5953590510736,36,0.8660254037844386,0.5000000000000001,1.2246467991473532e-16,-1.0,1,330.3317624016277
2026,2,5,12,1000.0,18.75,72.5,127.29650746400402,300.559326171875,0.010114561766386,16.162008822807593,324.9187778518766,36,0.8660254037844386,0.5000000000000001,1.2246467991473532e-16,-1.0,1,336.35641739996385
2026,2,5,12,1000.0,18.75,72.75,125.66496152323934,300.660888671875,0.0096343867480754,15.399205705143345,321.6389741422308,36,0.8660254037844386,0.5000000000000001,1.2246467991473532e-16,-1.0,1,335.9072151675412
2026,2,5,12,1000.0,18.75,73.0,124.07165494046131,301.934326171875,0.00939167663455,15.013469470558665,318.43732622418725,36,0.8660254037844386,0.5000000000000001,1.2246467991473532e-16,-1.0,1,333.9929589957664
2026,2,5,12,925.0,19.25,72.5,815.0470200705644,297.2115478515625,0.0075224004685878,11.135941714573658,288.53383731773613,36,0.8660254037844386,0.5000000000000001,1.2246467991473532e-16,-1.0,1,268.57368697217714
2026,2,5,12,925.0,19.25,72.75,814.4734297007643,297.2955322265625,0.0081813894212245,12.106663294254046,292.5356783572747,36,0.8660254037844386,0.5000000000000001,1.2246467991473532e-16,-1.0,1,268.87897333081276
2026,2,5,12,925.0,19.25,73.0,814.167514836871,297.7779541015625,0.007485207170248,11.08113117019031,287.6651807728452,36,0.8660254037844386,0.5000000000000001,1.2246467991473532e-16,-1.0,1,277.50343282208814
2026,2,5,12,925.0,19.0,72.5,814.741105206671,297.3170166015625,0.0070455633103847,10.433055481517243,285.4489245121391,36,0.8660254037844386,0.5000000000000001,1.2246467991473532e-16,-1.0,1,268.6561383836621
2026,2,5,12,925.0,19.0,72.75,813.8233606149909,297.4752197265625,0.0075538717210292,11.182317941060807,288.43192885250454,36,0.8660254037844386,0.5000000000000001,1.2246467991473532e-16,-1.0,1,269.13659654148955
2026,2,5,12,925.0,19.0,73.0,813.4537134877864,297.6412353515625,0.0075100027024745,11.117671807169051,287.972588681196,36,0.8660254037844386,0.5000000000000001,1.2246467991473532e-16,-1.0,1,277.02593990563884
2026,2,5,12,925.0,18.75,72.5,814.0910361208976,297.4107666015625,0.0069492422044277,10.291023215171982,284.7461336729741,36,0.8660254037844386,0.5000000000000001,1.2246467991473532e-16,-1.0,1,269.1462744956227
2026,2,5,12,925.0,18.75,72.75,812.8928695706485,297.5318603515625,0.0073650442063808,10.90403409148884,287.1955033860208,36,0.8660254037844386,0.5000000000000001,1.2246467991473532e-16,-1.0,1,269.43980578747767
2026,2,5,12,925.0,18.75,73.0,812.5104759907819,297.4166259765625,0.0077131353318691,11.41698267701847,289.48756393905825,36,0.8660254037844386,0.5000000000000001,1.2246467991473532e-16,-1.0,1,276.56374463706317
2026,2,5,12,850.0,19.25,72.5,1545.9439512983538,290.7574462890625,0.0067028887569904,9.122735117221994,267.1063407914229,36,0.8660254037844386,0.5000000000000001,1.2246467991473532e-16,-1.0,1,249.6077677447166
2026,2,5,12,850.0,19.25,72.75,1545.8547261297183,290.8238525390625,0.0072264559566974,9.83220243659122,270.16498583703304,36,0.8660254037844386,0.5000000000000001,1.2246467991473532e-16,-1.0,1,249.52213315304897
2026,2,5,12,850.0,19.25,73.0,1546.1351480882872,290.9976806640625,0.0070028193295001,9.529215387159937,268.64310746696617,36,0.8660254037844386,0.5000000000000001,1.2246467991473532e-16,-1.0,1,250.18235514739877
2026,2,5,12,850.0,19.0,72.5,1545.7145151504335,290.8199462890625,0.0062641985714435,8.527935319283975,264.4170895361217,36,0.8660254037844386,0.5000000000000001,1.2246467991473532e-16,-1.0,1,253.57762497705465
2026,2,5,12,850.0,19.0,72.75,1545.332121570567,290.8804931640625,0.0068445093929767,9.314684571425197,267.82251866557795,36,0.8660254037844386,0.5000000000000001,1.2246467991473532e-16,-1.0,1,253.6134545342372
2026,2,5,12,850.0,19.0,73.0,1545.2938822125802,290.9371337890625,0.0071945078670978,9.788923592677742,269.8522002215924,36,0.8660254037844386,0.5000000000000001,1.2246467991473532e-16,-1.0,1,254.36554567140576
2026,2,5,12,850.0,18.75,72.5,1545.2683893072558,290.9176025390625,0.0062346346676349,8.487839621492268,264.13899599247827,36,0.8660254037844386,0.5000000000000001,1.2246467991473532e-16,-1.0,1,258.43223189556323
2026,2,5,12,850.0,18.75,72.75,1544.427123431549,290.9332275390625,0.0067434199154376,9.177673507296127,267.1627529217392,36,0.8660254037844386,0.5000000000000001,1.2246467991473532e-16,-1.0,1,258.8746025703121
2026,2,5,12,850.0,18.75,73.0,1544.1721943783043,290.9527587890625,0.007258404046297,9.875479607333148,270.2167747686732,36,0.8660254037844386,0.5000000000000001,1.2246467991473532e-16,-1.0,1,259.91037891615304
2026,2,5,18,1000.0,19.25,72.5,149.99945827576187,298.46844482421875,0.0117624923586845,18.77653969886884,338.61298933903106,36,0.8660254037844386,0.5000000000000001,-1.0,-1.8369701987210294e-16,1,317.90996404778764
2026,2,5,18,1000.0,19.25,72.75,150.48382347692635,298.22235107421875,0.0114248916506767,18.241341524429966,336.7127223697531,36,0.8660254037844386,0.5000000000000001,-1.0,-1.8369701987210294e-16,1,318.7342941271039
2026,2,5,18,1000.0,19.25,73.0,150.94269577276646,298.47625732421875,0.0109394714236259,17.47142281391966,333.13771661088253,36,0.8660254037844386,0.5000000000000001,-1.0,-1.8369701987210294e-16,1,330.1026700633025
2026,2,5,18,1000.0,19.0,72.5,150.19065506569524,298.16571044921875,0.013425700366497,21.410042167122885,350.0858021264515,36,0.8660254037844386,0.5000000000000001,-1.0,-1.8369701987210294e-16,1,315.5517769812544
2026,2,5,18,1000.0,19.0,72.75,151.10839965737537,298.24969482421875,0.0124543830752372,19.87271250443982,343.51555479212334,36,0.8660254037844386,0.5000000000000001,-1.0,-1.8369701987210294e-16,1,315.00497454211273
2026,2,5,18,1000.0,19.0,73.0,151.46530033191763,298.46649169921875,0.0116108581423759,18.536181054977053,337.609303924594,36,0.8660254037844386,0.5000000000000001,-1.0,-1.8369701987210294e-16,1,330.665623587474
2026,2,5,18,1000.0,18.75,72.5,149.98671182309965,298.22039794921875,0.0145353004336357,23.164034198429707,357.361473395032,36,0.8660254037844386,0.5000000000000001,-1.0,-1.8369701987210294e-16,1,322.80930352632157
2026,2,5,18,1000.0,18.75,72.75,151.54177904789097,298.34149169921875,0.0135463401675224,21.60085630960628,350.6262740089696,36,0.8660254037844386,0.5000000000000001,-1.0,-1.8369701987210294e-16,1,320.78136287614154
2026,2,5,18,1000.0,18.75,73.0,151.45255387925542,297.98992919921875,0.0122550651431083,19.557023953923533,342.561647318958,36,0.8660254037844386,0.5000000000000001,-1.0,-1.8369701987210294e-16,1,332.6743505574879
2026,2,5,18,925.0,19.25,72.5,833.6125271180781,296.51513671875,0.0072747692465782,10.770969237501204,287.77383008702355,36,0.8660254037844386,0.5000000000000001,-1.0,-1.8369701987210294e-16,1,265.1237199584298
2026,2,5,18,925.0,19.25,72.75,834.1478781298915,296.49951171875,0.0073825344443321,10.929812936764266,288.46535837594934,36,0.8660254037844386,0.5000000000000001,-1.0,-1.8369701987210294e-16,1,265.8747437631439
2026,2,5,18,925.0,19.25,73.0,834.517525257096,296.40966796875,0.0076314434409141,11.296620553013184,290.1241193781036,36,0.8660254037844386,0.5000000000000001,-1.0,-1.8369701987210294e-16,1,274.55761549091466
2026,2,5,18,925.0,19.0,72.5,833.3575980648336,296.42138671875,0.00725569576025,10.742853150862969,287.7599456893034,36,0.8660254037844386,0.5000000000000001,-1.0,-1.8369701987210294e-16,1,264.87849168580004
2026,2,5,18,925.0,19.0,72.75,833.892949076647,296.28076171875,0.0073839649558067,10.931921342146609,288.721561088749,36,0.8660254037844386,0.5000000000000001,-1.0,-1.8369701987210294e-16,1,265.7254577203104
2026,2,5,18,925.0,19.0,73.0,834.632243331056,296.16943359375,0.0077706798911094,11.50175978255689,291.27070584597374,36,0.8660254037844386,0.5000000000000001,-1.0,-1.8369701987210294e-16,1,274.03746819726086
2026,2,5,18,925.0,18.75,72.5,833.1791477275625,296.48388671875,0.0071755871176719,10.624758500196954,287.1885587257898,36,0.8660254037844386,0.5000000000000001,-1.0,-1.8369701987210294e-16,1,265.00319550026995
2026,2,5,18,925.0,18.75,72.75,833.8037239080114,296.09716796875,0.0072494968771934,10.733715282979784,288.08614969552866,36,0.8660254037844386,0.5000000000000001,-1.0,-1.8369701987210294e-16,1,265.6576160768827
2026,2,5,18,925.0,18.75,73.0,834.4537929937849,295.94873046875,0.0078269466757774,11.5846487096791,291.87741976678745,36,0.8660254037844386,0.5000000000000001,-1.0,-1.8369701987210294e-16,1,273.52942715086766
2026,2,5,18,850.0,19.25,72.5,1563.3301127296274,290.4058837890625,0.0069718286395072,9.487222156018532,269.09053895033304,36,0.8660254037844386,0.5000000000000001,-1.0,-1.8369701987210294e-16,1,250.1075587759135
2026,2,5,18,850.0,19.25,72.75,1563.6105346881964,290.2398681640625,0.0073857232928276,10.047930790214256,271.75121597294066,36,0.8660254037844386,0.5000000000000001,-1.0,-1.8369701987210294e-16,1,250.06440247571223
2026,2,5,18,850.0,19.25,73.0,1563.7762385728054,290.1656494140625,0.0073604509234428,10.013702022472064,271.6804694739431,36,0.8660254037844386,0.5000000000000001,-1.0,-1.8369701987210294e-16,1,250.5141115723952
2026,2,5,18,850.0,19.0,72.5,1563.1644088450184,290.5250244140625,0.0071005746722221,9.661666226373637,269.7338878969409,36,0.8660254037844386,0.5000000000000001,-1.0,-1.8369701987210294e-16,1,254.1281330588419
2026,2,5,18,850.0,19.0,72.75,1563.355605634952,290.3160400390625,0.0075282976031303,10.24101309901941,272.5227392465234,36,0.8660254037844386,0.5000000000000001,-1.0,-1.8369701987210294e-16,1,254.20724965441187
2026,2,5,18,850.0,19.0,73.0,1563.6742669515074,290.1246337890625,0.0074534341692924,10.139632895949642,272.28319841957966,36,0.8660254037844386,0.5000000000000001,-1.0,-1.8369701987210294e-16,1,254.67156009149164
2026,2,5,18,850.0,18.75,72.5,1563.1771552976809,290.5933837890625,0.0071291849017143,9.700427884277095,269.8316080799072,36,0.8660254037844386,0.5000000000000001,-1.0,-1.8369701987210294e-16,1,258.51211213944254
2026,2,5,18,850.0,18.75,72.75,1563.1899017503429,290.4000244140625,0.007426731288433,10.103469582445298,271.82246856058043,36,0.8660254037844386,0.5000000000000001,-1.0,-1.8369701987210294e-16,1,258.8791938517377
2026,2,5,18,850.0,18.75,73.0,1563.355605634952,290.1597900390625,0.0075240060687065,10.235201743133892,272.66816454581823,36,0.8660254037844386,0.5000000000000001,-1.0,-1.8369701987210294e-16,1,259.63809896208807
2026,2,15,0,1000.0,19.25,72.5,106.24417248117348,298.81982421875,0.0123888067901134,19.76885826423741,342.26763735854286,46,0.8660254037844386,0.5000000000000001,0.0,1.0,1,329.7897614885407
2026,2,15,0,1000.0,19.25,72.75,105.10973819423556,299.00732421875,0.0108433775603771,17.318956077253315,331.78024630366656,46,0.8660254037844386,0.5000000000000001,0.0,1.0,1,326.4112949711072
2026,2,15,0,1000.0,19.25,73.0,104.24297941320432,298.77880859375,0.0100871138274669,16.11841711732241,327.0729843954085,46,0.8660254037844386,0.5000000000000001,0.0,1.0,1,320.8568564422362
2026,2,15,0,1000.0,19.0,72.5,105.40290660546673,299.00927734375,0.0127788595855236,20.386470413063,344.575135676171,46,0.8660254037844386,0.5000000000000001,0.0,1.0,1,331.6239571767913
2026,2,15,0,1000.0,19.0,72.75,104.09002198125762,299.49365234375,0.0106340460479259,16.986760269072878,329.74292438091425,46,0.8660254037844386,0.5000000000000001,0.0,1.0,1,327.09399748324046
2026,2,15,0,1000.0,19.0,73.0,103.31248836886196,299.37646484375,0.0099240355193614,15.859392941718596,325.2078658004265,46,0.8660254037844386,0.5000000000000001,0.0,1.0,1,322.9791451405524
2026,2,15,0,1000.0,18.75,72.5,104.8165697830044,299.13232421875,0.01363430544734,21.739972164369235,350.0405273059044,46,0.8660254037844386,0.5000000000000001,0.0,1.0,1,336.6179175164954
2026,2,15,0,1000.0,18.75,72.75,103.35072772684862,299.87646484375,0.0107894949615001,17.23345584208793,330.2551837378469,46,0.8660254037844386,0.5000000000000001,0.0,1.0,1,329.186442058158
2026,2,15,0,1000.0,18.75,73.0,102.87910897834634,300.09716796875,0.0097480826079845,15.57986224687396,323.1109797690977,46,0.8660254037844386,0.5000000000000001,0.0,1.0,1,325.26315385488476
2026,2,15,0,925.0,19.25,72.5,791.1373635810904,296.898681640625,0.006213579326868,9.205689983334873,280.71967068886045,46,0.8660254037844386,0.5000000000000001,0.0,1.0,1,268.8980441078588
2026,2,15,0,925.0,19.25,72.75,790.7039841905748,297.041259765625,0.0070504285395145,10.440229165845196,285.7851524203983,46,0.8660254037844386,0.5000000000000001,0.0,1.0,1,269.61132835810525
2026,2,15,0,925.0,19.25,73.0,790.0156757468147,297.172119140625,0.0074547864496707,11.036299317850796,288.15750039718245,46,0.8660254037844386,0.5000000000000001,0.0,1.0,1,272.2829385232097
2026,2,15,0,925.0,19.0,72.5,790.7677164538859,297.060791015625,0.0062431432306766,9.249324649253325,280.72967073421074,46,0.8660254037844386,0.5000000000000001,0.0,1.0,1,268.71007543257076
2026,2,15,0,925.0,19.0,72.75,790.1686331787614,297.049072265625,0.0071467496454715,10.58224403987073,286.3768001948063,46,0.8660254037844386,0.5000000000000001,0.0,1.0,1,269.52594441377255
2026,2,15,0,925.0,19.0,73.0,789.3783531137035,297.176025390625,0.0075964070856571,11.24499550357187,289.0345461668459,46,0.8660254037844386,0.5000000000000001,0.0,1.0,1,272.21708190666845
2026,2,15,0,925.0,18.75,72.5,790.3980693266815,297.099853515625,0.0061325170099735,9.0860385308306,279.99761441972385,46,0.8660254037844386,0.5000000000000001,0.0,1.0,1,268.7895365784709
2026,2,15,0,925.0,18.75,72.75,789.748000240908,297.074462890625,0.0071434117853641,10.577323009243772,286.3277023073818,46,0.8660254037844386,0.5000000000000001,0.0,1.0,1,269.5166808535743
2026,2,15,0,925.0,18.75,73.0,788.9067343652013,297.103759765625,0.0077594853937625,11.485268032705871,290.1317093911163,46,0.8660254037844386,0.5000000000000001,0.0,1.0,1,272.7511389299178
2026,2,15,0,850.0,19.25,72.5,1521.1222263719008,290.6405029296875,0.0067354701459407,9.166898120115292,267.42502598354105,46,0.8660254037844386,0.5000000000000001,0.0,1.0,1,247.45607056552782
2026,2,15,0,850.0,19.25,72.75,1521.262437351185,290.7205810546875,0.006752636283636,9.19016555552405,267.4429027908948,46,0.8660254037844386,0.5000000000000001,0.0,1.0,1,247.59114637423525
2026,2,15,0,850.0,19.25,73.0,1521.1094799192383,290.8846435546875,0.0065619014203548,8.931611334131844,266.12942485742656,46,0.8660254037844386,0.5000000000000001,0.0,1.0,1,248.57320417949347
2026,2,15,0,850.0,19.0,72.5,1521.0584941085897,290.8338623046875,0.006498958915472,8.846275339095458,265.8064538311372,46,0.8660254037844386,0.5000000000000001,0.0,1.0,1,246.76822627103627
2026,2,15,0,850.0,19.0,72.75,1521.0967334665763,290.8690185546875,0.0066195987164974,9.00983028419683,266.4906825941672,46,0.8660254037844386,0.5000000000000001,0.0,1.0,1,246.79700851973408
2026,2,15,0,850.0,19.0,73.0,1520.8035650553452,291.0272216796875,0.0065580867230892,8.926439640748056,265.9569888128744,46,0.8660254037844386,0.5000000000000001,0.0,1.0,1,247.8884057788389
2026,2,15,0,850.0,18.75,72.5,1521.0584941085897,290.9979248046875,0.0063153766095638,8.597341540441152,264.53810197177535,46,0.8660254037844386,0.5000000000000001,0.0,1.0,1,247.18191118358575
2026,2,15,0,850.0,18.75,72.75,1520.905536676643,291.0272216796875,0.0064054988324642,8.71955231916876,265.0458690175604,46,0.8660254037844386,0.5000000000000001,0.0,1.0,1,247.3846641257673
2026,2,15,0,850.0,18.75,73.0,1520.446664380803,291.2088623046875,0.0065580867230892,8.926439640748056,265.76659381915783,46,0.8660254037844386,0.5000000000000001,0.0,1.0,1,248.78629312244982
2026,2,15,6,1000.0,19.25,72.5,129.1573401801966,299.87890625,0.0105456039309501,16.846383012870323,328.6464153972012,46,0.8660254037844386,0.5000000000000001,1.0,6.123233995736766e-17,1,334.61477985623907
2026,2,15,6,1000.0,19.25,72.75,127.8826949139742,301.986328125,0.0095423385500907,15.25292793959652,319.35132524496515,46,0.8660254037844386,0.5000000000000001,1.0,6.123233995736766e-17,1,325.0430242668691
2026,2,15,6,1000.0,19.25,73.0,126.97769677495629,303.48046875,0.0090035125613212,14.396329795268615,314.00424955877304,46,0.8660254037844386,0.5000000000000001,1.0,6.123233995736766e-17,1,316.34631356214334
2026,2,15,6,1000.0,19.0,72.5,128.64748207370764,299.380859375,0.0115502998232841,18.44017647416616,335.9423228635614,46,0.8660254037844386,0.5000000000000001,1.0,6.123233995736766e-17,1,335.7839194408832
2026,2,15,6,1000.0,19.0,72.75,127.81896265066308,300.708984375,0.0108469650149345,17.324648407842517,329.51967585316606,46,0.8660254037844386,0.5000000000000001,1.0,6.123233995736766e-17,1,325.8822898941697
2026,2,15,6,1000.0,19.0,73.0,126.60804964775178,302.55859375,0.0098637267947196,15.763589116366768,320.7102857483347,46,0.8660254037844386,0.5000000000000001,1.0,6.123233995736766e-17,1,315.1783579804499
2026,2,15,6,1000.0,18.75,72.5,128.41804592578762,298.87109375,0.012756697833538,20.351387135022456,344.62729127850423,46,0.8660254037844386,0.5000000000000001,1.0,6.123233995736766e-17,1,338.805295027923
2026,2,15,6,1000.0,18.75,72.75,127.6660052187164,299.6875,0.0114978477358818,18.357017229012538,335.1747773918978,46,0.8660254037844386,0.5000000000000001,1.0,6.123233995736766e-17,1,327.7475472119104
2026,2,15,6,1000.0,18.75,73.0,125.43537600282716,302.244140625,0.0097273513674736,15.546923282592276,320.2261716422231,46,0.8660254037844386,0.5000000000000001,1.0,6.123233995736766e-17,1,314.1216558237099
2026,2,15,6,925.0,19.25,72.5,815.4452471345975,297.2017822265625,0.0070470385253429,10.435230661319231,285.5858631552825,46,0.8660254037844386,0.5000000000000001,1.0,6.123233995736766e-17,1,270.1365003775599
2026,2,15,6,925.0,19.25,72.75,815.2030645340152,297.1939697265625,0.0073340944945812,10.858416003462962,287.38167258601067,46,0.8660254037844386,0.5000000000000001,1.0,6.123233995736766e-17,1,271.8160997469559
2026,2,15,6,925.0,19.25,73.0,814.6167277115529,297.1568603515625,0.007709365338087,11.41142835496497,289.75928473689646,46,0.8660254037844386,0.5000000000000001,1.0,6.123233995736766e-17,1,276.39165280166543
2026,2,15,6,925.0,19.0,72.5,814.8206709541485,297.2720947265625,0.0070155672729015,10.388825983234344,285.3120268976008,46,0.8660254037844386,0.5000000000000001,1.0,6.123233995736766e-17,1,269.92582712537
2026,2,15,6,925.0,19.0,72.75,814.4255309216196,297.4478759765625,0.0071042589843273,10.519598275227862,285.6688379927761,46,0.8660254037844386,0.5000000000000001,1.0,6.123233995736766e-17,1,271.70105053836687
2026,2,15,6,925.0,19.0,73.0,814.0686302470773,297.1822509765625,0.007376056164503,10.92026466982765,287.65602535972283,46,0.8660254037844386,0.5000000000000001,1.0,6.123233995736766e-17,1,276.51229319922
2026,2,15,6,925.0,18.75,72.5,814.2088412263618,297.3521728515625,0.0069631151854991,10.311480925189416,284.8970989548876,46,0.8660254037844386,0.5000000000000001,1.0,6.123233995736766e-17,1,270.0110171851935
2026,2,15,6,925.0,18.75,72.75,813.9284192677928,297.5201416015625,0.0069712214171886,10.323434573121784,284.7620827183057,46,0.8660254037844386,0.5000000000000001,1.0,6.123233995736766e-17,1,271.7840595925888
2026,2,15,6,925.0,18.75,73.0,813.8137011938328,297.2154541015625,0.0077136568725109,11.41775105949765,289.7193572622126,46,0.8660254037844386,0.5000000000000001,1.0,6.123233995736766e-17,1,277.0192455558539
2026,2,15,6,850.0,19.25,72.5,1546.0706191716847,290.7049865722656,0.0063330940902233,8.62136848905299,264.9489194978032,46,0.8660254037844386,0.5000000000000001,1.0,6.123233995736766e-17,1,248.57525734780683
2026,2,15,6,850.0,19.25,72.75,1546.2235766036313,290.8553771972656,0.0064861588180065,8.828920466780328,265.70738621966245,46,0.8660254037844386,0.5000000000000001,1.0,6.123233995736766e-17,1,249.80944379674335
2026,2,15,6,850.0,19.25,73.0,1546.0706191716847,291.0838928222656,0.0064160637557506,8.733878073271702,265.0498577266686,46,0.8660254037844386,0.5000000000000001,1.0,6.123233995736766e-17,1,253.70629602747266
2026,2,15,6,850.0,19.0,72.5,1545.7264649498045,290.8338928222656,0.0062963776290416,8.571576157408611,264.5950536573378,46,0.8660254037844386,0.5000000000000001,1.0,6.123233995736766e-17,1,249.17263957812438
2026,2,15,6,850.0,19.0,72.75,1545.7647043077911,290.9862365722656,0.006355982273817,8.652406744617888,264.7928213386951,46,0.8660254037844386,0.5000000000000001,1.0,6.123233995736766e-17,1,250.76501978744272
2026,2,15,6,850.0,19.0,73.0,1545.5607610651955,291.0936584472656,0.006449919193983,8.7797839098243,265.2417503681564,46,0.8660254037844386,0.5000000000000001,1.0,6.123233995736766e-17,1,254.68205024609546
2026,2,15,6,850.0,18.75,72.5,1545.573507517858,291.0331115722656,0.0060641579329967,8.256604545422386,263.00101523265243,46,0.8660254037844386,0.5000000000000001,1.0,6.123233995736766e-17,1,250.5888177567277
2026,2,15,6,850.0,18.75,72.75,1545.4587894438978,291.1190490722656,0.0061390213668346,8.358155375741962,263.35958974757887,46,0.8660254037844386,0.5000000000000001,1.0,6.123233995736766e-17,1,252.27773906719608
2026,2,15,6,850.0,18.75,73.0,1545.2038603906533,291.1151428222656,0.006621103733778,9.011870529771045,266.2408021972778,46,0.8660254037844386,0.5000000000000001,1.0,6.123233995736766e-17,1,256.1718754598724
2026,2,15,12,1000.0,19.25,72.5,94.96811773611527,302.76416015625,0.0069324895739555,11.098722799166762,301.4670786241926,46,0.8660254037844386,0.5000000000000001,1.2246467991473532e-16,-1.0,1,341.2508673625237
2026,2,15,12,1000.0,19.25,72.75,93.3875576059995,303.02978515625,0.0095040723681449,15.192112709562505,317.79055462339943,46,0.8660254037844386,0.5000000000000001,1.2246467991473532e-16,-1.0,1,339.48645951614276
2026,2,15,12,1000.0,19.25,73.0,90.7362954522569,304.73876953125,0.0090215131640434,14.424955245831397,312.5829160124497,46,0.8660254037844386,0.5000000000000001,1.2246467991473532e-16,-1.0,1,318.2528809450699
2026,2,15,12,1000.0,19.0,72.5,94.57297770358636,303.08056640625,0.0071480199694633,11.442288521342787,302.50034920608425,46,0.8660254037844386,0.5000000000000001,1.2246467991473532e-16,-1.0,1,343.76185977014353
2026,2,15,12,1000.0,19.0,72.75,93.04340338411946,303.19970703125,0.0087211057543754,13.9471509385455,312.52654282170124,46,0.8660254037844386,0.5000000000000001,1.2246467991473532e-16,-1.0,1,342.51816601986667
2026,2,15,12,1000.0,19.0,73.0,90.62157737829688,304.15478515625,0.0089538022875785,14.317274819010647,312.8603731581963,46,0.8660254037844386,0.5000000000000001,1.2246467991473532e-16,-1.0,1,326.90351316732983
2026,2,15,12,1000.0,18.75,72.5,94.39452736631522,303.00048828125,0.0074059888720512,11.853385448002497,304.2627697914063,46,0.8660254037844386,0.5000000000000001,1.2246467991473532e-16,-1.0,1,342.320544888794
2026,2,15,12,1000.0,18.75,72.75,92.75023497288832,303.51416015625,0.0078689977526664,12.590910493146106,306.6527268035712,46,0.8660254037844386,0.5000000000000001,1.2246467991473532e-16,-1.0,1,340.17793738953725
2026,2,15,12,1000.0,18.75,73.0,90.55784511498577,304.00048828125,0.0088617727160453,14.170906304539589,312.4577257320858,46,0.8660254037844386,0.5000000000000001,1.2246467991473532e-16,-1.0,1,328.6913543161282
2026,2,15,12,925.0,19.25,72.5,784.66002462296,298.4871826171875,0.0052642337977886,7.803678258409723,273.1499154150606,46,0.8660254037844386,0.5000000000000001,1.2246467991473532e-16,-1.0,1,273.5626101115968
2026,2,15,12,925.0,19.25,72.75,783.9334768212132,298.6278076171875,0.0062045566737651,9.192372741678572,278.81429098261026,46,0.8660254037844386,0.5000000000000001,1.2246467991473532e-16,-1.0,1,278.3890677841775
2026,2,15,12,925.0,19.25,73.0,782.8500283449241,299.0438232421875,0.0069231502711772,10.252545968551246,282.79497685509284,46,0.8660254037844386,0.5000000000000001,1.2246467991473532e-16,-1.0,1,279.6079079930505
2026,2,15,12,925.0,19.0,72.5,784.6855175282844,298.5438232421875,0.0054277889430522,8.04533460668122,274.1032206862147,46,0.8660254037844386,0.5000000000000001,1.2246467991473532e-16,-1.0,1,273.796863476213
2026,2,15,12,925.0,19.0,72.75,783.7550264839421,298.7293701171875,0.0059618465602397,8.834083235681243,277.2088622065549,46,0.8660254037844386,0.5000000000000001,1.2246467991473532e-16,-1.0,1,278.8470902871422
2026,2,15,12,925.0,19.0,73.0,782.5058741230441,298.8914794921875,0.0067476741969585,9.993743379403648,281.8803599414827,46,0.8660254037844386,0.5000000000000001,1.2246467991473532e-16,-1.0,1,279.6648546830338
2026,2,15,12,925.0,18.75,72.5,784.6217852649733,298.5906982421875,0.0056452266871929,8.366529556769695,275.3986752085901,46,0.8660254037844386,0.5000000000000001,1.2246467991473532e-16,-1.0,1,273.93746494486226
2026,2,15,12,925.0,18.75,72.75,783.5638296940087,298.7137451171875,0.0059651844203472,8.83901131047155,277.2458942727391,46,0.8660254037844386,0.5000000000000001,1.2246467991473532e-16,-1.0,1,278.74352597449104
2026,2,15,12,925.0,18.75,73.0,782.0852411851907,298.7235107421875,0.0067529194056987,10.001480123391678,282.0946725169919,46,0.8660254037844386,0.5000000000000001,1.2246467991473532e-16,-1.0,1,279.7246868985881
2026,2,15,12,850.0,19.25,72.5,1517.5743309387,292.03155517578125,0.0046537891030311,6.3417440047912566,253.602906148446,46,0.8660254037844386,0.5000000000000001,1.2246467991473532e-16,-1.0,1,252.78644671995733
2026,2,15,12,850.0,19.25,72.75,1517.6890490126598,292.08819580078125,0.0064838901162147,8.825844444182126,264.4088546350764,46,0.8660254037844386,0.5000000000000001,1.2246467991473532e-16,-1.0,1,254.89004624082116
2026,2,15,12,850.0,19.25,73.0,1517.7655277286333,292.18389892578125,0.0072258487343788,9.831379871551157,268.70294257180046,46,0.8660254037844386,0.5000000000000001,1.2246467991473532e-16,-1.0,1,257.2032255507096
2026,2,15,12,850.0,19.0,72.5,1517.6253167493487,292.01788330078125,0.0044983401894569,6.130490423070504,252.69203124920784,46,0.8660254037844386,0.5000000000000001,1.2246467991473532e-16,-1.0,1,252.8854106839794
2026,2,15,12,850.0,19.0,72.75,1517.5743309387,292.22100830078125,0.0056422725319862,7.684152817195607,259.2842058783788,46,0.8660254037844386,0.5000000000000001,1.2246467991473532e-16,-1.0,1,255.24807416394378
2026,2,15,12,850.0,19.0,73.0,1517.1536980008464,292.23077392578125,0.006808616220951,9.26603887881067,266.1836891656924,46,0.8660254037844386,0.5000000000000001,1.2246467991473532e-16,-1.0,1,257.83927378288456
2026,2,15,12,850.0,18.75,72.5,1517.7145419179842,292.01397705078125,0.0048297420144081,6.580814305607826,254.6655901642065,46,0.8660254037844386,0.5000000000000001,1.2246467991473532e-16,-1.0,1,253.33326765897635
2026,2,15,12,850.0,18.75,72.75,1517.3448947907798,292.35186767578125,0.0055488124489784,7.557298260512764,258.59952175633344,46,0.8660254037844386,0.5000000000000001,1.2246467991473532e-16,-1.0,1,255.60057450278546
2026,2,15,12,850.0,18.75,73.0,1516.4271501990995,292.28155517578125,0.0068744197487831,9.35522019279176,266.51979741515515,46,0.8660254037844386,0.5000000000000001,1.2246467991473532e-16,-1.0,1,258.36725382554584
2026,2,15,18,1000.0,19.25,72.5,110.01468271848697,301.0183410644531,0.0074584744870662,11.93701034363749,306.9297150371609,46,0.8660254037844386,0.5000000000000001,-1.0,-1.8369701987210294e-16,1,332.58302471601814
2026,2,15,18,1000.0,19.25,72.75,110.61376599361148,300.2409973144531,0.0082018636167049,13.12087605517851,312.75051971686327,46,0.8660254037844386,0.5000000000000001,-1.0,-1.8369701987210294e-16,1,331.16769129981225
2026,2,15,18,1000.0,19.25,73.0,111.02165247880264,300.3015441894531,0.0078380368649959,12.541605903146372,310.28058481148264,46,0.8660254037844386,0.5000000000000001,-1.0,-1.8369701987210294e-16,1,322.13958423444814
2026,2,15,18,1000.0,19.0,72.5,110.1421472451092,300.4558410644531,0.0090978406369686,14.546328056276822,318.3778849680025,46,0.8660254037844386,0.5000000000000001,-1.0,-1.8369701987210294e-16,1,337.0363530018087
2026,2,15,18,1000.0,19.0,72.75,110.58827308828704,300.4382629394531,0.0088327191770076,14.1246946953108,316.6576878463357,46,0.8660254037844386,0.5000000000000001,-1.0,-1.8369701987210294e-16,1,333.71331635441584
2026,2,15,18,1000.0,19.0,73.0,110.89418795218042,300.6921691894531,0.0083825848996639,13.408518390854164,313.3865515194569,46,0.8660254037844386,0.5000000000000001,-1.0,-1.8369701987210294e-16,1,325.2323326966158
2026,2,15,18,1000.0,18.75,72.5,110.23137241374477,299.9167785644531,0.0114176534116268,18.229864360816705,334.33303680916,46,0.8660254037844386,0.5000000000000001,-1.0,-1.8369701987210294e-16,1,339.60684026533124
2026,2,15,18,1000.0,18.75,72.75,110.3460904877048,300.4870910644531,0.0101187489926815,16.168658679043002,325.040403000133,46,0.8660254037844386,0.5000000000000001,-1.0,-1.8369701987210294e-16,1,334.8090305082566
2026,2,15,18,1000.0,18.75,73.0,110.48630146698925,301.1335754394531,0.0090735219419002,14.507658682402685,317.3673161207384,46,0.8660254037844386,0.5000000000000001,-1.0,-1.8369701987210294e-16,1,328.4384308981801
2026,2,15,18,925.0,19.25,72.5,797.9324178299929,297.8614501953125,0.0049746297299861,7.375664352014887,271.9930689014715,46,0.8660254037844386,0.5000000000000001,-1.0,-1.8369701987210294e-16,1,273.6126972325242
2026,2,15,18,925.0,19.25,72.75,798.2255862412242,298.1114501953125,0.0049383901059627,7.322094229590956,271.5141494568686,46,0.8660254037844386,0.5000000000000001,-1.0,-1.8369701987210294e-16,1,280.22384588516655
2026,2,15,18,925.0,19.25,73.0,798.4167830311575,298.1173095703125,0.0054958127439022,8.145827180829246,274.9653801336242,46,0.8660254037844386,0.5000000000000001,-1.0,-1.8369701987210294e-16,1,282.61790706743614
2026,2,15,18,925.0,19.0,72.5,798.0726288092774,298.0177001953125,0.0049207471311092,7.296013186951503,271.4996984085144,46,0.8660254037844386,0.5000000000000001,-1.0,-1.8369701987210294e-16,1,273.6366379686053
2026,2,15,18,925.0,19.0,72.75,798.2893185045352,298.0841064453125,0.0050242207944393,7.448967023248528,272.0744734298592,46,0.8660254037844386,0.5000000000000001,-1.0,-1.8369701987210294e-16,1,280.3954418216031
2026,2,15,18,925.0,19.0,73.0,798.4805152944685,298.0880126953125,0.0054400227963924,8.06340847117825,274.64978912284965,46,0.8660254037844386,0.5000000000000001,-1.0,-1.8369701987210294e-16,1,282.5839761461463
2026,2,15,18,925.0,18.75,72.5,798.0853752619397,298.1368408203125,0.0049131177365779,7.284734725541172,271.3316334501502,46,0.8660254037844386,0.5000000000000001,-1.0,-1.8369701987210294e-16,1,273.7071351718712
2026,2,15,18,925.0,18.75,72.75,798.1873468832374,298.1134033203125,0.0050342343747615,7.463767989654806,272.1067834186995,46,0.8660254037844386,0.5000000000000001,-1.0,-1.8369701987210294e-16,1,280.22889084346025
2026,2,15,18,925.0,18.75,73.0,798.2510791465486,298.0938720703125,0.0053236745297908,7.891508794925251,273.9221563727684,46,0.8660254037844386,0.5000000000000001,-1.0,-1.8369701987210294e-16,1,282.21473384357546
2026,2,15,18,850.0,19.25,72.5,1530.4956489983838,292.05133056640625,0.0066494382917881,9.050280994039314,265.4285877899632,46,0.8660254037844386,0.5000000000000001,-1.0,-1.8369701987210294e-16,1,256.50185191404705
2026,2,15,18,850.0,19.25,72.75,1530.9800141995484,292.01812744140625,0.0069713033735752,9.486510392763693,267.37138144341094,46,0.8660254037844386,0.5000000000000001,-1.0,-1.8369701987210294e-16,1,258.3310259411042
2026,2,15,18,850.0,19.25,73.0,1531.298675516104,291.90875244140625,0.0071710981428623,9.757210280545864,268.6720733299377,46,0.8660254037844386,0.5000000000000001,-1.0,-1.8369701987210294e-16,1,258.97874521992605
2026,2,15,18,850.0,19.0,72.5,1530.7123386936416,292.02203369140625,0.0064019598066806,8.7147534536556,263.99159427297616,46,0.8660254037844386,0.5000000000000001,-1.0,-1.8369701987210294e-16,1,256.9342902386096
2026,2,15,18,850.0,19.0,72.75,1531.0055071048728,291.91656494140625,0.006886426359415,9.37149158318848,266.97539158712493,46,0.8660254037844386,0.5000000000000001,-1.0,-1.8369701987210294e-16,1,258.88101572995447
2026,2,15,18,850.0,19.0,73.0,1531.1457180841574,291.77008056640625,0.0071176923811435,9.684857770210028,268.50306068702406,46,0.8660254037844386,0.5000000000000001,-1.0,-1.8369701987210294e-16,1,259.47658475906593
2026,2,15,18,850.0,18.75,72.5,1530.903535483575,292.03570556640625,0.0062255300581455,8.475491312579448,262.9310191004712,46,0.8660254037844386,0.5000000000000001,-1.0,-1.8369701987210294e-16,1,256.89163871544866
2026,2,15,18,850.0,18.75,72.75,1530.9417748415617,291.87750244140625,0.006919328123331,9.416078928631492,267.2118296706234,46,0.8660254037844386,0.5000000000000001,-1.0,-1.8369701987210294e-16,1,258.68900616704445
2026,2,15,18,850.0,18.75,73.0,1530.8525496729262,291.78765869140625,0.0071272291243076,9.697778204304925,268.5409337109064,46,0.8660254037844386,0.5000000000000001,-1.0,-1.8369701987210294e-16,1,259.66416012936133
2026,2,25,0,1000.0,19.25,72.5,91.03954650670718,297.9110717773437,0.0166645124554634,26.52321192598809,371.9513552622641,56,0.8660254037844386,0.5000000000000001,0.0,1.0,1,316.4131998232597
2026,2,25,0,1000.0,19.25,72.75,91.44743299189837,297.1552124023437,0.0162854269146919,25.92577278719189,370.6580456811175,56,0.8660254037844386,0.5000000000000001,0.0,1.0,1,312.38017174721824
2026,2,25,0,1000.0,19.25,73.0,91.80433366644064,296.1962280273437,0.0151252821087837,24.09568884603514,364.433095613424,56,0.8660254037844386,0.5000000000000001,0.0,1.0,1,306.1352635087278
2026,2,25,0,1000.0,19.0,72.5,91.00130714872051,298.0556030273437,0.0165925100445747,26.409757029825247,371.24060095172536,56,0.8660254037844386,0.5000000000000001,0.0,1.0,1,316.72551573708796
2026,2,25,0,1000.0,19.0,72.75,91.02680005404495,297.6337280273437,0.016696460545063,26.5735496919627,372.6138714531098,56,0.8660254037844386,0.5000000000000001,0.0,1.0,1,312.65443132110175
2026,2,25,0,1000.0,19.0,73.0,91.3582078232628,296.6864624023437,0.0159092023968696,25.33257306547224,368.9032639087232,56,0.8660254037844386,0.5000000000000001,0.0,1.0,1,304.98084566059265
2026,2,25,0,1000.0,18.75,72.5,90.95032133807162,298.1708374023437,0.0163197591900825,25.979891707689664,369.25081111681527,56,0.8660254037844386,0.5000000000000001,0.0,1.0,1,324.91150190862885
2026,2,25,0,1000.0,18.75,72.75,90.65715292684048,297.9266967773437,0.0164551809430122,26.193338979042373,370.5397676509899,56,0.8660254037844386,0.5000000000000001,0.0,1.0,1,317.9841169538674
2026,2,25,0,1000.0,18.75,73.0,91.02680005404495,297.3427124023437,0.0146384313702583,23.326938568963616,359.39120351436634,56,0.8660254037844386,0.5000000000000001,0.0,1.0,1,309.6917880402086
2026,2,25,0,925.0,19.25,72.5,773.9912935355092,297.0485534667969,0.0059886053204536,8.873589774979212,279.15453601162926,56,0.8660254037844386,0.5000000000000001,0.0,1.0,1,257.44436441666824
2026,2,25,0,925.0,19.25,72.75,773.9912935355092,297.0016784667969,0.0061926916241645,9.174859962541506,280.4784501124333,56,0.8660254037844386,0.5000000000000001,0.0,1.0,1,257.46407721677
2026,2,25,0,925.0,19.25,73.0,773.6598857662913,296.6579284667969,0.006991870701313,10.353883983736056,285.84557683091106,56,0.8660254037844386,0.5000000000000001,0.0,1.0,1,257.24934908501035
2026,2,25,0,925.0,19.0,72.5,774.0040399881714,297.1071472167969,0.0059204176068305,8.772915149295727,278.6666815542564,56,0.8660254037844386,0.5000000000000001,0.0,1.0,1,257.14750987407746
2026,2,25,0,925.0,19.0,72.75,773.7873502929135,296.9743347167969,0.0061950758099555,9.178379034121877,280.5227307864647,56,0.8660254037844386,0.5000000000000001,0.0,1.0,1,257.2103591048882
2026,2,25,0,925.0,19.0,73.0,773.5196747870068,296.7614440917969,0.0067472532391548,9.993122459610484,284.20259947356607,56,0.8660254037844386,0.5000000000000001,0.0,1.0,1,257.1341301592036
2026,2,25,0,925.0,18.75,72.5,773.9020683668736,297.0934753417969,0.0058121755719184,8.613085906603917,278.0057837953046,56,0.8660254037844386,0.5000000000000001,0.0,1.0,1,256.89753044296236
2026,2,25,0,925.0,18.75,72.75,773.6726322189535,297.0290222167969,0.0060706213116645,8.994669920407839,279.6872572616426,56,0.8660254037844386,0.5000000000000001,0.0,1.0,1,256.9615477517109
2026,2,25,0,925.0,18.75,73.0,773.3412244497357,296.9489440917969,0.0063538625836372,9.41272633397373,281.5413365832934,56,0.8660254037844386,0.5000000000000001,0.0,1.0,1,257.3005004138657
2026,2,25,0,850.0,19.25,72.5,1505.1206483610613,291.0117492675781,0.0065631940960884,8.933363845905502,266.00371637635936,56,0.8660254037844386,0.5000000000000001,0.0,1.0,1,229.25496503840628
2026,2,25,0,850.0,19.25,72.75,1505.4393096776168,291.2754211425781,0.0062890127301216,8.561588123042334,264.0928463844746,56,0.8660254037844386,0.5000000000000001,0.0,1.0,1,229.23421796913044
2026,2,25,0,850.0,19.25,73.0,1505.1461412663857,291.5742492675781,0.0056047514081001,7.633226645018677,259.71052214400925,56,0.8660254037844386,0.5000000000000001,0.0,1.0,1,229.56687179066805
2026,2,25,0,850.0,19.0,72.5,1505.0824090030746,291.0859680175781,0.0064716413617134,8.809236806770278,265.37943560277864,56,0.8660254037844386,0.5000000000000001,0.0,1.0,1,229.6329592827331
2026,2,25,0,850.0,19.0,72.75,1505.2353664350212,291.2695617675781,0.0063710287213325,8.672810493853351,264.58791842896045,56,0.8660254037844386,0.5000000000000001,0.0,1.0,1,229.5906135313343
2026,2,25,0,850.0,19.0,73.0,1505.0441696450878,291.5683898925781,0.0057358816266059,7.811195234935992,260.49727098896625,56,0.8660254037844386,0.5000000000000001,0.0,1.0,1,230.071925853859
2026,2,25,0,850.0,18.75,72.5,1505.0824090030746,291.1640930175781,0.0064225271344184,8.742642151959117,265.0048232275639,56,0.8660254037844386,0.5000000000000001,0.0,1.0,1,230.33457021373377
2026,2,25,0,850.0,18.75,72.75,1505.0951554557369,291.2910461425781,0.0063061788678169,8.584868137844989,264.1789995712901,56,0.8660254037844386,0.5000000000000001,0.0,1.0,1,230.32140089298235
2026,2,25,0,850.0,18.75,73.0,1504.94219802379,291.6328430175781,0.0056390836834907,7.679824789300845,259.8559788116032,56,0.8660254037844386,0.5000000000000001,0.0,1.0,1,231.01516761018956
2026,2,25,6,1000.0,19.25,72.5,118.47588753549888,297.736328125,0.0159997679293155,25.475393861753204,367.8262095706309,56,0.8660254037844386,0.5000000000000001,1.0,6.123233995736766e-17,1,318.36242885851937
2026,2,25,6,1000.0,19.25,72.75,117.03553838466756,299.525390625,0.0135011412203311,21.529369071690443,348.58679992886096,56,0.8660254037844386,0.5000000000000001,1.0,6.123233995736766e-17,1,312.0315812005488
2026,2,25,6,1000.0,19.25,73.0,115.2637814646184,301.66796875,0.0112890936434268,18.02599952267136,331.1203548648347,56,0.8660254037844386,0.5000000000000001,1.0,6.123233995736766e-17,1,302.67423467559723
2026,2,25,6,1000.0,19.0,72.5,119.12595662127232,297.697265625,0.0164813734591007,26.234618738877067,371.0839732251324,56,0.8660254037844386,0.5000000000000001,1.0,6.123233995736766e-17,1,319.82584201833924
2026,2,25,6,1000.0,19.0,72.75,118.19546557692996,298.4296875,0.015249703079462,24.292080558724034,361.7672253442212,56,0.8660254037844386,0.5000000000000001,1.0,6.123233995736766e-17,1,315.00103535898995
2026,2,25,6,1000.0,19.0,73.0,116.14328669831188,300.693359375,0.0125837065279483,20.077500106762898,340.8969984905508,56,0.8660254037844386,0.5000000000000001,1.0,6.123233995736766e-17,1,301.3460937878616
2026,2,25,6,1000.0,18.75,72.5,119.83975797035686,297.73828125,0.0167875029146671,26.716986450542283,373.0472790100109,56,0.8660254037844386,0.5000000000000001,1.0,6.123233995736766e-17,1,326.28630862045503
2026,2,25,6,1000.0,18.75,72.75,118.99849209465006,297.779296875,0.0157160498201847,25.027921665708348,365.8753806318111,56,0.8660254037844386,0.5000000000000001,1.0,6.123233995736766e-17,1,318.4291189197521
2026,2,25,6,1000.0,18.75,73.0,116.207018961623,300.228515625,0.0126065947115421,20.1137409112178,341.7032179355967,56,0.8660254037844386,0.5000000000000001,1.0,6.123233995736766e-17,1,300.9172739223238
2026,2,25,6,925.0,19.25,72.5,800.4088643771064,296.4564208984375,0.0060293152928352,8.93369137938221,280.0422604460195,56,0.8660254037844386,0.5000000000000001,1.0,6.123233995736766e-17,1,257.6899628269105
2026,2,25,6,925.0,19.25,72.75,800.1794282291863,296.3626708984375,0.0061866715550422,9.165974261588383,281.129304562365,56,0.8660254037844386,0.5000000000000001,1.0,6.123233995736766e-17,1,257.9925054220981
2026,2,25,6,925.0,19.25,73.0,799.414641069453,295.7493896484375,0.0079214051365852,11.723786689246596,292.70077058858163,56,0.8660254037844386,0.5000000000000001,1.0,6.123233995736766e-17,1,259.79468324979524
2026,2,25,6,925.0,19.0,72.5,800.893229578271,296.3177490234375,0.0060193017125129,8.918908243411199,280.12826778730744,56,0.8660254037844386,0.5000000000000001,1.0,6.123233995736766e-17,1,257.5557784706092
2026,2,25,6,925.0,19.0,72.75,800.3068927558086,296.6009521484375,0.0061280205845832,9.079401270515056,280.50513808674634,56,0.8660254037844386,0.5000000000000001,1.0,6.123233995736766e-17,1,257.8496227518148
2026,2,25,6,925.0,19.0,73.0,799.8862598179552,295.7982177734375,0.0079175904393196,11.718167921294608,292.6202493473945,56,0.8660254037844386,0.5000000000000001,1.0,6.123233995736766e-17,1,259.4350434130284
2026,2,25,6,925.0,18.75,72.5,801.4030876847598,296.3450927734375,0.0060493424534797,8.963257113531466,280.28728786874325,56,0.8660254037844386,0.5000000000000001,1.0,6.123233995736766e-17,1,257.54782325308236
2026,2,25,6,925.0,18.75,72.75,800.6383005250265,296.6634521484375,0.006179042160511,9.154713082170565,280.7571196713609,56,0.8660254037844386,0.5000000000000001,1.0,6.123233995736766e-17,1,257.83673451648764
2026,2,25,6,925.0,18.75,73.0,800.5490753563909,295.7728271484375,0.0084635689854621,12.522090475249971,296.0773872445599,56,0.8660254037844386,0.5000000000000001,1.0,6.123233995736766e-17,1,259.7716974903508
2026,2,25,6,850.0,19.25,72.5,1530.7569512779594,290.85760498046875,0.0063343122601509,8.623020449130866,264.7972232481945,56,0.8660254037844386,0.5000000000000001,1.0,6.123233995736766e-17,1,230.08103802231702
2026,2,25,6,850.0,19.25,72.75,1530.616740298675,291.17596435546875,0.0060119703412055,8.185807619440183,262.5426883897338,56,0.8660254037844386,0.5000000000000001,1.0,6.123233995736766e-17,1,230.06446245851126
2026,2,25,6,850.0,19.25,73.0,1530.0304034762128,291.27752685546875,0.005778320133686,7.8687862880962705,261.0448474001383,56,0.8660254037844386,0.5000000000000001,1.0,6.123233995736766e-17,1,230.6687747700897
2026,2,25,6,850.0,19.0,72.5,1531.1393448578262,290.83416748046875,0.0062627866864204,8.526020499417037,264.3938771646454,56,0.8660254037844386,0.5000000000000001,1.0,6.123233995736766e-17,1,230.33357409405153
2026,2,25,6,850.0,19.0,72.75,1531.011880331204,291.12322998046875,0.0062141492962837,8.460055735001479,263.8037466239776,56,0.8660254037844386,0.5000000000000001,1.0,6.123233995736766e-17,1,230.30686367328482
2026,2,25,6,850.0,19.0,73.0,1530.6549796566617,291.28533935546875,0.0059394910931587,8.087475906021467,261.99830847461686,56,0.8660254037844386,0.5000000000000001,1.0,6.123233995736766e-17,1,231.22196981680904
2026,2,25,6,850.0,18.75,72.5,1531.751174585613,290.78143310546875,0.0062818601727485,8.551887974064472,264.5627573563329,56,0.8660254037844386,0.5000000000000001,1.0,6.123233995736766e-17,1,231.18046787804434
2026,2,25,6,850.0,18.75,72.75,1531.534484890355,291.07440185546875,0.0061993673443794,8.44000685055157,263.76598149150635,56,0.8660254037844386,0.5000000000000001,1.0,6.123233995736766e-17,1,231.18700224900113
2026,2,25,6,850.0,18.75,73.0,1531.407020363733,291.34783935546875,0.0058350637555122,7.94578543082875,261.31185515489864,56,0.8660254037844386,0.5000000000000001,1.0,6.123233995736766e-17,1,232.3223430569177
2026,2,25,12,1000.0,19.25,72.5,94.25205090423336,298.76922607421875,0.014755118638277,23.511231951663422,357.97769962601853,56,0.8660254037844386,0.5000000000000001,1.2246467991473532e-16,-1.0,1,323.78862805303135
2026,2,25,12,1000.0,19.25,72.75,93.15585597528208,299.79071044921875,0.0138996727764606,22.159557508562475,350.8145756677981,56,0.8660254037844386,0.5000000000000001,1.2246467991473532e-16,-1.0,1,319.5167863470999
2026,2,25,12,1000.0,19.25,73.0,90.40262220024168,302.22235107421875,0.0122231133282184,19.50641019711621,336.4232616294663,56,0.8660254037844386,0.5000000000000001,1.2246467991473532e-16,-1.0,1,306.14038351894493
2026,2,25,12,1000.0,19.0,72.5,94.3795154308556,298.90203857421875,0.0151981003582477,24.2106320506988,360.6949624072466,56,0.8660254037844386,0.5000000000000001,1.2246467991473532e-16,-1.0,1,327.3044579299892
2026,2,25,12,1000.0,19.0,72.75,93.41078502852656,299.06805419921875,0.0155514366924762,24.768228411289066,362.7640108035316,56,0.8660254037844386,0.5000000000000001,1.2246467991473532e-16,-1.0,1,322.9005880722674
2026,2,25,12,1000.0,19.0,73.0,91.44783131854406,300.99774169921875,0.0137990601360797,22.00048970684141,348.385570180202,56,0.8660254037844386,0.5000000000000001,1.2246467991473532e-16,-1.0,1,306.28646927184286
2026,2,25,12,1000.0,18.75,72.5,94.81289482137122,299.05047607421875,0.0153578408062458,24.462746159026526,361.5172990361149,56,0.8660254037844386,0.5000000000000001,1.2246467991473532e-16,-1.0,1,328.06857346182454
2026,2,25,12,1000.0,18.75,72.75,93.6912069870955,298.78485107421875,0.0157865174114704,25.139075428663105,364.7553357549476,56,0.8660254037844386,0.5000000000000001,1.2246467991473532e-16,-1.0,1,323.80097708505576
2026,2,25,12,1000.0,18.75,73.0,92.49304043684644,300.35516357421875,0.0137346871197223,21.898706348988764,348.90425889060054,56,0.8660254037844386,0.5000000000000001,1.2246467991473532e-16,-1.0,1,309.38989460970134
2026,2,25,12,925.0,19.25,72.5,779.0528800131799,297.2103271484375,0.0057001449167728,8.447640352671394,277.1835655133532,56,0.8660254037844386,0.5000000000000001,1.2246467991473532e-16,-1.0,1,250.63040210075653
2026,2,25,12,925.0,19.25,72.75,778.6067541700021,297.3275146484375,0.0060305930674076,8.935577756231469,279.11900961811426,56,0.8660254037844386,0.5000000000000001,1.2246467991473532e-16,-1.0,1,251.75237496221226
2026,2,25,12,925.0,19.25,73.0,777.7654882942952,297.5247802734375,0.0077262260019779,11.436268930615665,289.44610343364434,56,0.8660254037844386,0.5000000000000001,1.2246467991473532e-16,-1.0,1,257.8634047340603
2026,2,25,12,925.0,19.0,72.5,779.3715413297355,297.2415771484375,0.0057363845407962,8.501161059677383,277.37662404294133,56,0.8660254037844386,0.5000000000000001,1.2246467991473532e-16,-1.0,1,250.46043201643687
2026,2,25,12,925.0,19.0,72.75,778.7852045072732,297.6029052734375,0.0055423118174076,8.214516189813777,275.7891331510051,56,0.8660254037844386,0.5000000000000001,1.2246467991473532e-16,-1.0,1,251.6414256081169
2026,2,25,12,925.0,19.0,73.0,778.1733747794864,297.7845458984375,0.0061927177011966,9.174898452441868,279.63951552608063,56,0.8660254037844386,0.5000000000000001,1.2246467991473532e-16,-1.0,1,257.8810522621924
2026,2,25,12,925.0,18.75,72.5,779.8304136255756,297.3587646484375,0.0057845450937747,8.572283627024378,277.55319624553835,56,0.8660254037844386,0.5000000000000001,1.2246467991473532e-16,-1.0,1,251.07281719738808
2026,2,25,12,925.0,18.75,72.75,779.2440768031132,297.7376708984375,0.0055675841867923,8.25184722495983,275.8057268325814,56,0.8660254037844386,0.5000000000000001,1.2246467991473532e-16,-1.0,1,252.10807919905457
2026,2,25,12,925.0,18.75,73.0,778.836190317922,297.6751708984375,0.0065350867807865,9.680133118097222,281.8832005555336,56,0.8660254037844386,0.5000000000000001,1.2246467991473532e-16,-1.0,1,258.4558324982102
2026,2,25,12,850.0,19.25,72.5,1509.7942148949949,290.991943359375,0.0056789256632328,7.733898657083591,260.7408435280717,56,0.8660254037844386,0.5000000000000001,1.2246467991473532e-16,-1.0,1,228.87502960030557
2026,2,25,12,850.0,19.25,72.75,1510.1638620221993,291.452880859375,0.0054686404764652,7.4484683804358145,259.0213344621181,56,0.8660254037844386,0.5000000000000001,1.2246467991473532e-16,-1.0,1,228.84021283346087
2026,2,25,12,850.0,19.25,73.0,1510.3550588121327,291.833740234375,0.0051305629312992,6.989426892401623,256.63023475275867,56,0.8660254037844386,0.5000000000000001,1.2246467991473532e-16,-1.0,1,229.34139567714675
2026,2,25,12,850.0,19.0,72.5,1510.0109045902527,290.851318359375,0.0058772899210453,8.003081450752788,262.0702896797969,56,0.8660254037844386,0.5000000000000001,1.2246467991473532e-16,-1.0,1,229.77694746640705
2026,2,25,12,850.0,19.0,72.75,1510.3550588121327,291.228271484375,0.0056364871561527,7.67630067012731,260.2483242309006,56,0.8660254037844386,0.5000000000000001,1.2246467991473532e-16,-1.0,1,229.72460476909376
2026,2,25,12,850.0,19.0,73.0,1510.737452391999,291.876708984375,0.0048210956156253,6.56906748321298,254.7474706670589,56,0.8660254037844386,0.5000000000000001,1.2246467991473532e-16,-1.0,1,230.5641705448166
2026,2,25,12,850.0,18.75,72.5,1510.4570304334304,290.755615234375,0.0059278346598148,8.071660959130858,262.47075454665725,56,0.8660254037844386,0.5000000000000001,1.2246467991473532e-16,-1.0,1,231.2898076467527
2026,2,25,12,850.0,18.75,72.75,1510.6482272233638,291.136474609375,0.0055415965616703,7.547503447875902,259.77423987374914,56,0.8660254037844386,0.5000000000000001,1.2246467991473532e-16,-1.0,1,231.28194891279392
2026,2,25,12,850.0,18.75,73.0,1511.1325924245284,291.837646484375,0.0046828128397464,6.381182575156793,253.96257378349827,56,0.8660254037844386,0.5000000000000001,1.2246467991473532e-16,-1.0,1,232.2676523455197
2026,2,25,18,1000.0,19.25,72.5,115.01136684832488,298.0386962890625,0.0156850665807724,24.97904651743223,365.2601532077256,56,0.8660254037844386,0.5000000000000001,-1.0,-1.8369701987210294e-16,1,321.6223717566026
2026,2,25,18,1000.0,19.25,72.75,116.69389859973845,297.7008056640625,0.015907272696495,25.329529780901147,367.2689923094292,56,0.8660254037844386,0.5000000000000001,-1.0,-1.8369701987210294e-16,1,317.16948878906254
2026,2,25,18,1000.0,19.25,73.0,117.9430509606364,297.6207275390625,0.0153169482946395,24.39821121200124,363.47474332835526,56,0.8660254037844386,0.5000000000000001,-1.0,-1.8369701987210294e-16,1,305.1589222125988
2026,2,25,18,1000.0,19.0,72.5,115.53397140747606,298.1324462890625,0.0157484859228134,25.07908670961437,365.5321425899425,56,0.8660254037844386,0.5000000000000001,-1.0,-1.8369701987210294e-16,1,326.9790579500967
2026,2,25,18,1000.0,19.0,72.75,116.8723489370096,297.9136962890625,0.0161304324865341,25.681422921520408,368.4093139038849,56,0.8660254037844386,0.5000000000000001,-1.0,-1.8369701987210294e-16,1,321.0349786782157
2026,2,25,18,1000.0,19.0,73.0,117.68812190739192,297.6871337890625,0.0158529132604599,25.24379790241564,366.9299025235055,56,0.8660254037844386,0.5000000000000001,-1.0,-1.8369701987210294e-16,1,306.25471321638526
2026,2,25,18,1000.0,18.75,72.5,116.1458011352628,298.2515869140625,0.0158648341894149,25.2625992332157,366.11360172757145,56,0.8660254037844386,0.5000000000000001,-1.0,-1.8369701987210294e-16,1,331.7186083787712
2026,2,25,18,1000.0,18.75,72.75,116.9870670109696,298.0797119140625,0.0161852687597274,25.76787792371797,368.5069887361801,56,0.8660254037844386,0.5000000000000001,-1.0,-1.8369701987210294e-16,1,325.0526259307
2026,2,25,18,1000.0,18.75,73.0,117.407699948823,297.7144775390625,0.0157103389501571,25.0189130733735,365.94005593909935,56,0.8660254037844386,0.5000000000000001,-1.0,-1.8369701987210294e-16,1,312.46302541626545
2026,2,25,18,925.0,19.25,72.5,798.4971454319264,296.7415771484375,0.0058093778789043,8.608954579766172,278.3611785728192,56,0.8660254037844386,0.5000000000000001,-1.0,-1.8369701987210294e-16,1,250.6906082783405
2026,2,25,18,925.0,19.25,72.75,798.6883422218597,296.5247802734375,0.0057817213237285,8.568113652867513,278.4181235059199,56,0.8660254037844386,0.5000000000000001,-1.0,-1.8369701987210294e-16,1,251.75860427630099
2026,2,25,18,925.0,19.25,73.0,798.8922854644553,296.1400146484375,0.0057845823466777,8.572338639780737,278.8451195669196,56,0.8660254037844386,0.5000000000000001,-1.0,-1.8369701987210294e-16,1,254.89675326439786
2026,2,25,18,925.0,19.0,72.5,799.0834822543886,296.8333740234375,0.0058046095073223,8.601913138245987,278.2340113281645,56,0.8660254037844386,0.5000000000000001,-1.0,-1.8369701987210294e-16,1,250.63514328398935
2026,2,25,18,925.0,19.0,72.75,798.9942570857531,296.5599365234375,0.0057850591838359,8.573042802842897,278.40171484017867,56,0.8660254037844386,0.5000000000000001,-1.0,-1.8369701987210294e-16,1,251.73122959569451
2026,2,25,18,925.0,19.0,73.0,799.0579893490642,296.1986083984375,0.0058360807597637,8.648385900781834,279.10606304750263,56,0.8660254037844386,0.5000000000000001,-1.0,-1.8369701987210294e-16,1,255.14529160268134
2026,2,25,18,925.0,18.75,72.5,799.5805939082154,296.8782958984375,0.0058460943400859,8.663172317390869,278.4456539433631,56,0.8660254037844386,0.5000000000000001,-1.0,-1.8369701987210294e-16,1,251.365620951468
2026,2,25,18,925.0,18.75,72.75,799.3766506656198,296.7083740234375,0.0058446638286113,8.661059983140166,278.61717576964656,56,0.8660254037844386,0.5000000000000001,-1.0,-1.8369701987210294e-16,1,252.29009300000354
2026,2,25,18,925.0,18.75,73.0,799.2874254969843,296.3548583984375,0.0059085600078105,8.755407344121629,279.39405427409207,56,0.8660254037844386,0.5000000000000001,-1.0,-1.8369701987210294e-16,1,256.1335482033066
2026,2,25,18,850.0,19.25,72.5,1527.1070842234608,290.00885009765625,0.0050178319215774,6.836318987902831,257.7599003397407,56,0.8660254037844386,0.5000000000000001,-1.0,-1.8369701987210294e-16,1,241.26719600267435
2026,2,25,18,850.0,19.25,72.75,1527.4767313506652,290.27642822265625,0.0051427632570266,7.005995757804164,258.24549121976804,56,0.8660254037844386,0.5000000000000001,-1.0,-1.8369701987210294e-16,1,241.26964606608618
2026,2,25,18,850.0,19.25,73.0,1527.412999087354,290.06744384765625,0.0057221204042434,7.792519972377716,261.94067666935086,56,0.8660254037844386,0.5000000000000001,-1.0,-1.8369701987210294e-16,1,241.2311086708825
2026,2,25,18,850.0,19.0,72.5,1527.8591249305318,289.96783447265625,0.0056105405092239,7.6410841502317455,261.37073262012353,56,0.8660254037844386,0.5000000000000001,-1.0,-1.8369701987210294e-16,1,245.54675553243422
2026,2,25,18,850.0,19.0,72.75,1527.8973642885187,290.23736572265625,0.0052247792482376,7.117372649603849,258.77759335947354,56,0.8660254037844386,0.5000000000000001,-1.0,-1.8369701987210294e-16,1,245.54920559584605
2026,2,25,18,850.0,19.0,73.0,1527.6169423299496,290.13385009765625,0.0053649693727493,7.307723805135184,259.7246356862826,56,0.8660254037844386,0.5000000000000001,-1.0,-1.8369701987210294e-16,1,245.514222885917
2026,2,25,18,850.0,18.75,72.5,1528.598419184941,289.95220947265625,0.0062580853700637,8.5196444793231,265.2845161965286,56,0.8660254037844386,0.5000000000000001,-1.0,-1.8369701987210294e-16,1,249.19125290293985
2026,2,25,18,850.0,18.75,72.75,1528.3944759423453,290.19244384765625,0.0055623799562454,7.575714501390402,260.8526722866756,56,0.8660254037844386,0.5000000000000001,-1.0,-1.8369701987210294e-16,1,249.19370296635165
2026,2,25,18,850.0,18.75,73.0,1527.9993359098164,290.27447509765625,0.0050841122865676,6.926341541621167,257.89482322964966,56,0.8660254037844386,0.5000000000000001,-1.0,-1.8369701987210294e-16,1,249.1653822799264
2026,3,1,0,1000.0,19.25,72.5,79.08297558289529,297.6175537109375,0.0126050859689712,20.11135202180472,345.42748066680605,60,1.0,6.123233995736766e-17,0.0,1.0,2,327.5001775829887
2026,3,1,0,1000.0,19.25,72.75,79.52910142607313,296.1409912109375,0.0147427469491958,23.491693597460195,361.951293367452,60,1.0,6.123233995736766e-17,0.0,1.0,2,321.48695210453644
2026,3,1,0,1000.0,19.25,73.0,80.17917051184656,294.9066162109375,0.0138071924448013,22.013347540245785,357.5458596368955,60,1.0,6.123233995736766e-17,0.0,1.0,2,310.7053168305909
2026,3,1,0,1000.0,19.0,72.5,79.05748267757083,297.5823974609375,0.012599840760231,20.103046910707427,345.44331414335073,60,1.0,6.123233995736766e-17,0.0,1.0,2,330.21649540661156
2026,3,1,0,1000.0,19.0,72.75,79.14670784620641,296.5062255859375,0.0144337564706802,23.00361681467547,359.3117644712717,60,1.0,6.123233995736766e-17,0.0,1.0,2,323.0642118530448
2026,3,1,0,1000.0,19.0,73.0,79.66931240535759,295.3245849609375,0.0137084871530532,21.85727802536808,356.2389357325308,60,1.0,6.123233995736766e-17,0.0,1.0,2,311.39386367134614
2026,3,1,0,1000.0,18.75,72.5,78.9300181509486,297.5452880859375,0.0122279077768325,19.514005040552103,343.015261654418,60,1.0,6.123233995736766e-17,0.0,1.0,2,336.45931308070743
2026,3,1,0,1000.0,18.75,72.75,78.71332845569079,296.8597412109375,0.0138071924448013,22.013347540245785,354.5763885007879,60,1.0,6.123233995736766e-17,0.0,1.0,2,327.19623733989147
2026,3,1,0,1000.0,18.75,73.0,79.26142592016642,295.7288818359375,0.0139821916818618,22.29000485900674,357.4698842864856,60,1.0,6.123233995736766e-17,0.0,1.0,2,315.2459708723485
2026,3,1,0,925.0,19.25,72.5,755.6478535929701,290.8088073730469,0.0125089362263679,18.462170243957484,328.25734507705045,60,1.0,6.123233995736766e-17,0.0,1.0,2,277.39448982463875
2026,3,1,0,925.0,19.25,72.75,755.2144742024545,291.1037292480469,0.0113192275166511,16.718253371645545,320.1662967321697,60,1.0,6.123233995736766e-17,0.0,1.0,2,277.20909819285635
2026,3,1,0,925.0,19.25,73.0,754.5134193060321,291.2502136230469,0.0099302008748054,14.678997572444938,311.0012589369787,60,1.0,6.123233995736766e-17,0.0,1.0,2,278.89627475123905
2026,3,1,0,925.0,19.0,72.5,755.5076426136857,290.8595886230469,0.0124817565083503,18.42235719260171,328.0102838649752,60,1.0,6.123233995736766e-17,0.0,1.0,2,277.3651948079687
2026,3,1,0,925.0,19.0,72.75,754.7810948119388,291.1369323730469,0.0106940940022468,15.800906560144735,316.0844934008091,60,1.0,6.123233995736766e-17,0.0,1.0,2,277.1191288915964
2026,3,1,0,925.0,19.0,73.0,754.0800399155165,291.2052917480469,0.0095763877034187,14.15901090419656,308.77200174344205,60,1.0,6.123233995736766e-17,0.0,1.0,2,279.31337655999454
2026,3,1,0,925.0,18.75,72.5,755.2782064657656,290.8088073730469,0.0121184065937995,17.889994165391492,325.73372822945595,60,1.0,6.123233995736766e-17,0.0,1.0,2,277.14278564357465
2026,3,1,0,925.0,18.75,72.75,754.3987012320722,291.2990417480469,0.0098806098103523,14.606128738121008,310.617999179266,60,1.0,6.123233995736766e-17,0.0,1.0,2,276.95207402150913
2026,3,1,0,925.0,18.75,73.0,753.5701818090276,291.3849792480469,0.0091553404927253,13.539922975959612,305.8234737723528,60,1.0,6.123233995736766e-17,0.0,1.0,2,279.71920884269014
2026,3,1,0,850.0,19.25,72.5,1475.0346384851098,288.856201171875,0.0043744281865656,5.962066687251615,255.00167957240643,60,1.0,6.123233995736766e-17,0.0,1.0,2,250.35050160297604
2026,3,1,0,850.0,19.25,72.75,1475.6337217602345,289.639404296875,0.003851814661175,5.251441217702483,251.0806471253126,60,1.0,6.123233995736766e-17,0.0,1.0,2,250.52617631165137
2026,3,1,0,850.0,19.25,73.0,1475.9778759821145,290.428466796875,0.004138393793255,5.641173896190051,252.0586679271381,60,1.0,6.123233995736766e-17,0.0,1.0,2,251.10994269477965
2026,3,1,0,850.0,19.0,72.5,1475.0091455797851,289.342529296875,0.0042852596379816,5.840851313419505,253.9882889364648,60,1.0,6.123233995736766e-17,0.0,1.0,2,250.39884710381085
2026,3,1,0,850.0,19.0,72.75,1475.455271422963,290.225341796875,0.0038479999639093,5.246252514913982,250.50371720778503,60,1.0,6.123233995736766e-17,0.0,1.0,2,250.56576244844976
2026,3,1,0,850.0,19.0,73.0,1476.2328050353588,291.012451171875,0.0040463642217218,5.516033237938186,250.95172584021404,60,1.0,6.123233995736766e-17,0.0,1.0,2,251.15583795396302
2026,3,1,0,850.0,18.75,72.5,1475.047384937772,289.885498046875,0.0041779712773859,5.69498656983828,252.81645605662183,60,1.0,6.123233995736766e-17,0.0,1.0,2,250.70530022180677
2026,3,1,0,850.0,18.75,72.75,1475.5444965915983,290.830810546875,0.0037602619268,5.126905726050344,249.4076321273064,60,1.0,6.123233995736766e-17,0.0,1.0,2,250.85118007448654
2026,3,1,0,850.0,18.75,73.0,1476.589705709901,291.555419921875,0.0038909153081476,5.304624037492141,249.51155025078424,60,1.0,6.123233995736766e-17,0.0,1.0,2,251.40911983914737
2026,3,1,6,1000.0,19.25,72.5,107.3691465102762,297.55828857421875,0.0124511457979679,19.867585768010585,344.4862271970369,60,1.0,6.123233995736766e-17,1.0,6.123233995736766e-17,2,329.868533598058
2026,3,1,6,1000.0,19.25,72.75,105.91605090678264,298.40399169921875,0.0119576193392276,19.085774945475624,339.99846640848915,60,1.0,6.123233995736766e-17,1.0,6.123233995736766e-17,2,316.79179759501244
2026,3,1,6,1000.0,19.25,73.0,104.6796449985469,299.43524169921875,0.0115174986422061,18.388173031688893,335.6510362830525,60,1.0,6.123233995736766e-17,1.0,6.123233995736766e-17,2,306.14105416066633
2026,3,1,6,1000.0,19.0,72.5,106.9994993830717,297.82196044921875,0.0119013525545597,18.99661139049616,340.444512528378,60,1.0,6.123233995736766e-17,1.0,6.123233995736766e-17,2,330.36179043812643
2026,3,1,6,1000.0,19.0,72.75,106.28569803398716,297.83953857421875,0.0126442648470401,20.173385056832235,345.3677895026684,60,1.0,6.123233995736766e-17,1.0,6.123233995736766e-17,2,318.0468993656809
2026,3,1,6,1000.0,19.0,73.0,104.87084178848028,298.72625732421875,0.0121149756014347,19.335098514727434,340.58765955641485,60,1.0,6.123233995736766e-17,1.0,6.123233995736766e-17,2,303.53573878695823
2026,3,1,6,1000.0,18.75,72.5,106.73182387716498,297.91961669921875,0.0119271017611026,19.03741580255064,340.4782209485231,60,1.0,6.123233995736766e-17,1.0,6.123233995736766e-17,2,332.93078037149763
2026,3,1,6,1000.0,18.75,72.75,106.48964127658272,297.35125732421875,0.0128473974764347,20.494963747627065,347.4310533450256,60,1.0,6.123233995736766e-17,1.0,6.123233995736766e-17,2,320.2834964938702
2026,3,1,6,1000.0,18.75,73.0,104.42471594530242,298.26922607421875,0.0119657255709171,19.09862004348014,340.24208078759995,60,1.0,6.123233995736766e-17,1.0,6.123233995736766e-17,2,302.88235540800537
2026,3,1,6,925.0,19.25,72.5,784.1339844964897,291.4773254394531,0.0112481489777565,16.613984661145487,319.20395396622064,60,1.0,6.123233995736766e-17,1.0,6.123233995736766e-17,2,275.9991735298132
2026,3,1,6,925.0,19.25,72.75,784.1594774018141,291.7234191894531,0.0114970579743385,16.97908269450992,320.4734031560734,60,1.0,6.123233995736766e-17,1.0,6.123233995736766e-17,2,275.6297008219936
2026,3,1,6,925.0,19.25,73.0,783.8153231799341,292.3601379394531,0.0113106146454811,16.70561919083784,318.42037682568844,60,1.0,6.123233995736766e-17,1.0,6.123233995736766e-17,2,277.36141582668336
2026,3,1,6,925.0,19.0,72.5,784.0320128751919,291.2351379394531,0.0117011442780494,17.27835327727143,322.451772296442,60,1.0,6.123233995736766e-17,1.0,6.123233995736766e-17,2,275.64178853966666
2026,3,1,6,925.0,19.0,72.75,783.4456760527296,291.2976379394531,0.012216605246067,18.033893176854143,325.68746768598584,60,1.0,6.123233995736766e-17,1.0,6.123233995736766e-17,2,275.0131478173189
2026,3,1,6,925.0,19.0,73.0,783.2927186207829,291.9206848144531,0.0118003264069557,17.42376657272806,322.15298143530106,60,1.0,6.123233995736766e-17,1.0,6.123233995736766e-17,2,277.9383826937671
2026,3,1,6,925.0,18.75,72.5,783.7388444639607,291.3074035644531,0.011794127523899,17.414678751666173,322.95215075897534,60,1.0,6.123233995736766e-17,1.0,6.123233995736766e-17,2,275.2719393289523
2026,3,1,6,925.0,18.75,72.75,782.8083534196184,291.0984191894531,0.0117044821381568,17.283247276972656,322.6604628813861,60,1.0,6.123233995736766e-17,1.0,6.123233995736766e-17,2,274.7047629749268
2026,3,1,6,925.0,18.75,73.0,782.8083534196184,291.8874816894531,0.0112018957734107,16.54612868650021,318.35598608803053,60,1.0,6.123233995736766e-17,1.0,6.123233995736766e-17,2,278.51119188721793
2026,3,1,6,850.0,19.25,72.5,1504.821106723499,290.2753601074219,0.0043655219487845,5.94996017166448,253.5717124897288,60,1.0,6.123233995736766e-17,1.0,6.123233995736766e-17,2,251.48749421417878
2026,3,1,6,850.0,19.25,72.75,1505.7006119571925,290.7109069824219,0.0041094603948295,5.601832128387445,251.61593152766144,60,1.0,6.123233995736766e-17,1.0,6.123233995736766e-17,2,250.60759922788046
2026,3,1,6,850.0,19.25,73.0,1506.580117190886,291.0585632324219,0.0041232886724174,5.620635099938762,251.3686808235376,60,1.0,6.123233995736766e-17,1.0,6.123233995736766e-17,2,250.8643826978104
2026,3,1,6,850.0,19.0,72.5,1504.9230783447967,290.7030944824219,0.0038448157720267,5.241921399163724,250.0347955042577,60,1.0,6.123233995736766e-17,1.0,6.123233995736766e-17,2,251.87598837971717
2026,3,1,6,850.0,19.0,72.75,1505.7006119571925,291.3612976074219,0.0038233580999076,5.212734386063778,249.2895591826448,60,1.0,6.123233995736766e-17,1.0,6.123233995736766e-17,2,251.03621260828493
2026,3,1,6,850.0,19.0,73.0,1506.7330746228326,291.6288757324219,0.004042703192681,5.511054727732665,250.34820307395043,60,1.0,6.123233995736766e-17,1.0,6.123233995736766e-17,2,251.34398194277003
2026,3,1,6,850.0,18.75,72.5,1505.369204187975,291.1327819824219,0.0037723365239799,5.143331105043634,249.1977967104628,60,1.0,6.123233995736766e-17,1.0,6.123233995736766e-17,2,252.30721500898028
2026,3,1,6,850.0,18.75,72.75,1506.0447661790724,292.0273132324219,0.0037275138311088,5.082356455044604,248.0986459688099,60,1.0,6.123233995736766e-17,1.0,6.123233995736766e-17,2,251.78564197392848
2026,3,1,6,850.0,18.75,73.0,1507.1409611080237,292.1679382324219,0.004068452399224,5.546069738429492,249.9947890869625,60,1.0,6.123233995736766e-17,1.0,6.123233995736766e-17,2,252.0888211848015
2026,3,1,12,1000.0,19.25,72.5,76.8705698110466,297.2923583984375,0.0130845606327056,20.8703164000156,349.1011119128761,60,1.0,6.123233995736766e-17,1.2246467991473532e-16,-1.0,2,324.18066663726887
2026,3,1,12,1000.0,19.25,72.75,75.09881289099744,298.5169677734375,0.012406975030899,19.797632428458783,342.81918604751183,60,1.0,6.123233995736766e-17,1.2246467991473532e-16,-1.0,2,321.2677647891938
2026,3,1,12,1000.0,19.25,73.0,71.54255259823691,301.2220458984375,0.0112725794315338,17.99980966575968,331.6124131634482,60,1.0,6.123233995736766e-17,1.2246467991473532e-16,-1.0,2,311.68131281754086
2026,3,1,12,1000.0,19.0,72.5,77.26570984357554,297.5579833984375,0.0124827921390533,19.917701855148493,344.6977928548393,60,1.0,6.123233995736766e-17,1.2246467991473532e-16,-1.0,2,326.8572601827084
2026,3,1,12,1000.0,19.0,72.75,75.68514971345975,297.9876708984375,0.0128847658634185,20.554112956198693,346.7532468655317,60,1.0,6.123233995736766e-17,1.2246467991473532e-16,-1.0,2,323.7767770170598
2026,3,1,12,1000.0,19.0,73.0,72.7534656011482,300.0364990234375,0.0120960772037506,19.305157396887395,338.6248877280073,60,1.0,6.123233995736766e-17,1.2246467991473532e-16,-1.0,2,312.74985962706023
2026,3,1,12,1000.0,18.75,72.5,77.71183568675337,297.8353271484375,0.0123840868473052,19.761382896310657,343.6414416520592,60,1.0,6.123233995736766e-17,1.2246467991473532e-16,-1.0,2,327.72543860674557
2026,3,1,12,1000.0,18.75,72.75,76.18226136728649,297.6614990234375,0.0129300653934478,20.625812539844265,347.52976806754054,60,1.0,6.123233995736766e-17,1.2246467991473532e-16,-1.0,2,324.3198201330466
2026,3,1,12,1000.0,18.75,73.0,73.98987150938395,299.0892333984375,0.0124484598636627,19.863332154464903,342.278946959663,60,1.0,6.123233995736766e-17,1.2246467991473532e-16,-1.0,2,315.37534956475895
2026,3,1,12,925.0,19.25,72.5,755.4782660235657,294.57537841796875,0.0053963735699653,7.998921412662926,278.05606080900407,60,1.0,6.123233995736766e-17,1.2246467991473532e-16,-1.0,2,268.3697464185086
2026,3,1,12,925.0,19.25,72.75,755.6184770028501,295.17303466796875,0.0076942518353462,11.389161416266964,291.9375450650781,60,1.0,6.123233995736766e-17,1.2246467991473532e-16,-1.0,2,268.68769228639786
2026,3,1,12,925.0,19.25,73.0,755.6312234555123,295.43280029296875,0.0097947195172309,14.47991168939838,304.8465742875584,60,1.0,6.123233995736766e-17,1.2246467991473532e-16,-1.0,2,276.23153053456457
2026,3,1,12,925.0,19.0,72.5,755.8479131507702,294.28240966796875,0.0060463026165962,8.958769503613889,282.5012562047878,60,1.0,6.123233995736766e-17,1.2246467991473532e-16,-1.0,2,268.21545767724285
2026,3,1,12,925.0,19.0,72.75,755.6822092661613,295.44256591796875,0.0055937841534614,8.290547252275047,278.38548306787897,60,1.0,6.123233995736766e-17,1.2246467991473532e-16,-1.0,2,268.5664293261721
2026,3,1,12,925.0,19.0,73.0,755.6057305501879,295.45623779296875,0.0081658437848091,12.083772754189408,294.57902669874954,60,1.0,6.123233995736766e-17,1.2246467991473532e-16,-1.0,2,276.22521951246
2026,3,1,12,925.0,18.75,72.5,756.1283351093391,294.02850341796875,0.0066084936261177,9.788432469748177,286.3581342123862,60,1.0,6.123233995736766e-17,1.2246467991473532e-16,-1.0,2,268.36372912213295
2026,3,1,12,925.0,18.75,72.75,755.8734060560946,295.48748779296875,0.0059099271893501,8.757426007431501,280.33227925702755,60,1.0,6.123233995736766e-17,1.2246467991473532e-16,-1.0,2,268.73232135890834
2026,3,1,12,925.0,18.75,73.0,755.8479131507702,295.30975341796875,0.0083432272076606,12.344939611993713,295.8678196790476,60,1.0,6.123233995736766e-17,1.2246467991473532e-16,-1.0,2,276.4616301554012
2026,3,1,12,850.0,19.25,72.5,1484.0368206778055,293.484130859375,0.0019576272461563,2.672035206334628,236.3193868615216,60,1.0,6.123233995736766e-17,1.2246467991473532e-16,-1.0,2,251.97981128123473
2026,3,1,12,850.0,19.25,72.75,1485.6046343552591,293.282958984375,0.0025856217835098,3.527862550612633,240.20068778588973,60,1.0,6.123233995736766e-17,1.2246467991473532e-16,-1.0,2,251.23707141613986
2026,3,1,12,850.0,19.25,73.0,1486.8410402634947,293.239990234375,0.0036513528320938,4.978743069909511,246.5316534955128,60,1.0,6.123233995736766e-17,1.2246467991473532e-16,-1.0,2,251.52623949469628
2026,3,1,12,850.0,19.0,72.5,1484.4319607103344,293.550537109375,0.0021965226624161,2.997677387116493,237.6728707816549,60,1.0,6.123233995736766e-17,1.2246467991473532e-16,-1.0,2,252.4756797224377
2026,3,1,12,850.0,19.0,72.75,1485.7958311451923,293.411865234375,0.0028621873352676,3.904557664693537,241.72052854062568,60,1.0,6.123233995736766e-17,1.2246467991473532e-16,-1.0,2,251.8663466615079
2026,3,1,12,850.0,19.0,73.0,1487.1851944853747,293.468505859375,0.0038439950440078,5.240805047884751,247.4578671031764,60,1.0,6.123233995736766e-17,1.2246467991473532e-16,-1.0,2,252.2394913797311
2026,3,1,12,850.0,18.75,72.5,1484.9035794588367,293.575927734375,0.0025341233704239,3.4577053595170417,239.6421055046289,60,1.0,6.123233995736766e-17,1.2246467991473532e-16,-1.0,2,253.10349989627676
2026,3,1,12,850.0,18.75,72.75,1486.165478272397,293.546630859375,0.0031749925110489,4.330460521632329,243.4453865904669,60,1.0,6.123233995736766e-17,1.2246467991473532e-16,-1.0,2,252.85892790535272
2026,3,1,12,850.0,18.75,73.0,1487.5803345179038,293.597412109375,0.0041553694754838,5.664255690893865,249.1716022335688,60,1.0,6.123233995736766e-17,1.2246467991473532e-16,-1.0,2,253.21868889405474
2026,3,1,18,1000.0,19.25,72.5,103.54182493512056,297.4407653808594,0.0127386078238487,20.32274895489965,346.5744217385625,60,1.0,6.123233995736766e-17,-1.0,-1.8369701987210294e-16,2,323.10314503564837
2026,3,1,18,1000.0,19.25,72.75,103.75851463037836,296.9720153808594,0.0135425552725791,21.59487022037325,352.637220125613,60,1.0,6.123233995736766e-17,-1.0,-1.8369701987210294e-16,2,319.70284672335214
2026,3,1,18,1000.0,19.25,73.0,104.191894020894,296.6224060058594,0.0134262070059776,21.41084356913091,352.3804693937717,60,1.0,6.123233995736766e-17,-1.0,-1.8369701987210294e-16,2,309.4018557190775
2026,3,1,18,1000.0,19.0,72.5,103.59281074576946,297.5364685058594,0.0126451477408409,20.174782933992752,345.81196061793423,60,1.0,6.123233995736766e-17,-1.0,-1.8369701987210294e-16,2,328.26157567812476
2026,3,1,18,1000.0,19.0,72.75,103.65654300908058,297.3587341308594,0.0129431709647178,20.646555159270093,348.0596163420878,60,1.0,6.123233995736766e-17,-1.0,-1.8369701987210294e-16,2,322.6255919872148
2026,3,1,18,1000.0,19.0,73.0,103.97520432563618,296.9602966308594,0.0130642876029014,20.838234939586734,349.4543817847189,60,1.0,6.123233995736766e-17,-1.0,-1.8369701987210294e-16,2,311.76878280204465
2026,3,1,18,1000.0,18.75,72.5,103.75851463037836,297.6477966308594,0.0125268921256065,19.987536715192512,344.86249071932605,60,1.0,6.123233995736766e-17,-1.0,-1.8369701987210294e-16,2,332.7490553420721
2026,3,1,18,1000.0,18.75,72.75,103.43985331382277,297.6243591308594,0.012701891362667,20.26462143587318,346.0630433796666,60,1.0,6.123233995736766e-17,-1.0,-1.8369701987210294e-16,2,326.6732089264853
2026,3,1,18,1000.0,18.75,73.0,103.73302172505392,297.0774841308594,0.0129331573843956,20.63070636533469,348.4046823530491,60,1.0,6.123233995736766e-17,-1.0,-1.8369701987210294e-16,2,317.10879076793225
2026,3,1,18,925.0,19.25,72.5,781.575333287871,294.6197509765625,0.0051059909164905,7.569825315335279,276.1650953957501,60,1.0,6.123233995736766e-17,-1.0,-1.8369701987210294e-16,2,268.1107405200236
2026,3,1,18,925.0,19.25,72.75,781.9322339624133,294.8131103515625,0.0053625293076038,7.948917791618491,277.5895441884974,60,1.0,6.123233995736766e-17,-1.0,-1.8369701987210294e-16,2,268.5771017488809
2026,3,1,18,925.0,19.25,73.0,781.9067410570889,294.1588134765625,0.0074525065720081,11.032939332983922,291.577241981645,60,1.0,6.123233995736766e-17,-1.0,-1.8369701987210294e-16,2,273.43241143988774
2026,3,1,18,925.0,19.0,72.5,781.6773049091688,294.6099853515625,0.0051269717514514,7.600833585466762,276.3085853459116,60,1.0,6.123233995736766e-17,-1.0,-1.8369701987210294e-16,2,267.99837023065885
2026,3,1,18,925.0,19.0,72.75,781.7282907198177,294.7427978515625,0.0053968615829944,7.999642418511301,277.88169621454966,60,1.0,6.123233995736766e-17,-1.0,-1.8369701987210294e-16,2,268.45114704302085
2026,3,1,18,925.0,19.0,73.0,781.6518120038444,294.3033447265625,0.0073666758835315,10.906439041981736,290.865938784846,60,1.0,6.123233995736766e-17,-1.0,-1.8369701987210294e-16,2,273.43683247052826
2026,3,1,18,925.0,18.75,72.5,781.8175158884533,294.6920166015625,0.0050001330673694,7.413362474841046,275.41737636702214,60,1.0,6.123233995736766e-17,-1.0,-1.8369701987210294e-16,2,268.0855666289622
2026,3,1,18,925.0,18.75,72.75,781.5370939298843,294.9068603515625,0.005330104380846,7.901009262282278,277.28498659994807,60,1.0,6.123233995736766e-17,-1.0,-1.8369701987210294e-16,2,268.5358806830434
2026,3,1,18,925.0,18.75,73.0,781.4733616665733,294.4361572265625,0.0075726695358753,11.21001767148339,292.0197243702638,60,1.0,6.123233995736766e-17,-1.0,-1.8369701987210294e-16,2,273.48211118702665
2026,3,1,18,850.0,19.25,72.5,1510.7717084835292,293.12957763671875,0.0031372981611639,4.279145986023069,243.59570261906816,60,1.0,6.123233995736766e-17,-1.0,-1.8369701987210294e-16,2,259.8048854403373
2026,3,1,18,850.0,19.25,72.75,1511.842410507156,293.27020263671875,0.0042116120457649,5.740725185730362,249.8086225580524,60,1.0,6.123233995736766e-17,-1.0,-1.8369701987210294e-16,2,259.48428809624244
2026,3,1,18,850.0,19.25,73.0,1512.4924795929294,293.37762451171875,0.0055443719029426,7.551270693637569,257.5543300553202,60,1.0,6.123233995736766e-17,-1.0,-1.8369701987210294e-16,2,258.70070380240776
2026,3,1,18,850.0,19.0,72.5,1511.2560736846935,293.21160888671875,0.0036637263838201,4.99557734448042,246.6306437545347,60,1.0,6.123233995736766e-17,-1.0,-1.8369701987210294e-16,2,261.17542162630843
2026,3,1,18,850.0,19.0,72.75,1512.224804087023,293.35418701171875,0.00483388453722,6.586442209648475,253.39561511592328,60,1.0,6.123233995736766e-17,-1.0,-1.8369701987210294e-16,2,260.88751294470495
2026,3,1,18,850.0,19.0,73.0,1512.9131125307829,293.41278076171875,0.0059849694371223,8.149176830355183,260.1100509048271,60,1.0,6.123233995736766e-17,-1.0,-1.8369701987210294e-16,2,260.10492621318525
2026,3,1,18,850.0,18.75,72.5,1511.8551569598185,293.25653076171875,0.0041858628392219,5.7057162519140014,249.66958746269816,60,1.0,6.123233995736766e-17,-1.0,-1.8369701987210294e-16,2,262.1610674172731
2026,3,1,18,850.0,18.75,72.75,1512.696422835525,293.39129638671875,0.0053679421544075,7.311759919330048,256.5029417064245,60,1.0,6.123233995736766e-17,-1.0,-1.8369701987210294e-16,2,261.8916532532525
2026,3,1,18,850.0,18.75,73.0,1513.3719848266228,293.41473388671875,0.0063254311680793,8.610976745474842,262.1088621776993,60,1.0,6.123233995736766e-17,-1.0,-1.8369701987210294e-16,2,261.1051764241973
2026,3,5,0,1000.0,19.25,72.5,94.89295847715582,300.1455383300781,0.014512825757265,23.128530787381067,354.3032159381527,64,1.0,6.123233995736766e-17,0.0,1.0,2,326.2217923488194
2026,3,5,0,1000.0,19.25,72.75,94.12817131742236,300.1806945800781,0.0112340934574604,17.938772807193185,332.76772995907606,64,1.0,6.123233995736766e-17,0.0,1.0,2,324.9819100799118
2026,3,5,0,1000.0,19.25,73.0,92.9300047671733,300.1689758300781,0.0084841735661029,13.57018287888552,314.6986208476941,64,1.0,6.123233995736766e-17,0.0,1.0,2,329.0578312377076
2026,3,5,0,1000.0,19.0,72.5,93.89873516950232,300.1963195800781,0.0148756988346576,23.701646528336585,356.59922627159455,64,1.0,6.123233995736766e-17,0.0,1.0,2,329.8091665555385
2026,3,5,0,1000.0,19.0,72.75,92.75155442990216,300.4717102050781,0.0118010528385639,18.837655726820064,336.0872670983769,64,1.0,6.123233995736766e-17,0.0,1.0,2,328.1524266078156
2026,3,5,0,1000.0,19.0,73.0,91.43866980569308,301.0400695800781,0.0089200027287006,14.263520172366826,316.47959548427445,64,1.0,6.123233995736766e-17,0.0,1.0,2,330.038328284651
2026,3,5,0,1000.0,18.75,72.5,93.13394800976889,300.2549133300781,0.0152590759098529,24.30687386815992,359.0145704262806,64,1.0,6.123233995736766e-17,0.0,1.0,2,336.43147173546487
2026,3,5,0,1000.0,18.75,72.75,91.68085240627532,300.6904602050781,0.0121052749454975,19.31972965246966,337.7749527240746,64,1.0,6.123233995736766e-17,0.0,1.0,2,334.0567585377498
2026,3,5,0,1000.0,18.75,73.0,90.67388264595964,301.9853820800781,0.0096800811588764,15.4718146232351,320.2477958736102,64,1.0,6.123233995736766e-17,0.0,1.0,2,330.04465909973635
2026,3,5,0,925.0,19.25,72.5,785.8796510212459,300.1634521484375,0.0062119737267494,9.203320162781816,277.2374952283817,64,1.0,6.123233995736766e-17,0.0,1.0,2,276.7655397290541
2026,3,5,0,925.0,19.25,72.75,785.2805677461213,300.5462646484375,0.0060455575585365,8.957669596701646,275.8215155949796,64,1.0,6.123233995736766e-17,0.0,1.0,2,275.86526772758816
2026,3,5,0,925.0,19.25,73.0,785.038385145539,300.7376708984375,0.0055601373314857,8.240847234750612,272.66616583074,64,1.0,6.123233995736766e-17,0.0,1.0,2,271.9409582734769
2026,3,5,0,925.0,19.0,72.5,784.8216954502813,300.3782958984375,0.006243921816349,9.250473776981346,277.20690429986905,64,1.0,6.123233995736766e-17,0.0,1.0,2,276.9221084099066
2026,3,5,0,925.0,19.0,72.75,784.0951476485344,300.5814208984375,0.0058295503258705,8.638742728161564,274.4682632787684,64,1.0,6.123233995736766e-17,0.0,1.0,2,276.27335756007267
2026,3,5,0,925.0,19.0,73.0,783.7637398793166,300.8568115234375,0.0053713098168373,7.96189085976854,271.39519185456766,64,1.0,6.123233995736766e-17,0.0,1.0,2,271.18962656882735
2026,3,5,0,925.0,18.75,72.5,783.8274721426277,300.4544677734375,0.0061905160546302,9.171648800859533,276.8012353781072,64,1.0,6.123233995736766e-17,0.0,1.0,2,275.2588608042055
2026,3,5,0,925.0,18.75,72.75,783.2411353201654,300.6986083984375,0.0057661309838294,8.545090517702649,273.96106959768093,64,1.0,6.123233995736766e-17,0.0,1.0,2,274.70755964824735
2026,3,5,0,925.0,18.75,73.0,782.7185307610142,300.9232177734375,0.0055296197533607,8.195767699052757,272.29141419126245,64,1.0,6.123233995736766e-17,0.0,1.0,2,269.96370838681383
2026,3,5,0,850.0,19.25,72.5,1524.034790805219,293.94842529296875,0.0055168271064758,7.5138808506077215,256.82937196795166,64,1.0,6.123233995736766e-17,0.0,1.0,2,233.26062241322333
2026,3,5,0,850.0,19.25,72.75,1523.9200727312589,294.06951904296875,0.0053251385688781,7.25364454210765,255.5877868326831,64,1.0,6.123233995736766e-17,0.0,1.0,2,233.44047302320527
2026,3,5,0,850.0,19.25,73.0,1523.690636583339,294.19647216796875,0.0046542286872863,6.342341339140608,251.5366743033816,64,1.0,6.123233995736766e-17,0.0,1.0,2,234.05610245625468
2026,3,5,0,850.0,19.0,72.5,1523.231764287499,294.07342529296875,0.0055130124092102,7.5087026079120225,256.6840867683567,64,1.0,6.123233995736766e-17,0.0,1.0,2,234.19205671304454
2026,3,5,0,850.0,19.0,72.75,1522.9640887815922,294.25115966796875,0.0052407383918762,7.139043719974383,254.91701482687083,64,1.0,6.123233995736766e-17,0.0,1.0,2,234.37916355474533
2026,3,5,0,850.0,19.0,73.0,1522.7728919916588,294.41131591796875,0.004719078540802,6.430459855673979,251.71238549222463,64,1.0,6.123233995736766e-17,0.0,1.0,2,234.98905818435517
2026,3,5,0,850.0,18.75,72.5,1522.556202296401,294.20233154296875,0.0055864453315734,7.608379576744385,256.9869830319176,64,1.0,6.123233995736766e-17,0.0,1.0,2,237.66503592096836
2026,3,5,0,850.0,18.75,72.75,1522.275780337832,294.36248779296875,0.0053222775459289,7.24975996035654,255.28557924166483,64,1.0,6.123233995736766e-17,0.0,1.0,2,237.69938554444963
2026,3,5,0,850.0,18.75,73.0,1522.0845835478988,294.54412841796875,0.005031406879425,6.854757199509326,253.41063924925896,64,1.0,6.123233995736766e-17,0.0,1.0,2,237.9749603161666
2026,3,5,6,1000.0,19.25,72.5,119.67365575910225,301.7596435546875,0.0105581507086753,16.86629844466903,326.2468948792612,64,1.0,6.123233995736766e-17,1.0,6.123233995736766e-17,2,325.3689241949817
2026,3,5,6,1000.0,19.25,72.75,117.14985813198189,304.8240966796875,0.008799098432064,14.071216611727367,311.0591888594813,64,1.0,6.123233995736766e-17,1.0,6.123233995736766e-17,2,323.08007119527394
2026,3,5,6,1000.0,19.25,73.0,115.90070577108392,306.9530029296875,0.0072670206427574,11.631942870886258,298.85612484539286,64,1.0,6.123233995736766e-17,1.0,6.123233995736766e-17,2,318.09597167715896
2026,3,5,6,1000.0,19.0,72.5,118.32253177690647,301.5780029296875,0.0109091028571128,17.423240626692568,328.7691544654071,64,1.0,6.123233995736766e-17,1.0,6.123233995736766e-17,2,326.6256741409758
2026,3,5,6,1000.0,19.0,72.75,116.46154968822178,303.6834716796875,0.0095887407660484,15.326669738043096,317.5181735507966,64,1.0,6.123233995736766e-17,1.0,6.123233995736766e-17,2,325.52134586757825
2026,3,5,6,1000.0,19.0,73.0,114.97021472674156,306.0936279296875,0.0078635439276695,12.582225520677849,303.6079729940561,64,1.0,6.123233995736766e-17,1.0,6.123233995736766e-17,2,321.29905921034475
2026,3,5,6,1000.0,18.75,72.5,117.35380137457746,301.1541748046875,0.011449359357357,18.28013749363709,332.85674360880097,64,1.0,6.123233995736766e-17,1.0,6.123233995736766e-17,2,328.83994613241833
2026,3,5,6,1000.0,18.75,72.75,115.8369735077728,302.5506591796875,0.0099091753363609,15.835787347347855,321.0145787446829,64,1.0,6.123233995736766e-17,1.0,6.123233995736766e-17,2,328.21865674803814
2026,3,5,6,1000.0,18.75,73.0,113.28768297532795,305.5819091796875,0.0078191980719566,12.511604601041531,303.9183177881485,64,1.0,6.123233995736766e-17,1.0,6.123233995736766e-17,2,321.5786545258638
2026,3,5,6,925.0,19.25,72.5,810.7060562857857,299.8553466796875,0.0060906633734703,9.02425617264722,276.818713248298,64,1.0,6.123233995736766e-17,1.0,6.123233995736766e-17,2,270.08629911302785
2026,3,5,6,925.0,19.25,72.75,810.3491556112434,299.8514404296875,0.0064716562628746,9.586544394169389,279.1554891537004,64,1.0,6.123233995736766e-17,1.0,6.123233995736766e-17,2,269.3062714710625
2026,3,5,6,925.0,19.25,73.0,810.1961981792967,299.9822998046875,0.0064754709601402,9.592173002364952,279.0397039644043,64,1.0,6.123233995736766e-17,1.0,6.123233995736766e-17,2,267.0798022277972
2026,3,5,6,925.0,19.0,72.5,809.7755652414434,300.1014404296875,0.0057492479681968,8.520157924984865,274.4732429496334,64,1.0,6.123233995736766e-17,1.0,6.123233995736766e-17,2,267.88943419928614
2026,3,5,6,925.0,19.0,72.75,809.0872567976833,300.3397216796875,0.0052776560187339,7.82351169064723,271.34682585273185,64,1.0,6.123233995736766e-17,1.0,6.123233995736766e-17,2,267.123039925406
2026,3,5,6,925.0,19.0,73.0,809.1254961556699,300.1014404296875,0.005714438855648,8.468750722955942,274.2603326658611,64,1.0,6.123233995736766e-17,1.0,6.123233995736766e-17,2,265.7385074963736
2026,3,5,6,925.0,18.75,72.5,808.7431025758032,300.3123779296875,0.0053005442023277,7.857331820360857,271.5143523074712,64,1.0,6.123233995736766e-17,1.0,6.123233995736766e-17,2,267.2402852792303
2026,3,5,6,925.0,18.75,72.75,808.1440193006787,300.6170654296875,0.0048885568976402,7.248425962641056,268.6930313547003,64,1.0,6.123233995736766e-17,1.0,6.123233995736766e-17,2,266.6949807156928
2026,3,5,6,925.0,18.75,73.0,808.220498016652,300.3572998046875,0.0056214556097984,8.331419486567905,273.4290428388438,64,1.0,6.123233995736766e-17,1.0,6.123233995736766e-17,2,265.96130404671317
2026,3,5,6,850.0,19.25,72.5,1548.1064666578293,293.5666198730469,0.0055394135415554,7.544540209424686,257.3383347256475,64,1.0,6.123233995736766e-17,1.0,6.123233995736766e-17,2,242.27803237840806
2026,3,5,6,850.0,19.25,72.75,1547.8770305099092,293.7404479980469,0.0050239525735378,6.84463241229547,254.1410622656168,64,1.0,6.123233995736766e-17,1.0,6.123233995736766e-17,2,242.55853632987885
2026,3,5,6,850.0,19.25,73.0,1547.5328762880292,293.8986511230469,0.0042695961892604,5.81955712988781,249.5617502239708,64,1.0,6.123233995736766e-17,1.0,6.123233995736766e-17,2,242.90355832928884
2026,3,5,6,850.0,19.0,72.5,1547.48189047738,293.7502136230469,0.0054783783853054,7.461687721686098,256.7989585189316,64,1.0,6.123233995736766e-17,1.0,6.123233995736766e-17,2,243.20004389737892
2026,3,5,6,850.0,19.0,72.75,1547.074003992189,293.9103698730469,0.005031581968069,6.854995012002791,254.0217812283109,64,1.0,6.123233995736766e-17,1.0,6.123233995736766e-17,2,243.30077643500772
2026,3,5,6,850.0,19.0,73.0,1546.7553426756335,294.0959167480469,0.0042796097695827,5.833170463146759,249.4362186057548,64,1.0,6.123233995736766e-17,1.0,6.123233995736766e-17,2,243.59063001249558
2026,3,5,6,850.0,18.75,72.5,1546.9337930129043,294.0763854980469,0.0051522217690944,7.0188408867394525,254.56835922868464,64,1.0,6.123233995736766e-17,1.0,6.123233995736766e-17,2,243.46410754441968
2026,3,5,6,850.0,18.75,72.75,1546.4749207170646,294.1232604980469,0.0047602616250514,6.486416175126692,252.22730045343687,64,1.0,6.123233995736766e-17,1.0,6.123233995736766e-17,2,243.53291056400354
2026,3,5,6,850.0,18.75,73.0,1546.270977474469,294.2013854980469,0.004360195249319,5.942719367184314,249.80987580837817,64,1.0,6.123233995736766e-17,1.0,6.123233995736766e-17,2,243.8004191989054
2026,3,5,12,1000.0,19.25,72.5,83.82784258640821,301.8922119140625,0.0107937939465045,17.240277622033137,327.603873900761,64,1.0,6.123233995736766e-17,1.2246467991473532e-16,-1.0,2,333.0604610880598
2026,3,5,12,1000.0,19.25,72.75,80.65397587351441,303.6070556640625,0.0114298947155475,18.24927447185986,329.4401687199934,64,1.0,6.123233995736766e-17,1.2246467991473532e-16,-1.0,2,333.9712922822069
2026,3,5,12,1000.0,19.25,73.0,75.52990190330031,306.9957275390625,0.0094987042248249,15.183581064607235,312.864485809011,64,1.0,6.123233995736766e-17,1.2246467991473532e-16,-1.0,2,324.4986641241886
2026,3,5,12,1000.0,19.0,72.5,82.33650762492799,301.7086181640625,0.0115290768444538,18.40652950747611,332.6250631483631,64,1.0,6.123233995736766e-17,1.2246467991473532e-16,-1.0,2,337.54284824383626
2026,3,5,12,1000.0,19.0,72.75,79.0606692907364,302.6715087890625,0.0123983509838581,19.783974071538577,336.9361115709103,64,1.0,6.123233995736766e-17,1.2246467991473532e-16,-1.0,2,339.300191366139
2026,3,5,12,1000.0,19.0,73.0,74.90532572285133,305.7320556640625,0.0106054432690143,16.941362955189394,321.4214633120067,64,1.0,6.123233995736766e-17,1.2246467991473532e-16,-1.0,2,335.7469877793566
2026,3,5,12,1000.0,18.75,72.5,81.10010171669225,301.4722900390625,0.0123158581554889,19.65331865948348,338.061885371025,64,1.0,6.123233995736766e-17,1.2246467991473532e-16,-1.0,2,340.657302034582
2026,3,5,12,1000.0,18.75,72.75,77.81151692983843,301.6929931640625,0.0131698735058307,21.00531286395084,343.2961684837365,64,1.0,6.123233995736766e-17,1.2246467991473532e-16,-1.0,2,341.3600321637719
2026,3,5,12,1000.0,18.75,73.0,75.00729734414912,304.4879150390625,0.0114790089428424,18.32714830883324,328.5874099405406,64,1.0,6.123233995736766e-17,1.2246467991473532e-16,-1.0,2,338.48784186283234
2026,3,5,12,925.0,19.25,72.5,777.7274978904621,301.023681640625,0.0052690058946609,7.810729815397847,270.6043433069351,64,1.0,6.123233995736766e-17,1.2246467991473532e-16,-1.0,2,265.5696188526644
2026,3,5,12,925.0,19.25,72.75,775.4331364112618,301.060791015625,0.0066670924425125,9.874878178487306,279.06159442906886,64,1.0,6.123233995736766e-17,1.2246467991473532e-16,-1.0,2,265.33344013069257
2026,3,5,12,925.0,19.25,73.0,772.9730710474525,301.601806640625,0.007210686802864,10.676503203545922,281.7753403772616,64,1.0,6.123233995736766e-17,1.2246467991473532e-16,-1.0,2,270.422892481909
2026,3,5,12,925.0,19.0,72.5,776.6695423194975,301.248291015625,0.0054749995470047,8.115080414304641,271.62956020481806,64,1.0,6.123233995736766e-17,1.2246467991473532e-16,-1.0,2,264.5706236213961
2026,3,5,12,925.0,19.0,72.75,774.2477163136749,301.375244140625,0.00657220184803,9.734891308557412,278.15318103262626,64,1.0,6.123233995736766e-17,1.2246467991473532e-16,-1.0,2,264.33859715453394
2026,3,5,12,925.0,19.0,73.0,772.0808193610968,301.623291015625,0.0070042163133621,10.372088445572968,280.5040648161437,64,1.0,6.123233995736766e-17,1.2246467991473532e-16,-1.0,2,266.69966447822975
2026,3,5,12,925.0,18.75,72.5,775.6753190118441,301.470947265625,0.0054425746202468,8.06717841219568,271.2077330019298,64,1.0,6.123233995736766e-17,1.2246467991473532e-16,-1.0,2,264.065541664388
2026,3,5,12,925.0,18.75,72.75,773.3299717219949,301.584228515625,0.0062531977891922,9.264164258442207,276.0022896405669,64,1.0,6.123233995736766e-17,1.2246467991473532e-16,-1.0,2,263.87694169917177
2026,3,5,12,925.0,18.75,73.0,771.2522999380523,301.457275390625,0.0067638903856277,10.017662287755275,279.22724097231225,64,1.0,6.123233995736766e-17,1.2246467991473532e-16,-1.0,2,265.08318329684226
2026,3,5,12,850.0,19.25,72.5,1517.6986088521564,294.8633117675781,0.0057056359946727,7.770148680952755,257.0315803896225,64,1.0,6.123233995736766e-17,1.2246467991473532e-16,-1.0,2,250.40432287350873
2026,3,5,12,850.0,19.25,72.75,1516.2582597013252,295.0937805175781,0.0065710954368114,8.944075825115538,261.8332246859602,64,1.0,6.123233995736766e-17,1.2246467991473532e-16,-1.0,2,250.10933772492592
2026,3,5,12,850.0,19.25,73.0,1515.0983325090629,295.4707336425781,0.0065920762717723,8.972519395230984,261.5718960733154,64,1.0,6.123233995736766e-17,1.2246467991473532e-16,-1.0,2,249.84115196892492
2026,3,5,12,850.0,19.0,72.5,1516.984807503072,294.9941711425781,0.005436223000288,7.404460100069356,255.3353317096088,64,1.0,6.123233995736766e-17,1.2246467991473532e-16,-1.0,2,251.584545638812
2026,3,5,12,850.0,19.0,72.75,1515.5444583522406,295.2480773925781,0.0061581544578075,8.38410757429356,259.2803173582232,64,1.0,6.123233995736766e-17,1.2246467991473532e-16,-1.0,2,251.03500684403193
2026,3,5,12,850.0,19.0,73.0,1514.2825595386803,295.5801086425781,0.0061662606894969,8.395102716955622,258.99575034195243,64,1.0,6.123233995736766e-17,1.2246467991473532e-16,-1.0,2,250.67963709344815
2026,3,5,12,850.0,18.75,72.5,1516.309245511974,295.1699523925781,0.0045612268149852,6.215957537757423,250.076177901002,64,1.0,6.123233995736766e-17,1.2246467991473532e-16,-1.0,2,251.39374642902092
2026,3,5,12,850.0,18.75,72.75,1514.715938929196,295.3769836425781,0.0054195336997509,7.381802899369393,254.8664706965168,64,1.0,6.123233995736766e-17,1.2246467991473532e-16,-1.0,2,250.75498154065588
2026,3,5,12,850.0,18.75,73.0,1513.1226323464182,295.6035461425781,0.0058854036033153,8.014090443020491,257.34596951760057,64,1.0,6.123233995736766e-17,1.2246467991473532e-16,-1.0,2,250.36202050178812
2026,3,5,18,1000.0,19.25,72.5,100.05606845864796,301.6344299316406,0.011694349348545,18.66853019594462,333.79954056093925,64,1.0,6.123233995736766e-17,-1.0,-1.8369701987210294e-16,2,332.3547959096032
2026,3,5,18,1000.0,19.25,72.75,99.48247808884788,302.0152893066406,0.0099114552140235,15.839408990251313,321.7130278474423,64,1.0,6.123233995736766e-17,-1.0,-1.8369701987210294e-16,2,331.2021077704455
2026,3,5,18,1000.0,19.25,73.0,99.48247808884788,302.4059143066406,0.0083593502640724,13.371540850985346,311.1480587905973,64,1.0,6.123233995736766e-17,-1.0,-1.8369701987210294e-16,2,339.13872364477265
2026,3,5,18,1000.0,19.0,72.5,99.80113940540348,301.5816955566406,0.0124167576432228,19.813125494147453,338.56537736780547,64,1.0,6.123233995736766e-17,-1.0,-1.8369701987210294e-16,2,337.012012871283
2026,3,5,18,1000.0,19.0,72.75,99.10008450898115,302.2789611816406,0.0103606358170509,16.552749114198065,324.28794206308294,64,1.0,6.123233995736766e-17,-1.0,-1.8369701987210294e-16,2,336.22871273078334
2026,3,5,18,1000.0,19.0,73.0,99.07459160365671,302.7027893066406,0.0087193623185157,13.944377460623995,313.1213472469408,64,1.0,6.123233995736766e-17,-1.0,-1.8369701987210294e-16,2,343.90767412374123
2026,3,5,18,1000.0,18.75,72.5,100.13254717462132,301.5504455566406,0.0128864422440528,20.55676638229666,341.65925206569227,64,1.0,6.123233995736766e-17,-1.0,-1.8369701987210294e-16,2,339.7042383566028
2026,3,5,18,1000.0,18.75,72.75,99.06184515099449,302.4195861816406,0.0108112469315528,17.267972266157745,327.02270282712067,64,1.0,6.123233995736766e-17,-1.0,-1.8369701987210294e-16,2,338.5376048559182
2026,3,5,18,1000.0,18.75,73.0,98.71769092911444,303.0211486816406,0.0091075077652931,14.561699527488152,315.2404967528536,64,1.0,6.123233995736766e-17,-1.0,-1.8369701987210294e-16,2,345.9643204142207
2026,3,5,18,925.0,19.25,72.5,793.4168376019079,300.90704345703125,0.0040897503495216,6.066945380923597,263.53818924541247,64,1.0,6.123233995736766e-17,-1.0,-1.8369701987210294e-16,2,261.23247060782
2026,3,5,18,925.0,19.25,72.75,793.1109227380146,301.12188720703125,0.0044392719864845,6.584048647637244,265.4595079795148,64,1.0,6.123233995736766e-17,-1.0,-1.8369701987210294e-16,2,261.11985030313843
2026,3,5,18,925.0,19.25,73.0,792.8050078741212,300.81915283203125,0.0058859959244728,8.722090666036285,274.5667455001554,64,1.0,6.123233995736766e-17,-1.0,-1.8369701987210294e-16,2,268.6327457384669
2026,3,5,18,925.0,19.0,72.5,792.906979495419,300.96954345703125,0.0041202679276466,6.112103646823694,263.66422540726506,64,1.0,6.123233995736766e-17,-1.0,-1.8369701987210294e-16,2,260.8097768180417
2026,3,5,18,925.0,19.0,72.75,792.6647968948367,300.97540283203125,0.0045832768082618,6.797034294141973,266.4788901958956,64,1.0,6.123233995736766e-17,-1.0,-1.8369701987210294e-16,2,260.7178167544237
2026,3,5,18,925.0,19.0,73.0,792.3461355782811,300.71954345703125,0.0060152187943458,8.912880544259863,275.4565431635393,64,1.0,6.123233995736766e-17,-1.0,-1.8369701987210294e-16,2,266.4581320011553
2026,3,5,18,925.0,18.75,72.5,792.7795149687968,300.85235595703125,0.0043558254837989,6.460612798084224,265.2129389689111,64,1.0,6.123233995736766e-17,-1.0,-1.8369701987210294e-16,2,260.64176731041925
2026,3,5,18,925.0,18.75,72.75,792.4736001049033,300.89337158203125,0.0046967640519142,6.964857718859051,267.2505822213756,64,1.0,6.123233995736766e-17,-1.0,-1.8369701987210294e-16,2,260.5226302661164
2026,3,5,18,925.0,18.75,73.0,791.6960664925077,300.70977783203125,0.0060500279068946,8.964269023289207,275.67865507704903,64,1.0,6.123233995736766e-17,-1.0,-1.8369701987210294e-16,2,264.70241559739605
2026,3,5,18,850.0,19.25,72.5,1533.5468311044035,295.24151611328125,0.0062977597117424,8.573450482713305,260.0970968556845,64,1.0,6.123233995736766e-17,-1.0,-1.8369701987210294e-16,2,245.4042107571815
2026,3,5,18,850.0,19.25,72.75,1533.4958452937549,295.22393798828125,0.0065948292613029,8.976251550122237,261.83860542299124,64,1.0,6.123233995736766e-17,-1.0,-1.8369701987210294e-16,2,245.87787588642536
2026,3,5,18,850.0,19.25,73.0,1533.2919020511592,295.20245361328125,0.0065428540110588,8.90578798248321,261.5588560898365,64,1.0,6.123233995736766e-17,-1.0,-1.8369701987210294e-16,2,246.2355000046788
2026,3,5,18,850.0,19.0,72.5,1533.164437524537,295.32159423828125,0.0063196942210197,8.603196767384532,260.1438436797947,64,1.0,6.123233995736766e-17,-1.0,-1.8369701987210294e-16,2,248.96526830298384
2026,3,5,18,850.0,19.0,72.75,1533.0114800925903,295.19854736328125,0.0066143795847892,9.002755047357349,261.97787566326787,64,1.0,6.123233995736766e-17,-1.0,-1.8369701987210294e-16,2,249.31658782573413
2026,3,5,18,850.0,19.0,73.0,1532.6290865127237,295.10284423828125,0.0065366551280021,8.89738377481506,261.6240176767816,64,1.0,6.123233995736766e-17,-1.0,-1.8369701987210294e-16,2,249.5076959868454
2026,3,5,18,850.0,18.75,72.5,1533.0369729979147,295.27471923828125,0.0063278004527091,8.614189759619766,260.23801334753693,64,1.0,6.123233995736766e-17,-1.0,-1.8369701987210294e-16,2,250.07986268091656
2026,3,5,18,850.0,18.75,72.75,1532.6035936073993,295.10675048828125,0.006585769355297,8.963969228950614,261.9052373221482,64,1.0,6.123233995736766e-17,-1.0,-1.8369701987210294e-16,2,250.37096629569297
2026,3,5,18,850.0,18.75,73.0,1531.8642993529902,295.08526611328125,0.0065051838755607,8.854715286029473,261.4590959965838,64,1.0,6.123233995736766e-17,-1.0,-1.8369701987210294e-16,2,250.41535049109132
2026,3,15,0,1000.0,19.25,72.5,93.5841567010651,299.2718200683594,0.0166945159435272,26.570485811419537,369.9524829263524,74,1.0,6.123233995736766e-17,0.0,1.0,2,357.3428334098975
2026,3,15,0,1000.0,19.25,72.75,93.78809994366068,298.5296325683594,0.0165843665599823,26.396924643537016,370.4216117715596,74,1.0,6.123233995736766e-17,0.0,1.0,2,358.62555778410837
2026,3,15,0,1000.0,19.25,73.0,94.04302899690516,297.6351013183594,0.0159396827220916,25.380641923829906,367.5888184033234,74,1.0,6.123233995736766e-17,0.0,1.0,2,354.412444903352
2026,3,15,0,1000.0,19.0,72.5,94.0047896389185,299.3362731933594,0.0166616141796112,26.518645274524168,369.6331992138262,74,1.0,6.123233995736766e-17,0.0,1.0,2,359.7526167279318
2026,3,15,0,1000.0,19.0,72.75,93.83908575430958,298.8694763183594,0.0170745551586151,27.169132852857143,373.099553247344,74,1.0,6.123233995736766e-17,0.0,1.0,2,361.1159167585192
2026,3,15,0,1000.0,19.0,73.0,93.87732511229623,298.1643981933594,0.0163535773754119,26.033198067615974,369.484793298513,74,1.0,6.123233995736766e-17,0.0,1.0,2,357.7918169188941
2026,3,15,0,1000.0,18.75,72.5,94.28521159748742,299.4319763183594,0.0164704024791717,26.217328484390023,368.2262535308153,74,1.0,6.123233995736766e-17,0.0,1.0,2,360.75584075571027
2026,3,15,0,1000.0,18.75,72.75,93.69887477502512,299.1585388183594,0.0168404281139373,26.80036259295906,371.0925677684586,74,1.0,6.123233995736766e-17,0.0,1.0,2,362.0568727853844
2026,3,15,0,1000.0,18.75,73.0,93.78809994366068,298.7503356933594,0.0148763358592987,23.7026524142572,358.80652993635795,74,1.0,6.123233995736766e-17,0.0,1.0,2,357.87296157306594
2026,3,15,0,925.0,19.25,72.5,778.5192716804414,298.405517578125,0.0048759765923023,7.229827835580418,270.82983702572056,74,1.0,6.123233995736766e-17,0.0,1.0,2,266.6726774720785
2026,3,15,0,925.0,19.25,72.75,777.983920668628,298.249267578125,0.00492699816823,7.305253957987374,271.3038765000001,74,1.0,6.123233995736766e-17,0.0,1.0,2,266.5928205320585
2026,3,15,0,925.0,19.25,73.0,777.6397664467479,297.932861328125,0.0058430023491382,8.65860659032816,277.3115661360055,74,1.0,6.123233995736766e-17,0.0,1.0,2,268.73504760124996
2026,3,15,0,925.0,19.0,72.5,778.7359613756992,298.448486328125,0.0049751587212085,7.376446299786244,271.4004714431345,74,1.0,6.123233995736766e-17,0.0,1.0,2,263.7623637031811
2026,3,15,0,925.0,19.0,72.75,778.098638742588,298.124267578125,0.0051368065178394,7.615368440736256,272.73195651815905,74,1.0,6.123233995736766e-17,0.0,1.0,2,263.8079325054395
2026,3,15,0,925.0,19.0,73.0,777.8946954999924,297.880126953125,0.0058272667229175,8.635370625270616,277.26942594587604,74,1.0,6.123233995736766e-17,0.0,1.0,2,264.34651367536884
2026,3,15,0,925.0,18.75,72.5,778.8124400916726,298.380126953125,0.0049389190971851,7.322876211701983,271.2452928721014,74,1.0,6.123233995736766e-17,0.0,1.0,2,261.70422309338704
2026,3,15,0,925.0,18.75,72.75,778.1751174585613,298.200439453125,0.0051883049309253,7.691475400389075,272.973368094666,74,1.0,6.123233995736766e-17,0.0,1.0,2,261.67408353490566
2026,3,15,0,925.0,18.75,73.0,778.0094135739524,297.979736328125,0.0055454559624195,8.21916062022977,275.4161807349324,74,1.0,6.123233995736766e-17,0.0,1.0,2,262.62769150810925
2026,3,15,0,850.0,19.25,72.5,1514.2841528452632,294.4632568359375,0.0034235639031976,4.6687900371765085,244.08481690513435,74,1.0,6.123233995736766e-17,0.0,1.0,2,237.43246926296067
2026,3,15,0,850.0,19.25,72.75,1513.9399986233832,294.5745849609375,0.0033363027032464,4.550030790850735,243.4744946321732,74,1.0,6.123233995736766e-17,0.0,1.0,2,237.59979791248514
2026,3,15,0,850.0,19.25,73.0,1513.532112138192,294.7034912109375,0.0032080335076898,4.375438367431825,242.6096137034272,74,1.0,6.123233995736766e-17,0.0,1.0,2,237.91749698821664
2026,3,15,0,850.0,19.0,72.5,1514.730278688441,294.4613037109375,0.0037730855401605,5.1443500027175855,246.13234311805547,74,1.0,6.123233995736766e-17,0.0,1.0,2,238.45412686443663
2026,3,15,0,850.0,19.0,72.75,1514.271406392601,294.5784912109375,0.0036500615533441,4.976986264618747,245.30623183928208,74,1.0,6.123233995736766e-17,0.0,1.0,2,238.62524027310778
2026,3,15,0,850.0,19.0,73.0,1514.0674631500056,294.6468505859375,0.0035971326287835,4.904973252731571,244.93496049716785,74,1.0,6.123233995736766e-17,0.0,1.0,2,238.915203573286
2026,3,15,0,850.0,18.75,72.5,1515.1891509842812,294.4769287109375,0.0040277168154716,5.490675027247058,247.6077794148346,74,1.0,6.123233995736766e-17,0.0,1.0,2,239.78374382037586
2026,3,15,0,850.0,18.75,72.75,1514.66654642513,294.5648193359375,0.0040515586733818,5.52309696004535,247.6662301992114,74,1.0,6.123233995736766e-17,0.0,1.0,2,239.90851948649282
2026,3,15,0,850.0,18.75,73.0,1514.4753496351966,294.5706787109375,0.0040444061160087,5.513370478614582,247.6190210303793,74,1.0,6.123233995736766e-17,0.0,1.0,2,240.04878527310066
2026,3,15,6,1000.0,19.25,72.5,119.6979038936589,298.761474609375,0.0162997916340827,25.948416565933847,368.1742325647568,74,1.0,6.123233995736766e-17,1.0,6.123233995736766e-17,2,345.07884450536005
2026,3,15,6,1000.0,19.25,72.75,118.01537214224533,300.720458984375,0.0137253478169441,21.883938859736773,348.3096702122502,74,1.0,6.123233995736766e-17,1.0,6.123233995736766e-17,2,341.18971856969966
2026,3,15,6,1000.0,19.25,73.0,116.02692552693836,302.741943359375,0.012377806007862,19.75143533991429,336.7065616528781,74,1.0,6.123233995736766e-17,1.0,6.123233995736766e-17,2,324.5012064623279
2026,3,15,6,1000.0,19.0,72.5,120.14402973683674,298.659912109375,0.0167513564229011,26.660039729913468,371.3121301889445,74,1.0,6.123233995736766e-17,1.0,6.123233995736766e-17,2,353.14365650336634
2026,3,15,6,1000.0,19.0,72.75,119.02234190256102,299.573974609375,0.0158615782856941,25.25746414652367,364.01061274854186,74,1.0,6.123233995736766e-17,1.0,6.123233995736766e-17,2,351.547907936668
2026,3,15,6,1000.0,19.0,73.0,116.80445913933404,301.849365234375,0.0136466696858406,21.759524851499403,346.1613590847396,74,1.0,6.123233995736766e-17,1.0,6.123233995736766e-17,2,330.7825854765812
2026,3,15,6,1000.0,18.75,72.5,120.6921272013124,298.738037109375,0.0167413428425788,26.644263471453133,371.1199409267188,74,1.0,6.123233995736766e-17,1.0,6.123233995736766e-17,2,355.5311582117018
2026,3,15,6,1000.0,18.75,72.75,119.78712906229448,298.904052734375,0.0162277892231941,25.83491186264653,367.4730432342914,74,1.0,6.123233995736766e-17,1.0,6.123233995736766e-17,2,355.1573115764128
2026,3,15,6,1000.0,18.75,73.0,117.13586690855186,301.474365234375,0.012988157570362,20.717754448159923,342.42745464492486,74,1.0,6.123233995736766e-17,1.0,6.123233995736766e-17,2,331.32452129277027
2026,3,15,6,925.0,19.25,72.5,803.6717073044822,298.3180847167969,0.0037244854029268,5.526316307069815,263.77814908646815,74,1.0,6.123233995736766e-17,1.0,6.123233995736766e-17,2,271.87026464877056
2026,3,15,6,925.0,19.25,72.75,803.7354395677934,298.1481628417969,0.0041679441928863,6.182649068337053,266.6957208768997,74,1.0,6.123233995736766e-17,1.0,6.123233995736766e-17,2,270.73548427030426
2026,3,15,6,925.0,19.25,73.0,803.1745956506554,297.0505065917969,0.0076145231723785,11.271689303151874,289.2895938352531,74,1.0,6.123233995736766e-17,1.0,6.123233995736766e-17,2,279.5629437686105
2026,3,15,6,925.0,19.0,72.5,804.3217763902556,298.2848815917969,0.0039543211460113,5.866524389314816,265.2363243543696,74,1.0,6.123233995736766e-17,1.0,6.123233995736766e-17,2,267.5652547252095
2026,3,15,6,925.0,19.0,72.75,803.9903686210378,298.6735534667969,0.003970056772232,5.8898131525952655,264.9565803962435,74,1.0,6.123233995736766e-17,1.0,6.123233995736766e-17,2,265.6379714950839
2026,3,15,6,925.0,19.0,73.0,803.7354395677934,297.4137878417969,0.0070156157016754,10.388897393306095,285.1555195690038,74,1.0,6.123233995736766e-17,1.0,6.123233995736766e-17,2,278.2672356018583
2026,3,15,6,925.0,18.75,72.5,804.9718454760291,298.3415222167969,0.0041383802890777,6.138904552144646,266.32275053296263,74,1.0,6.123233995736766e-17,1.0,6.123233995736766e-17,2,264.9355650140441
2026,3,15,6,925.0,18.75,72.75,804.4619873695401,298.7184753417969,0.0041464865207672,6.1508991722789,266.00439338239204,74,1.0,6.123233995736766e-17,1.0,6.123233995736766e-17,2,263.44445804880525
2026,3,15,6,925.0,18.75,73.0,804.6659306121356,297.3630065917969,0.0073164999485015,10.832481896847408,287.0828603214969,74,1.0,6.123233995736766e-17,1.0,6.123233995736766e-17,2,277.949812943492
2026,3,15,6,850.0,19.25,72.5,1538.359015311039,293.78485107421875,0.0027639551553875,3.770775353818862,240.81403158796908,74,1.0,6.123233995736766e-17,1.0,6.123233995736766e-17,2,241.04613882461325
2026,3,15,6,850.0,19.25,72.75,1538.3845082163634,293.86883544921875,0.0027191324625164,3.7097260734833406,240.47687068331985,74,1.0,6.123233995736766e-17,1.0,6.123233995736766e-17,2,241.17796270708277
2026,3,15,6,850.0,19.25,73.0,1537.912889467861,293.97821044921875,0.0025851412210613,3.5272078922291783,239.5936985404758,74,1.0,6.123233995736766e-17,1.0,6.123233995736766e-17,2,241.33464859019728
2026,3,15,6,850.0,19.0,72.5,1538.9580985861635,293.76531982421875,0.0028688593301922,3.9136436698551655,241.44863544305665,74,1.0,6.123233995736766e-17,1.0,6.123233995736766e-17,2,241.29795618601938
2026,3,15,6,850.0,19.0,72.75,1538.8306340595414,293.89422607421875,0.002837864914909,3.871434469179394,241.1530385548548,74,1.0,6.123233995736766e-17,1.0,6.123233995736766e-17,2,241.3868782478831
2026,3,15,6,850.0,19.0,73.0,1538.6139443642835,294.01141357421875,0.0027959032449871,3.814287175877416,240.8036680021361,74,1.0,6.123233995736766e-17,1.0,6.123233995736766e-17,2,241.4916935710716
2026,3,15,6,850.0,18.75,72.5,1539.6973928405723,293.76141357421875,0.0030595941934734,4.173357661229088,242.5746442339293,74,1.0,6.123233995736766e-17,1.0,6.123233995736766e-17,2,240.96197375544986
2026,3,15,6,850.0,18.75,72.75,1539.4042244293414,293.90789794921875,0.0030638857278972,4.179200534737821,242.46998817004825,74,1.0,6.123233995736766e-17,1.0,6.123233995736766e-17,2,241.0386544454951
2026,3,15,6,850.0,18.75,73.0,1539.4169708820036,293.97821044921875,0.0031253977213054,4.262945045641614,242.7691189788848,74,1.0,6.123233995736766e-17,1.0,6.123233995736766e-17,2,241.13856349724122
2026,3,15,12,1000.0,19.25,72.5,85.28116224863996,299.06646728515625,0.0158265568315982,25.202228377351748,364.5764192496292,74,1.0,6.123233995736766e-17,1.2246467991473532e-16,-1.0,2,356.55818371439983
2026,3,15,12,1000.0,19.25,72.75,84.41440346760872,300.18560791015625,0.0144971348345279,23.10374315179869,354.1405377570417,74,1.0,6.123233995736766e-17,1.2246467991473532e-16,-1.0,2,354.9224527561024
2026,3,15,12,1000.0,19.25,73.0,81.7121555032172,302.63677978515625,0.0126846767961978,20.237367377266523,338.8304840562821,74,1.0,6.123233995736766e-17,1.2246467991473532e-16,-1.0,2,330.7899610453466
2026,3,15,12,1000.0,19.0,72.5,85.88024552376449,299.25006103515625,0.0153311230242252,24.42058157035732,361.0325560346592,74,1.0,6.123233995736766e-17,1.2246467991473532e-16,-1.0,2,362.3622188999259
2026,3,15,12,1000.0,19.0,72.75,85.0899654587066,299.56256103515625,0.0153625942766666,24.47024769216417,360.7563714439712,74,1.0,6.123233995736766e-17,1.2246467991473532e-16,-1.0,2,363.48317863843755
2026,3,15,12,1000.0,19.0,73.0,82.93581495879073,301.38287353515625,0.01430020108819,22.792598462962257,351.0775700595026,74,1.0,6.123233995736766e-17,1.2246467991473532e-16,-1.0,2,348.1358820617173
2026,3,15,12,1000.0,18.75,72.5,86.50482170421347,299.50396728515625,0.0150049664080142,23.905749087415742,358.4995618804565,74,1.0,6.123233995736766e-17,1.2246467991473532e-16,-1.0,2,362.2704124261229
2026,3,15,12,1000.0,18.75,72.75,85.52334484922221,299.34771728515625,0.0152300335466861,24.261035232904856,360.2174880567364,74,1.0,6.123233995736766e-17,1.2246467991473532e-16,-1.0,2,363.9040162726403
2026,3,15,12,1000.0,18.75,73.0,83.9300382664442,300.73834228515625,0.0142587162554264,22.727045251400693,351.7606623914692,74,1.0,6.123233995736766e-17,1.2246467991473532e-16,-1.0,2,353.21755900098344
2026,3,15,12,925.0,19.25,72.5,770.8387372981599,298.5524597167969,0.003779157064855,5.607251136515448,263.89159454674206,74,1.0,6.123233995736766e-17,1.2246467991473532e-16,-1.0,2,258.5367740412196
2026,3,15,12,925.0,19.25,72.75,770.7495121295244,298.8278503417969,0.0043003400787711,6.3785306899054985,266.8484466871317,74,1.0,6.123233995736766e-17,1.2246467991473532e-16,-1.0,2,258.3203708452278
2026,3,15,12,925.0,19.25,73.0,770.2651469283599,298.4704284667969,0.0072629293426871,10.75351619819253,285.5181462148302,74,1.0,6.123233995736766e-17,1.2246467991473532e-16,-1.0,2,271.0517525774872
2026,3,15,12,925.0,19.0,72.5,771.3103560466623,298.4313659667969,0.0037700971588492,5.593839404684741,263.95202826808645,74,1.0,6.123233995736766e-17,1.2246467991473532e-16,-1.0,2,257.7066651685768
2026,3,15,12,925.0,19.0,72.75,771.0171876354311,298.9762878417969,0.0036556562408804,5.424415368505051,262.7213351143096,74,1.0,6.123233995736766e-17,1.2246467991473532e-16,-1.0,2,257.1240705762375
2026,3,15,12,925.0,19.0,73.0,770.6347940555644,298.4040222167969,0.007075055502355,10.476540488466986,284.431484743984,74,1.0,6.123233995736766e-17,1.2246467991473532e-16,-1.0,2,264.01172448616575
2026,3,15,12,925.0,18.75,72.5,771.7564818898401,298.4274597167969,0.0037381490692496,5.546544227011384,263.7577064921348,74,1.0,6.123233995736766e-17,1.2246467991473532e-16,-1.0,2,257.5244497714125
2026,3,15,12,925.0,18.75,72.75,771.3868347626357,299.0661315917969,0.0035950979217886,5.334752302155579,262.2616839339714,74,1.0,6.123233995736766e-17,1.2246467991473532e-16,-1.0,2,256.86709148519765
2026,3,15,12,925.0,18.75,73.0,771.1701450673778,298.3122253417969,0.0070712408050894,10.470915963853257,284.50894370283186,74,1.0,6.123233995736766e-17,1.2246467991473532e-16,-1.0,2,261.6125579789099
2026,3,15,12,850.0,19.25,72.5,1505.7750990399372,294.262451171875,0.0025752522051334,3.513736244714972,239.28954307715767,74,1.0,6.123233995736766e-17,1.2246467991473532e-16,-1.0,2,242.82445368088335
2026,3,15,12,850.0,19.25,72.75,1506.2339713357774,294.270263671875,0.00252041593194,3.439030736878,238.9610012668805,74,1.0,6.123233995736766e-17,1.2246467991473532e-16,-1.0,2,242.78134072266775
2026,3,15,12,850.0,19.25,73.0,1506.3741823150615,294.291748046875,0.0031569935381412,4.305958231360387,242.67614067130955,74,1.0,6.123233995736766e-17,1.2246467991473532e-16,-1.0,2,242.4934746941313
2026,3,15,12,850.0,19.0,72.5,1506.3104500517506,294.408935546875,0.0027731396257877,3.783284350942715,240.32291674480985,74,1.0,6.123233995736766e-17,1.2246467991473532e-16,-1.0,2,242.81699279451908
2026,3,15,12,850.0,19.0,72.75,1506.552632652333,294.365966796875,0.0027664639055728,3.7741922166957687,240.3212355910289,74,1.0,6.123233995736766e-17,1.2246467991473532e-16,-1.0,2,242.63763724263455
2026,3,15,12,850.0,19.0,73.0,1506.8712939688885,294.377685546875,0.0031288601458072,4.267658721833296,242.43503291615104,74,1.0,6.123233995736766e-17,1.2246467991473532e-16,-1.0,2,242.26545437479882
2026,3,15,12,850.0,18.75,72.5,1506.9095333268751,294.393310546875,0.0030373074114322,4.143013981100949,241.88474360310428,74,1.0,6.123233995736766e-17,1.2246467991473532e-16,-1.0,2,242.60228614772055
2026,3,15,12,850.0,18.75,72.75,1506.9222797795371,294.414794921875,0.0030702091753482,4.187809778436708,242.0585558461876,74,1.0,6.123233995736766e-17,1.2246467991473532e-16,-1.0,2,242.74091991907994
2026,3,15,12,850.0,18.75,73.0,1507.4576307913508,294.391357421875,0.0033024288713932,4.503926379105828,243.4397851952102,74,1.0,6.123233995736766e-17,1.2246467991473532e-16,-1.0,2,242.53285426487423
2026,3,15,18,1000.0,19.25,72.5,100.41867018330674,298.95050048828125,0.0166866406798362,26.5580776088654,370.41739461011593,74,1.0,6.123233995736766e-17,-1.0,-1.8369701987210294e-16,2,354.48254584224884
2026,3,15,18,1000.0,19.25,72.75,101.15796443771572,298.50128173828125,0.01731988042593,27.555429862245862,375.3169825585738,74,1.0,6.123233995736766e-17,-1.0,-1.8369701987210294e-16,2,353.59993301521655
2026,3,15,18,1000.0,19.25,73.0,101.89725869212474,298.20245361328125,0.0168540105223655,26.821758894305955,372.731369604601,74,1.0,6.123233995736766e-17,-1.0,-1.8369701987210294e-16,2,344.40294885026964
2026,3,15,18,1000.0,19.0,72.5,101.19620379570242,298.96807861328125,0.0164897069334983,26.24775213447281,369.09407840347575,74,1.0,6.123233995736766e-17,-1.0,-1.8369701987210294e-16,2,359.06360280554657
2026,3,15,18,1000.0,19.0,72.75,101.66782254420472,298.87628173828125,0.0165273770689964,26.307117901274328,369.4889864833667,74,1.0,6.123233995736766e-17,-1.0,-1.8369701987210294e-16,2,359.6474559338614
2026,3,15,18,1000.0,19.0,73.0,101.91000514478696,298.50714111328125,0.0162365064024925,25.84865415987182,368.1627856224708,74,1.0,6.123233995736766e-17,-1.0,-1.8369701987210294e-16,2,353.85222405730104
2026,3,15,18,1000.0,18.75,72.5,102.0884554820581,299.07550048828125,0.0164730176329612,26.22144998512832,368.8124960226347,74,1.0,6.123233995736766e-17,-1.0,-1.8369701987210294e-16,2,360.46404482424964
2026,3,15,18,1000.0,18.75,72.75,102.05021612407144,299.10675048828125,0.0164124593138694,26.12600632138786,368.3646131790375,74,1.0,6.123233995736766e-17,-1.0,-1.8369701987210294e-16,2,361.30774522941124
2026,3,15,18,1000.0,18.75,73.0,102.10120193472032,298.60479736328125,0.0159661397337913,25.42236440403492,366.223723256696,74,1.0,6.123233995736766e-17,-1.0,-1.8369701987210294e-16,2,357.04378598098657
2026,3,15,18,925.0,19.25,72.5,786.6149620091979,298.9222106933594,0.0044231694191694,6.560230358258922,267.5142875302065,74,1.0,6.123233995736766e-17,-1.0,-1.8369701987210294e-16,2,255.92999748683258
2026,3,15,18,925.0,19.25,72.75,786.5002439352379,299.1038513183594,0.0036282821092754,5.383885855364699,262.43065834805225,74,1.0,6.123233995736766e-17,-1.0,-1.8369701987210294e-16,2,255.98922006825063
2026,3,15,18,925.0,19.25,73.0,786.0286251867356,298.5745544433594,0.0042925160378217,6.36695578260027,267.04901902021066,74,1.0,6.123233995736766e-17,-1.0,-1.8369701987210294e-16,2,269.34048598971776
2026,3,15,18,925.0,19.0,72.5,787.4307349795803,298.9593200683594,0.004370717331767,6.482642053063116,267.1538795262786,74,1.0,6.123233995736766e-17,-1.0,-1.8369701987210294e-16,2,255.3227007806516
2026,3,15,18,925.0,19.0,72.75,787.0865807577002,299.0101013183594,0.0034470839891582,5.115574129263259,261.4006015898971,74,1.0,6.123233995736766e-17,-1.0,-1.8369701987210294e-16,2,255.03846659594026
2026,3,15,18,925.0,19.0,73.0,786.5512297458868,298.5296325683594,0.0045652668923139,6.770399347836064,268.7817740179716,74,1.0,6.123233995736766e-17,-1.0,-1.8369701987210294e-16,2,265.0030154239572
2026,3,15,18,925.0,18.75,72.5,788.1955221393137,298.8987731933594,0.0043344777077436,6.429032705886296,266.98965622834896,74,1.0,6.123233995736766e-17,-1.0,-1.8369701987210294e-16,2,255.338846106863
2026,3,15,18,925.0,18.75,72.75,787.6601711275002,299.0315856933594,0.0034480376634746,5.116986450604698,261.3861789049521,74,1.0,6.123233995736766e-17,-1.0,-1.8369701987210294e-16,2,254.96496213493836
2026,3,15,18,925.0,18.75,73.0,787.0610878523757,298.6018981933594,0.0042443554848432,6.295704512642889,266.7240567154073,74,1.0,6.123233995736766e-17,-1.0,-1.8369701987210294e-16,2,262.0270437223816
2026,3,15,18,850.0,19.25,72.5,1522.17420704318,293.69500732421875,0.0039919605478644,5.442049236579951,248.1197730071364,74,1.0,6.123233995736766e-17,-1.0,-1.8369701987210294e-16,2,241.28710765843886
2026,3,15,18,850.0,19.25,72.75,1522.008503158571,293.75750732421875,0.0039132824167609,5.335045569324085,247.5994581118692,74,1.0,6.123233995736766e-17,-1.0,-1.8369701987210294e-16,2,241.6764726458811
2026,3,15,18,850.0,19.25,73.0,1521.103505019553,293.89813232421875,0.0034865129273384,4.754453512835538,244.9627730801577,74,1.0,6.123233995736766e-17,-1.0,-1.8369701987210294e-16,2,241.48496469824954
2026,3,15,18,850.0,19.0,72.5,1522.9007548449267,293.86492919921875,0.0031470048706978,4.292360267454175,242.99685180643505,74,1.0,6.123233995736766e-17,-1.0,-1.8369701987210294e-16,2,242.46431443664676
2026,3,15,18,850.0,19.0,72.75,1522.4673754544112,293.95281982421875,0.0030850160401314,4.207968762034778,242.55436083652475,74,1.0,6.123233995736766e-17,-1.0,-1.8369701987210294e-16,2,242.78807512625733
2026,3,15,18,850.0,19.0,73.0,1521.7663205579888,294.15985107421875,0.0028904664795845,3.943068048185416,241.22898209366733,74,1.0,6.123233995736766e-17,-1.0,-1.8369701987210294e-16,2,242.40238112520106
2026,3,15,18,850.0,18.75,72.5,1523.6018097413491,293.97625732421875,0.0028866517823189,3.9378732914886783,241.3678351277384,74,1.0,6.123233995736766e-17,-1.0,-1.8369701987210294e-16,2,242.63643582981618
2026,3,15,18,850.0,18.75,72.75,1522.9389942029134,294.06414794921875,0.0028480279725044,3.885275025771877,241.06373628718777,74,1.0,6.123233995736766e-17,-1.0,-1.8369701987210294e-16,2,243.0749633308822
2026,3,15,18,850.0,18.75,73.0,1522.4546290017488,294.27703857421875,0.0029748666565865,4.057995889645182,241.6211719227603,74,1.0,6.123233995736766e-17,-1.0,-1.8369701987210294e-16,2,242.86282714902603
2026,3,25,0,1000.0,19.25,72.5,84.02304753821387,299.7761535644531,0.0181269571185112,28.8254746948349,378.5038739757072,84,1.0,6.123233995736766e-17,0.0,1.0,2,343.3639463233017
2026,3,25,0,1000.0,19.25,72.75,84.22699078080946,298.8230285644531,0.0183186456561088,29.12694157887026,381.3532565032344,84,1.0,6.123233995736766e-17,0.0,1.0,2,349.3822156870978
2026,3,25,0,1000.0,19.25,73.0,83.81910429561829,297.8210754394531,0.016917698085308,26.922080936463026,373.7748149193697,84,1.0,6.123233995736766e-17,0.0,1.0,2,357.9374222654936
2026,3,25,0,1000.0,19.0,72.5,84.41818757074282,299.7624816894531,0.0179166719317436,28.49468110490445,377.15346518286816,84,1.0,6.123233995736766e-17,0.0,1.0,2,341.95246227414106
2026,3,25,0,1000.0,19.0,72.75,84.12501915951167,299.2195129394531,0.0186057016253471,29.57826211029932,382.56717962994384,84,1.0,6.123233995736766e-17,0.0,1.0,2,347.3194081489208
2026,3,25,0,1000.0,19.0,73.0,83.72987912698271,298.2546691894531,0.0174760743975639,27.801318500654503,376.7538053866034,84,1.0,6.123233995736766e-17,0.0,1.0,2,357.9156083611993
2026,3,25,0,1000.0,18.75,72.5,84.87705986658288,299.7722473144531,0.0179047510027885,28.47592612877293,377.0594784930725,84,1.0,6.123233995736766e-17,0.0,1.0,2,344.68258576697065
2026,3,25,0,1000.0,18.75,72.75,84.17600497016056,299.4382629394531,0.018384926021099,29.23116396719476,380.7538148311292,84,1.0,6.123233995736766e-17,0.0,1.0,2,348.99033567178975
2026,3,25,0,1000.0,18.75,73.0,84.0357939908761,298.5945129394531,0.0167808458209037,26.70649876792411,371.6122431506758,84,1.0,6.123233995736766e-17,0.0,1.0,2,357.71367631679624
2026,3,25,0,925.0,19.25,72.5,771.090280574916,297.88677978515625,0.0085148736834526,12.597606464150898,293.9175017841576,84,1.0,6.123233995736766e-17,0.0,1.0,2,262.66273014185003
2026,3,25,0,925.0,19.25,72.75,770.516690205116,297.81451416015625,0.008217804133892,12.16028131454822,292.16250553452045,84,1.0,6.123233995736766e-17,0.0,1.0,2,262.589155779757
2026,3,25,0,925.0,19.25,73.0,769.5861991607736,297.83795166015625,0.0075950548052787,11.24300291394326,288.27848809754266,84,1.0,6.123233995736766e-17,0.0,1.0,2,267.9208752725444
2026,3,25,0,925.0,19.0,72.5,771.1540128382271,297.95123291015625,0.007976047694683,11.804268305040432,290.5091503483146,84,1.0,6.123233995736766e-17,0.0,1.0,2,260.9335199570027
2026,3,25,0,925.0,19.0,72.75,770.3509863205071,297.67779541015625,0.0073947831988334,10.947866039691917,287.2166988282754,84,1.0,6.123233995736766e-17,0.0,1.0,2,260.98382155789744
2026,3,25,0,925.0,19.0,73.0,769.4842275394758,297.97857666015625,0.0070342943072319,10.416439396555718,284.6478589838236,84,1.0,6.123233995736766e-17,0.0,1.0,2,265.49018069901035
2026,3,25,0,925.0,18.75,72.5,771.1540128382271,297.84576416015625,0.0075020715594291,11.105983973268431,287.6935750083942,84,1.0,6.123233995736766e-17,0.0,1.0,2,260.79375283399526
2026,3,25,0,925.0,18.75,72.75,770.3127469625204,297.69146728515625,0.0067853853106498,10.049366618391586,283.4196325759628,84,1.0,6.123233995736766e-17,0.0,1.0,2,260.74824802215005
2026,3,25,0,925.0,18.75,73.0,769.4077488235025,298.18756103515625,0.006783477962017,10.046553373183473,282.866053522697,84,1.0,6.123233995736766e-17,0.0,1.0,2,265.1331483706171
2026,3,25,0,850.0,19.25,72.5,1507.049345979514,294.4569396972656,0.0042454674839973,5.78675378751057,248.8999071502508,84,1.0,6.123233995736766e-17,0.0,1.0,2,240.07470363577332
2026,3,25,0,850.0,19.25,72.75,1506.590473683674,294.6131896972656,0.0041706040501594,5.684969701349672,248.3173000212476,84,1.0,6.123233995736766e-17,0.0,1.0,2,241.180506154416
2026,3,25,0,850.0,19.25,73.0,1505.876672334589,294.9042053222656,0.0044352486729621,6.044738300952393,249.59118745481413,84,1.0,6.123233995736766e-17,0.0,1.0,2,243.28541946023742
2026,3,25,0,850.0,19.0,72.5,1507.1130782428252,294.6874084472656,0.0040943101048469,5.58123119135374,247.8030284468481,84,1.0,6.123233995736766e-17,0.0,1.0,2,241.537988127134
2026,3,25,0,850.0,19.0,72.75,1506.4757556097138,294.9452209472656,0.0041982606053352,5.722572541654039,248.1715185456269,84,1.0,6.123233995736766e-17,0.0,1.0,2,242.95909341023744
2026,3,25,0,850.0,19.0,73.0,1505.9913904085497,295.1678771972656,0.0046874955296516,6.387545464433639,250.81273408398044,84,1.0,6.123233995736766e-17,0.0,1.0,2,245.1364607732384
2026,3,25,0,850.0,18.75,72.5,1507.1513176008118,294.9315490722656,0.0041582062840461,5.66811284641581,247.95063088379624,84,1.0,6.123233995736766e-17,0.0,1.0,2,242.44497868540606
2026,3,25,0,850.0,18.75,72.75,1506.526741420363,295.2010803222656,0.0043560937047004,5.937143934863318,248.85360002477816,84,1.0,6.123233995736766e-17,0.0,1.0,2,243.95405414444375
2026,3,25,0,850.0,18.75,73.0,1506.2845588197806,295.2616271972656,0.0048701241612434,6.635675043191492,251.78604746481463,84,1.0,6.123233995736766e-17,0.0,1.0,2,245.940102598861
2026,3,25,6,1000.0,19.25,72.5,108.2252500535351,299.771240234375,0.0179415866732597,28.53387813701252,377.3016878902456,84,1.0,6.123233995736766e-17,1.0,6.123233995736766e-17,2,341.7216891339858
2026,3,25,6,1000.0,19.25,72.75,106.07109955361923,302.013427734375,0.016216866672039,25.817692678169017,362.52029657391023,84,1.0,6.123233995736766e-17,1.0,6.123233995736766e-17,2,340.2020359862599
2026,3,25,6,1000.0,19.25,73.0,103.89145614837892,304.398193359375,0.0137749835848808,21.962422006254545,343.3399588084716,84,1.0,6.123233995736766e-17,1.0,6.123233995736766e-17,2,332.1960369674149
2026,3,25,6,1000.0,19.0,72.5,108.12327843223731,299.628662109375,0.0183621570467948,29.19536188877792,380.2858940324317,84,1.0,6.123233995736766e-17,1.0,6.123233995736766e-17,2,342.61730071035527
2026,3,25,6,1000.0,19.0,72.75,106.54271830212151,300.820068359375,0.0174785777926445,27.805259098739803,372.5714218767754,84,1.0,6.123233995736766e-17,1.0,6.123233995736766e-17,2,342.60289999500327
2026,3,25,6,1000.0,19.0,73.0,104.06990648565004,303.325927734375,0.0145226642489433,23.14407284312762,349.65779320626183,84,1.0,6.123233995736766e-17,1.0,6.123233995736766e-17,2,340.2872272592387
2026,3,25,6,1000.0,18.75,72.5,108.2252500535351,299.575927734375,0.0186244174838066,29.60768250228092,382.08787304317286,84,1.0,6.123233995736766e-17,1.0,6.123233995736766e-17,2,343.615563263368
2026,3,25,6,1000.0,18.75,72.75,106.83588671335268,299.855224609375,0.017951600253582,28.549631637308504,377.22820155415417,84,1.0,6.123233995736766e-17,1.0,6.123233995736766e-17,2,344.040149632988
2026,3,25,6,1000.0,18.75,73.0,103.59828773714776,302.577880859375,0.0143419429659843,22.85855454284702,349.5915333965836,84,1.0,6.123233995736766e-17,1.0,6.123233995736766e-17,2,340.0055206202029
2026,3,25,6,925.0,19.25,72.5,795.3399586473209,297.74853515625,0.0105529949069023,15.593756102292357,306.6844423496313,84,1.0,6.123233995736766e-17,1.0,6.123233995736766e-17,2,272.29741210755043
2026,3,25,6,925.0,19.25,72.75,795.454676721281,297.41845703125,0.0121303722262382,17.90752935770838,316.8541921278842,84,1.0,6.123233995736766e-17,1.0,6.123233995736766e-17,2,271.0528802590065
2026,3,25,6,925.0,19.25,73.0,794.9575650674543,297.33837890625,0.0126081630587577,18.607507359008,319.91305723232574,84,1.0,6.123233995736766e-17,1.0,6.123233995736766e-17,2,277.2435076278239
2026,3,25,6,925.0,19.0,72.5,795.110522499401,297.69384765625,0.0104323551058769,15.416614356652008,306.00726344697154,84,1.0,6.123233995736766e-17,1.0,6.123233995736766e-17,2,268.8403181740761
2026,3,25,6,925.0,19.0,72.75,794.6771431088854,297.98681640625,0.0098906680941581,14.620908677363936,302.30021019368303,84,1.0,6.123233995736766e-17,1.0,6.123233995736766e-17,2,266.65095407451895
2026,3,25,6,925.0,19.0,73.0,794.2820030763564,297.54736328125,0.0108886882662773,16.086536466460835,309.0122880898248,84,1.0,6.123233995736766e-17,1.0,6.123233995736766e-17,2,276.76240875318956
2026,3,25,6,925.0,18.75,72.5,794.9575650674543,297.69970703125,0.0101929828524589,15.065055099464724,304.5203422336333,84,1.0,6.123233995736766e-17,1.0,6.123233995736766e-17,2,266.4651858364472
2026,3,25,6,925.0,18.75,72.75,794.1927779077208,298.30126953125,0.0092321559786796,13.652892333665172,297.8591543577485,84,1.0,6.123233995736766e-17,1.0,6.123233995736766e-17,2,264.6284992809642
2026,3,25,6,925.0,18.75,73.0,793.7976378751919,297.80712890625,0.0103131458163261,15.241547750852934,305.1299121021853,84,1.0,6.123233995736766e-17,1.0,6.123233995736766e-17,2,277.4884403046343
2026,3,25,6,850.0,19.25,72.5,1531.5348832170007,294.2187194824219,0.0049206018447875,6.704247189899096,253.07501041562784,84,1.0,6.123233995736766e-17,1.0,6.123233995736766e-17,2,251.38549223084595
2026,3,25,6,850.0,19.25,72.75,1531.7643193649208,294.3300476074219,0.004923939704895,6.70878140687709,252.98788693493285,84,1.0,6.123233995736766e-17,1.0,6.123233995736766e-17,2,251.2845337335021
2026,3,25,6,850.0,19.25,73.0,1531.5858690276498,294.5566101074219,0.004738450050354,6.456780679464303,251.68773612944852,84,1.0,6.123233995736766e-17,1.0,6.123233995736766e-17,2,252.26754001393311
2026,3,25,6,850.0,19.0,72.5,1531.1142502791474,294.2245788574219,0.0047227144241333,6.435400118938686,251.9110013906363,84,1.0,6.123233995736766e-17,1.0,6.123233995736766e-17,2,251.62451199227928
2026,3,25,6,850.0,19.0,72.75,1531.1907289951207,294.4394226074219,0.0045834779739379,6.246196785227319,250.89293154722185,84,1.0,6.123233995736766e-17,1.0,6.123233995736766e-17,2,251.65052319091006
2026,3,25,6,850.0,19.0,73.0,1531.3054470690809,294.6874694824219,0.0044823884963989,6.108809973358051,250.06903950926647,84,1.0,6.123233995736766e-17,1.0,6.123233995736766e-17,2,252.5294351078642
2026,3,25,6,850.0,18.75,72.5,1530.8975605838896,294.2226257324219,0.0046406984329223,6.323955444498734,251.4326644970656,84,1.0,6.123233995736766e-17,1.0,6.123233995736766e-17,2,251.29982205707952
2026,3,25,6,850.0,18.75,72.75,1530.923053489214,294.5273132324219,0.0043922662734985,5.986314139678146,249.6925771668536,84,1.0,6.123233995736766e-17,1.0,6.123233995736766e-17,2,251.42602474427864
2026,3,25,6,850.0,18.75,73.0,1531.1907289951207,294.8730163574219,0.0045214891433715,6.161952151701154,250.12315532827705,84,1.0,6.123233995736766e-17,1.0,6.123233995736766e-17,2,252.44027655300889
2026,3,25,12,1000.0,19.25,72.5,66.39567442755681,300.2061767578125,0.0162907689809799,25.934193781750285,365.82425967061886,84,1.0,6.123233995736766e-17,1.2246467991473532e-16,-1.0,2,334.3843483001507
2026,3,25,12,1000.0,19.25,72.75,64.1650452116676,302.4190673828125,0.0165873616933822,26.40164434643434,364.2742106858383,84,1.0,6.123233995736766e-17,1.2246467991473532e-16,-1.0,2,333.45214868453553
2026,3,25,12,1000.0,19.25,73.0,60.63427782423152,306.4444580078125,0.0139123052358627,22.1795279656456,341.32324842772755,84,1.0,6.123233995736766e-17,1.2246467991473532e-16,-1.0,2,330.0083671858326
2026,3,25,12,1000.0,19.0,72.5,66.11525246898789,300.3311767578125,0.016373261809349,26.06422491688994,366.1650648304546,84,1.0,6.123233995736766e-17,1.2246467991473532e-16,-1.0,2,333.9554566497908
2026,3,25,12,1000.0,19.0,72.75,64.05032713770758,301.0382080078125,0.0177455991506576,28.22550972171928,373.94817118223546,84,1.0,6.123233995736766e-17,1.2246467991473532e-16,-1.0,2,333.809559838319
2026,3,25,12,1000.0,19.0,73.0,61.43730434195164,304.3565673828125,0.0160285085439682,25.52071422389954,357.7269937664838,84,1.0,6.123233995736766e-17,1.2246467991473532e-16,-1.0,2,334.82888371049506
2026,3,25,12,1000.0,18.75,72.5,65.93680213171675,300.5889892578125,0.016676053404808,26.541396197629528,367.7285099416085,84,1.0,6.123233995736766e-17,1.2246467991473532e-16,-1.0,2,334.6355983996388
2026,3,25,12,1000.0,18.75,72.75,63.88462325309867,300.2628173828125,0.0180278867483139,28.669640358780985,377.0520770508612,84,1.0,6.123233995736766e-17,1.2246467991473532e-16,-1.0,2,334.579080841938
2026,3,25,12,1000.0,18.75,73.0,62.34230248096955,302.7510986328125,0.0171004384756088,27.20989493068333,367.045893191228,84,1.0,6.123233995736766e-17,1.2246467991473532e-16,-1.0,2,338.7669840984982
2026,3,25,12,925.0,19.25,72.5,761.1155838767571,302.0510559082031,0.0050598233938217,7.501590030306402,268.3110725432145,84,1.0,6.123233995736766e-17,1.2246467991473532e-16,-1.0,2,256.8946094670851
2026,3,25,12,925.0,19.25,72.75,760.1723463797525,301.6780090332031,0.0094629377126693,13.9922304013248,295.28251071894385,84,1.0,6.123233995736766e-17,1.2246467991473532e-16,-1.0,2,257.50806610210907
2026,3,25,12,925.0,19.25,73.0,759.3310805040458,301.6584777832031,0.0110765546560287,16.36222738071565,305.0199564814351,84,1.0,6.123233995736766e-17,1.2246467991473532e-16,-1.0,2,271.51368097229033
2026,3,25,12,925.0,19.0,72.5,760.8479083708504,302.0823059082031,0.0048934072256088,7.255596381856073,267.27464360594286,84,1.0,6.123233995736766e-17,1.2246467991473532e-16,-1.0,2,255.5014721633858
2026,3,25,12,925.0,19.0,72.75,759.6879811785881,301.9729309082031,0.0082236379384994,12.16887094878522,287.4797799552566,84,1.0,6.123233995736766e-17,1.2246467991473532e-16,-1.0,2,256.2070879238987
2026,3,25,12,925.0,19.0,73.0,758.7702365869079,301.7463684082031,0.0098668187856674,14.5858635072416,297.63451090895745,84,1.0,6.123233995736766e-17,1.2246467991473532e-16,-1.0,2,266.6466140294356
2026,3,25,12,925.0,18.75,72.5,760.4145289803348,302.1448059082031,0.004922017455101,7.29789108470642,267.3860314607997,84,1.0,6.123233995736766e-17,1.2246467991473532e-16,-1.0,2,253.91889344379928
2026,3,25,12,925.0,18.75,72.75,759.2928411460591,302.2795715332031,0.0067688077688217,10.024915344310871,278.3857151197628,84,1.0,6.123233995736766e-17,1.2246467991473532e-16,-1.0,2,254.56486226525104
2026,3,25,12,925.0,18.75,73.0,758.0691816904856,301.9338684082031,0.0092402547597885,13.664802264836668,293.6440528999192,84,1.0,6.123233995736766e-17,1.2246467991473532e-16,-1.0,2,265.21282789055056
2026,3,25,12,850.0,19.25,72.5,1503.9770525612723,296.207763671875,0.0052556693553924,7.159318235545334,253.1175401633128,84,1.0,6.123233995736766e-17,1.2246467991473532e-16,-1.0,2,249.09233228234734
2026,3,25,12,850.0,19.25,72.75,1503.9388132032857,296.553466796875,0.0046882331371307,6.388547730096841,249.51793511794529,84,1.0,6.123233995736766e-17,1.2246467991473532e-16,-1.0,2,248.0536205716031
2026,3,25,12,850.0,19.25,73.0,1503.7476164133525,296.410888671875,0.0059938132762908,8.16117496078695,257.176541602383,84,1.0,6.123233995736766e-17,1.2246467991473532e-16,-1.0,2,248.6920880961093
2026,3,25,12,850.0,19.0,72.5,1503.6838841500412,296.254638671875,0.0052675902843475,7.175505210219972,253.14146855311355,84,1.0,6.123233995736766e-17,1.2246467991473532e-16,-1.0,2,249.72321783867096
2026,3,25,12,850.0,19.0,72.75,1503.4799409074456,296.586669921875,0.00479456782341,6.533026593441876,250.09961470775056,84,1.0,6.123233995736766e-17,1.2246467991473532e-16,-1.0,2,248.72434396895682
2026,3,25,12,850.0,19.0,73.0,1503.225011854201,296.543701171875,0.0062670409679412,8.531790210565022,258.61785763858126,84,1.0,6.123233995736766e-17,1.2246467991473532e-16,-1.0,2,249.0294454778886
2026,3,25,12,850.0,18.75,72.5,1503.3142370228366,296.330810546875,0.0050902068614959,6.934618882004968,252.0453456311093,84,1.0,6.123233995736766e-17,1.2246467991473532e-16,-1.0,2,249.52335322337774
2026,3,25,12,850.0,18.75,72.75,1502.9700828009566,296.612060546875,0.0047745406627655,6.505816750816456,249.9604739196223,84,1.0,6.123233995736766e-17,1.2246467991473532e-16,-1.0,2,248.6813976895022
2026,3,25,12,850.0,18.75,73.0,1502.5749427684275,296.576904296875,0.0063633620738983,8.662414175871199,259.138785924976,84,1.0,6.123233995736766e-17,1.2246467991473532e-16,-1.0,2,249.0455289481736
2026,3,25,18,1000.0,19.25,72.5,93.373392114662,300.4433898925781,0.0169114917516708,26.9123049220058,369.49251780746897,84,1.0,6.123233995736766e-17,-1.0,-1.8369701987210294e-16,2,336.6927122903368
2026,3,25,18,1000.0,19.25,72.75,93.44987083063532,300.2617492675781,0.0164389461278915,26.167752037509963,366.7029732062099,84,1.0,6.123233995736766e-17,-1.0,-1.8369701987210294e-16,2,336.6427891480711
2026,3,25,18,1000.0,19.25,73.0,93.6920534312176,300.8047180175781,0.0150871127843856,24.035434751362704,357.055938368742,84,1.0,6.123233995736766e-17,-1.0,-1.8369701987210294e-16,2,336.3517981584463
2026,3,25,18,1000.0,19.0,72.5,93.18219532472864,300.5019836425781,0.0169243663549423,26.932584496101416,369.4825591350301,84,1.0,6.123233995736766e-17,-1.0,-1.8369701987210294e-16,2,333.5073961200237
2026,3,25,18,1000.0,19.0,72.75,93.67930697855536,300.4922180175781,0.0167717784643173,26.69221378696832,368.5052403162743,84,1.0,6.123233995736766e-17,-1.0,-1.8369701987210294e-16,2,333.57887390295855
2026,3,25,18,1000.0,19.0,73.0,93.84501086316428,300.9101867675781,0.0159182399511337,25.346825883297065,362.29823300825024,84,1.0,6.123233995736766e-17,-1.0,-1.8369701987210294e-16,2,335.88965774623006
2026,3,25,18,1000.0,18.75,72.5,93.84501086316428,300.5234680175781,0.0169963687658309,27.04599410167422,369.91657617694057,84,1.0,6.123233995736766e-17,-1.0,-1.8369701987210294e-16,2,333.5188983923427
2026,3,25,18,1000.0,18.75,72.75,94.2146579903688,300.5351867675781,0.0170659869909286,27.15563908173877,370.35059721812434,84,1.0,6.123233995736766e-17,-1.0,-1.8369701987210294e-16,2,333.20096869839205
2026,3,25,18,1000.0,18.75,73.0,93.94698248446208,300.9707336425781,0.0168247073888778,26.77559737536776,368.08767599547286,84,1.0,6.123233995736766e-17,-1.0,-1.8369701987210294e-16,2,337.8992411555286
2026,3,25,18,925.0,19.25,72.5,787.4037483493345,302.184326171875,0.0037250400055199,5.527137356542216,260.11408540670084,84,1.0,6.123233995736766e-17,-1.0,-1.8369701987210294e-16,2,258.9593618575695
2026,3,25,18,925.0,19.25,72.75,786.638961189601,302.410888671875,0.0038041949737817,5.644314962291801,260.3802331900542,84,1.0,6.123233995736766e-17,-1.0,-1.8369701987210294e-16,2,259.26724957774934
2026,3,25,18,925.0,19.25,73.0,786.0398779144764,301.635498046875,0.006423938088119,9.516133750928628,276.9819004277072,84,1.0,6.123233995736766e-17,-1.0,-1.8369701987210294e-16,2,270.88861670709684
2026,3,25,18,925.0,19.0,72.5,787.0468476747922,302.299560546875,0.0036492228973656,5.414890428191911,259.54817833316025,84,1.0,6.123233995736766e-17,-1.0,-1.8369701987210294e-16,2,258.94659798429313
2026,3,25,18,925.0,19.0,72.75,786.5497360209654,302.131591796875,0.0046477196738123,6.892334377941527,265.741855989488,84,1.0,6.123233995736766e-17,-1.0,-1.8369701987210294e-16,2,259.32136483896875
2026,3,25,18,925.0,19.0,73.0,786.0653708198009,301.225341796875,0.0073351738974452,10.86000700970756,282.9366265051827,84,1.0,6.123233995736766e-17,-1.0,-1.8369701987210294e-16,2,269.07912669870103
2026,3,25,18,925.0,18.75,72.5,786.9958618641433,302.190185546875,0.0037584186065942,5.576550971401156,260.31043831788173,84,1.0,6.123233995736766e-17,-1.0,-1.8369701987210294e-16,2,258.5254992527402
2026,3,25,18,925.0,18.75,72.75,786.5752289262898,301.735107421875,0.0052900193259119,7.841780126697621,270.0179004977432,84,1.0,6.123233995736766e-17,-1.0,-1.8369701987210294e-16,2,258.80718452564446
2026,3,25,18,925.0,18.75,73.0,785.8104417665564,300.879638671875,0.0080494759604334,11.912410529091863,287.64922874689574,84,1.0,6.123233995736766e-17,-1.0,-1.8369701987210294e-16,2,268.0815068397358
2026,3,25,18,850.0,19.25,72.5,1529.6006090255082,295.487060546875,0.0066585280001163,9.062602767620978,261.9401618220661,84,1.0,6.123233995736766e-17,-1.0,-1.8369701987210294e-16,2,244.6773360771991
2026,3,25,18,850.0,19.25,72.75,1529.4349051408994,295.854248046875,0.0057520605623722,7.833151162029603,256.327878816069,84,1.0,6.123233995736766e-17,-1.0,-1.8369701987210294e-16,2,244.5889775494162
2026,3,25,18,850.0,19.25,73.0,1528.8103289604503,296.033935546875,0.0057925917208194,7.888152838970623,256.38614345309674,84,1.0,6.123233995736766e-17,-1.0,-1.8369701987210294e-16,2,244.97179269503604
2026,3,25,18,850.0,19.0,72.5,1529.524130309535,295.604248046875,0.0066618658602237,9.067127450442312,261.8402920081782,84,1.0,6.123233995736766e-17,-1.0,-1.8369701987210294e-16,2,247.16519199200775
2026,3,25,18,850.0,19.0,72.75,1529.307440614277,296.022216796875,0.0052466131746768,7.147021036955939,253.2429396858365,84,1.0,6.123233995736766e-17,-1.0,-1.8369701987210294e-16,2,247.40716050924695
2026,3,25,18,850.0,19.0,73.0,1528.6828644338282,296.112060546875,0.0055637098848819,7.577519701464882,254.98821313537968,84,1.0,6.123233995736766e-17,-1.0,-1.8369701987210294e-16,2,247.68174322170856
2026,3,25,18,850.0,18.75,72.5,1529.587862572846,295.752685546875,0.0060887075960636,8.289906712958132,258.3751287688286,84,1.0,6.123233995736766e-17,-1.0,-1.8369701987210294e-16,2,247.94598649938368
2026,3,25,18,850.0,18.75,72.75,1529.128990277006,296.090576171875,0.0050377584993839,6.863384194914349,251.9706868380251,84,1.0,6.123233995736766e-17,-1.0,-1.8369701987210294e-16,2,248.34505679132383
2026,3,25,18,850.0,18.75,73.0,1528.3642031172726,296.135498046875,0.0057749487459659,7.864211264393699,256.1848717112468,84,1.0,6.123233995736766e-17,-1.0,-1.8369701987210294e-16,2,248.6285863395688
2026,3,30,0,1000.0,19.25,72.5,66.49545525230329,299.8254699707031,0.0182743109762668,29.05722299145496,379.3835264447863,89,1.0,6.123233995736766e-17,0.0,1.0,2,374.1212226952726
2026,3,30,0,1000.0,19.25,72.75,66.2915120097077,298.9133605957031,0.0188822783529758,30.01295951431495,384.9000526123677,89,1.0,6.123233995736766e-17,0.0,1.0,2,373.75655659988
2026,3,30,0,1000.0,19.25,73.0,66.41897653632995,297.8586730957031,0.0182433165609836,29.00848045633225,382.4850867209367,89,1.0,6.123233995736766e-17,0.0,1.0,2,368.0708770475919
2026,3,30,0,1000.0,19.0,72.5,66.52094815762774,299.7297668457031,0.0180826224386692,28.755740039898225,378.291438335433,89,1.0,6.123233995736766e-17,0.0,1.0,2,373.7085809553927
2026,3,30,0,1000.0,19.0,72.75,65.93461133516543,299.1848449707031,0.0182986296713352,29.095465862970013,380.613949468916,89,1.0,6.123233995736766e-17,0.0,1.0,2,373.5233740450723
2026,3,30,0,1000.0,19.0,73.0,66.13855457776101,298.1067199707031,0.017842773348093,28.378413503611554,379.4208851064009,89,1.0,6.123233995736766e-17,0.0,1.0,2,368.1037212895785
2026,3,30,0,1000.0,18.75,72.5,66.46996234697885,299.6711730957031,0.0179920233786106,28.61322391737552,377.7968061762114,89,1.0,6.123233995736766e-17,0.0,1.0,2,373.6803598505791
2026,3,30,0,1000.0,18.75,72.75,65.5012319446498,299.2981262207031,0.0180106200277805,28.642478492916386,378.5378228679234,89,1.0,6.123233995736766e-17,0.0,1.0,2,373.4098064667092
2026,3,30,0,1000.0,18.75,73.0,65.96010424048987,298.1965637207031,0.0175805129110813,27.965705250674464,377.53949504166,89,1.0,6.123233995736766e-17,0.0,1.0,2,367.5426572265436
2026,3,30,0,925.0,19.25,72.5,751.2338964503679,295.2456970214844,0.0144455321133136,21.29555421761681,334.2430954741251,89,1.0,6.123233995736766e-17,0.0,1.0,2,266.5797120495134
2026,3,30,0,925.0,19.25,72.75,750.21418023739,296.0035095214844,0.0116908438503742,17.26325057577801,315.9887219749122,89,1.0,6.123233995736766e-17,0.0,1.0,2,266.99819073056125
2026,3,30,0,925.0,19.25,73.0,749.3474214563587,296.7359313964844,0.0095093138515949,14.06040977434433,301.4602030158518,89,1.0,6.123233995736766e-17,0.0,1.0,2,272.3819395571582
2026,3,30,0,925.0,19.0,72.5,750.9024886811501,295.5249938964844,0.0128114111721515,18.905149697802955,323.63196626321394,89,1.0,6.123233995736766e-17,0.0,1.0,2,266.22133882170726
2026,3,30,0,925.0,19.0,72.75,749.7553079415499,296.3589782714844,0.0102803595364093,15.193394543522498,306.73118014222484,89,1.0,6.123233995736766e-17,0.0,1.0,2,266.88226000151303
2026,3,30,0,925.0,19.0,73.0,749.0924924031143,296.7789001464844,0.0088760741055011,13.12912905355916,297.4640568195495,89,1.0,6.123233995736766e-17,0.0,1.0,2,272.3207534005823
2026,3,30,0,925.0,18.75,72.5,750.4691092906345,295.9449157714844,0.0098626501858234,14.579737888823894,304.6372984718488,89,1.0,6.123233995736766e-17,0.0,1.0,2,266.0518693961441
2026,3,30,0,925.0,18.75,72.75,749.3219285510343,296.8765563964844,0.0087611563503742,12.960047609014223,296.63235238832965,89,1.0,6.123233995736766e-17,0.0,1.0,2,266.52497278735524
2026,3,30,0,925.0,18.75,73.0,748.7865775392208,296.7749938964844,0.0091311819851398,13.504391890023474,299.0579450489792,89,1.0,6.123233995736766e-17,0.0,1.0,2,272.6503955188918
2026,3,30,0,850.0,19.25,72.5,1485.2879646719318,293.5272827148437,0.0063704140484333,8.67197697337526,262.2581454709472,89,1.0,6.123233995736766e-17,0.0,1.0,2,243.99799946803478
2026,3,30,0,850.0,19.25,72.75,1485.185993050634,293.9784545898437,0.0062435753643512,8.49996548794828,261.0557303392612,89,1.0,6.123233995736766e-17,0.0,1.0,2,244.91762325681412
2026,3,30,0,850.0,19.25,73.0,1484.8545852814163,294.4042358398437,0.0060580857098102,8.248367286007282,259.5424494773084,89,1.0,6.123233995736766e-17,0.0,1.0,2,246.88272714555214
2026,3,30,0,850.0,19.0,72.5,1485.2624717666074,293.7850952148437,0.0060084946453571,8.181092382218406,259.8736523517424,89,1.0,6.123233995736766e-17,0.0,1.0,2,244.9377729824851
2026,3,30,0,850.0,19.0,72.75,1485.185993050634,294.3026733398437,0.0056379921734333,7.678343346005782,257.1894850835636,89,1.0,6.123233995736766e-17,0.0,1.0,2,246.01322984441612
2026,3,30,0,850.0,19.0,73.0,1485.1095143346608,294.7421264648437,0.0056050904095172,7.633686770716633,256.5650555033362,89,1.0,6.123233995736766e-17,0.0,1.0,2,248.05135151245116
2026,3,30,0,850.0,18.75,72.5,1485.3899362932298,294.1288452148437,0.0055273659527301,7.528186633058995,256.71362748338896,89,1.0,6.123233995736766e-17,0.0,1.0,2,245.59350288531942
2026,3,30,0,850.0,18.75,72.75,1485.338950482581,294.5800170898437,0.0052870400249958,7.201914769205763,254.8683826073662,89,1.0,6.123233995736766e-17,0.0,1.0,2,246.7990784704134
2026,3,30,0,850.0,18.75,73.0,1485.364443387905,294.9296264648437,0.0059827454388141,8.146159588623252,258.578692268098,89,1.0,6.123233995736766e-17,0.0,1.0,2,248.76193721840974
2026,3,30,6,1000.0,19.25,72.5,97.33031922216048,299.93707275390625,0.018333688378334,29.15059619690535,379.5846606051748,89,1.0,6.123233995736766e-17,1.0,6.123233995736766e-17,2,371.05857789311153
2026,3,30,6,1000.0,19.25,72.75,94.89574676367567,301.66949462890625,0.016983762383461,27.02613874188888,368.0071691602908,89,1.0,6.123233995736766e-17,1.0,6.123233995736766e-17,2,360.6948678974912
2026,3,30,6,1000.0,19.25,73.0,92.67786400044868,303.43511962890625,0.0157616287469863,25.09981776765599,357.4212105968669,89,1.0,6.123233995736766e-17,1.0,6.123233995736766e-17,2,342.2701188136634
2026,3,30,6,1000.0,19.0,72.5,97.3940514854716,299.94293212890625,0.0182144790887832,28.96312834891463,378.7976386510003,89,1.0,6.123233995736766e-17,1.0,6.123233995736766e-17,2,373.7739612794546
2026,3,30,6,1000.0,19.0,72.75,95.67328037607136,300.80816650390625,0.0176756531000137,28.115438420739505,373.869320756523,89,1.0,6.123233995736766e-17,1.0,6.123233995736766e-17,2,367.8858767680564
2026,3,30,6,1000.0,19.0,73.0,93.2132150122621,302.49761962890625,0.0162060409784317,25.80062596432336,361.7017379838544,89,1.0,6.123233995736766e-17,1.0,6.123233995736766e-17,2,347.47640101364044
2026,3,30,6,1000.0,18.75,72.5,97.53426246475608,300.07965087890625,0.0180671364068985,28.73138096211588,377.6104156724141,89,1.0,6.123233995736766e-17,1.0,6.123233995736766e-17,2,374.1584175161681
2026,3,30,6,1000.0,18.75,72.75,96.17039202989808,300.13824462890625,0.0177099853754043,28.169466905570093,375.1867914812672,89,1.0,6.123233995736766e-17,1.0,6.123233995736766e-17,2,369.7535408601207
2026,3,30,6,1000.0,18.75,73.0,93.07300403297762,301.86871337890625,0.0158956199884414,25.31115242190087,360.6713081736825,89,1.0,6.123233995736766e-17,1.0,6.123233995736766e-17,2,347.48316681602154
2026,3,30,6,925.0,19.25,72.5,782.7775826862385,295.5832214355469,0.0141014605760574,20.79263499563728,331.61041463292105,89,1.0,6.123233995736766e-17,1.0,6.123233995736766e-17,2,272.4218631998599
2026,3,30,6,925.0,19.25,72.75,782.8285684968873,295.5695495605469,0.0154962092638015,22.830008460651804,340.3286749474362,89,1.0,6.123233995736766e-17,1.0,6.123233995736766e-17,2,271.7909929036774
2026,3,30,6,925.0,19.25,73.0,782.2677245797495,296.0480651855469,0.0155801326036453,22.95249000906152,340.14254804929385,89,1.0,6.123233995736766e-17,1.0,6.123233995736766e-17,2,276.03472841629304
2026,3,30,6,925.0,19.0,72.5,782.6756110649407,295.1554870605469,0.0147504359483718,21.74104895677012,336.2805458278519,89,1.0,6.123233995736766e-17,1.0,6.123233995736766e-17,2,269.48031851644606
2026,3,30,6,925.0,19.0,72.75,782.063781337154,295.6437683105469,0.0139827281236648,20.619038870792284,330.7835083505603,89,1.0,6.123233995736766e-17,1.0,6.123233995736766e-17,2,268.5797594107115
2026,3,30,6,925.0,19.0,73.0,781.7323735679361,295.9054870605469,0.0143656283617019,21.1787798472158,332.7976437191795,89,1.0,6.123233995736766e-17,1.0,6.123233995736766e-17,2,275.75132994356113
2026,3,30,6,925.0,18.75,72.5,782.5991323489674,295.0695495605469,0.0147566348314285,21.750104442482,336.44439938636606,89,1.0,6.123233995736766e-17,1.0,6.123233995736766e-17,2,267.9780572469772
2026,3,30,6,925.0,18.75,72.75,781.4774445146916,296.0422058105469,0.0127076655626297,18.75323078247831,322.2791684757494,89,1.0,6.123233995736766e-17,1.0,6.123233995736766e-17,2,267.20817050891907
2026,3,30,6,925.0,18.75,73.0,781.3499799880693,296.2941589355469,0.0132917910814285,19.60834182755292,325.570472700418,89,1.0,6.123233995736766e-17,1.0,6.123233995736766e-17,2,276.9547710080573
2026,3,30,6,850.0,19.25,72.5,1518.196517159275,294.8099365234375,0.0053555630147457,7.294952796661793,255.04477637608605,89,1.0,6.123233995736766e-17,1.0,6.123233995736766e-17,2,254.08569948347485
2026,3,30,6,850.0,19.25,72.75,1518.1455313486258,294.6732177734375,0.0064694546163082,8.806271852893119,261.6697181313092,89,1.0,6.123233995736766e-17,1.0,6.123233995736766e-17,2,254.58860072130318
2026,3,30,6,850.0,19.25,73.0,1518.222010064599,294.5306396484375,0.0075966976583004,10.333632555098466,268.3820496051702,89,1.0,6.123233995736766e-17,1.0,6.123233995736766e-17,2,258.53106956278845
2026,3,30,6,850.0,19.0,72.5,1518.2984887805724,294.9349365234375,0.0054232738912105,7.386880579710095,255.31760736201028,89,1.0,6.123233995736766e-17,1.0,6.123233995736766e-17,2,253.70980167738958
2026,3,30,6,850.0,19.0,72.75,1518.1200384433014,294.7806396484375,0.0067951343953609,9.247766536063256,263.4557007259443,89,1.0,6.123233995736766e-17,1.0,6.123233995736766e-17,2,254.20533428406222
2026,3,30,6,850.0,19.0,73.0,1518.3239816858968,294.8411865234375,0.0078704021871089,10.704174935487742,269.6425234640274,89,1.0,6.123233995736766e-17,1.0,6.123233995736766e-17,2,258.2921452499381
2026,3,30,6,850.0,18.75,72.5,1518.5789107391413,295.0189208984375,0.0055734775960445,7.590777972560257,256.10972797597145,89,1.0,6.123233995736766e-17,1.0,6.123233995736766e-17,2,253.4794058420045
2026,3,30,6,850.0,18.75,72.75,1518.272995875248,294.9368896484375,0.0070440433919429,9.585072676374995,264.74146477374944,89,1.0,6.123233995736766e-17,1.0,6.123233995736766e-17,2,254.07026309467236
2026,3,30,6,850.0,18.75,73.0,1518.4514462125192,295.1497802734375,0.0082838200032711,11.2636292302675,271.7080858657556,89,1.0,6.123233995736766e-17,1.0,6.123233995736766e-17,2,258.22733509864605
2026,3,30,12,1000.0,19.25,72.5,62.28474428066669,299.9407958984375,0.0174774602055549,27.803499904632,373.9932786320461,89,1.0,6.123233995736766e-17,1.2246467991473532e-16,-1.0,2,360.62861285481415
2026,3,30,12,1000.0,19.25,72.75,60.66594479256423,301.1263427734375,0.017153687775135,27.293750055841794,369.971938602445,89,1.0,6.123233995736766e-17,1.2246467991473532e-16,-1.0,2,358.75984976582356
2026,3,30,12,1000.0,19.25,73.0,57.1606703104526,303.7200927734375,0.0163821652531623,26.078258394209914,360.946898167574,89,1.0,6.123233995736766e-17,1.2246467991473532e-16,-1.0,2,341.11119554363114
2026,3,30,12,1000.0,19.0,72.5,63.41917856760464,299.9271240234375,0.0175990536808967,27.994886358430207,374.8091577263623,89,1.0,6.123233995736766e-17,1.2246467991473532e-16,-1.0,2,362.16094537483366
2026,3,30,12,1000.0,19.0,72.75,62.27199782800447,300.3099365234375,0.0179905369877815,28.61088563280788,376.7313061269761,89,1.0,6.123233995736766e-17,1.2246467991473532e-16,-1.0,2,363.41474894994246
2026,3,30,12,1000.0,19.0,73.0,59.62073567426186,302.4193115234375,0.0174045041203498,27.688654597754336,369.5227719660424,89,1.0,6.123233995736766e-17,1.2246467991473532e-16,-1.0,2,354.29346568129216
2026,3,30,12,1000.0,18.75,72.5,64.77030254980039,300.0697021484375,0.0175589993596076,27.93184450000886,374.3147859976606,89,1.0,6.123233995736766e-17,1.2246467991473532e-16,-1.0,2,363.0581744141102
2026,3,30,12,1000.0,18.75,72.75,63.83981150545804,299.9193115234375,0.0181359723210334,28.839654381683665,378.3249230273766,89,1.0,6.123233995736766e-17,1.2246467991473532e-16,-1.0,2,364.71066729513996
2026,3,30,12,1000.0,18.75,73.0,62.246504922680025,301.2825927734375,0.0178093388676643,28.32580630199425,373.96282835293965,89,1.0,6.123233995736766e-17,1.2246467991473532e-16,-1.0,2,356.94742794181843
2026,3,30,12,925.0,19.25,72.5,750.5896528917878,299.1828308105469,0.0083469711244106,12.350451287616284,291.385936825321,89,1.0,6.123233995736766e-17,1.2246467991473532e-16,-1.0,2,260.7866107547687
2026,3,30,12,925.0,19.25,72.75,750.3602167438677,299.5597839355469,0.0098065696656703,14.497326435689004,299.8783633520022,89,1.0,6.123233995736766e-17,1.2246467991473532e-16,-1.0,2,259.77281906771645
2026,3,30,12,925.0,19.25,73.0,749.9523302586765,299.1769714355469,0.0127806030213832,18.86003805394001,318.51991152592933,89,1.0,6.123233995736766e-17,1.2246467991473532e-16,-1.0,2,270.12299365473467
2026,3,30,12,925.0,19.0,72.5,751.3544400515212,298.9797058105469,0.0088028274476528,13.021362079339411,294.41845457866066,89,1.0,6.123233995736766e-17,1.2246467991473532e-16,-1.0,2,259.728082817679
2026,3,30,12,925.0,19.0,72.75,751.1250039036012,299.6242370605469,0.0091280303895473,13.499756609400745,295.6561464345557,89,1.0,6.123233995736766e-17,1.2246467991473532e-16,-1.0,2,258.81469680144045
2026,3,30,12,925.0,19.0,73.0,750.8700748503567,298.9816589355469,0.012188371270895,17.9925212277854,315.1594551017015,89,1.0,6.123233995736766e-17,1.2246467991473532e-16,-1.0,2,268.44075262724874
2026,3,30,12,925.0,18.75,72.5,752.0937343059302,298.8136901855469,0.0093449912965297,13.818815550664626,297.9435286228267,89,1.0,6.123233995736766e-17,1.2246467991473532e-16,-1.0,2,258.9214120381889
2026,3,30,12,925.0,18.75,72.75,752.0554949479435,299.4347839355469,0.009484227746725,14.02353018628773,298.05767245439654,89,1.0,6.123233995736766e-17,1.2246467991473532e-16,-1.0,2,258.072420519749
2026,3,30,12,925.0,18.75,73.0,751.8260588000235,298.3586120605469,0.0129069648683071,19.0450560459624,320.3849950256266,89,1.0,6.123233995736766e-17,1.2246467991473532e-16,-1.0,2,267.87012814988066
2026,3,30,12,850.0,19.25,72.5,1490.4124369687918,296.037109375,0.0043959096074104,5.991266487754575,248.3096094392178,89,1.0,6.123233995736766e-17,1.2246467991473532e-16,-1.0,2,251.92641960907892
2026,3,30,12,850.0,19.25,72.75,1490.8713092646317,295.732421875,0.0061549618840217,8.37977719666398,258.7785456101763,89,1.0,6.123233995736766e-17,1.2246467991473532e-16,-1.0,2,251.3152998054708
2026,3,30,12,850.0,19.25,73.0,1490.9477879806052,295.02734375,0.0099873021245002,13.565904821844212,281.7068791428892,89,1.0,6.123233995736766e-17,1.2246467991473532e-16,-1.0,2,253.7514037483185
2026,3,30,12,850.0,19.0,72.5,1490.998773791254,295.951171875,0.0046543553471565,6.3425134523686495,249.88494630621727,89,1.0,6.123233995736766e-17,1.2246467991473532e-16,-1.0,2,251.9209228083934
2026,3,30,12,850.0,19.0,72.75,1491.381167371121,295.44140625,0.0070137456059455,9.54402041453849,264.04387773784674,89,1.0,6.123233995736766e-17,1.2246467991473532e-16,-1.0,2,251.39622718309238
2026,3,30,12,850.0,19.0,73.0,1491.457646087094,295.080078125,0.0098914578557014,13.436495992852258,281.0917858901187,89,1.0,6.123233995736766e-17,1.2246467991473532e-16,-1.0,2,253.64369215537022
2026,3,30,12,850.0,18.75,72.5,1491.687082235014,295.81640625,0.0049423649907112,6.733810359394569,251.6790003926176,89,1.0,6.123233995736766e-17,1.2246467991473532e-16,-1.0,2,251.94911921034372
2026,3,30,12,850.0,18.75,72.75,1492.0184900042318,295.251953125,0.0073303654789924,9.9729530857504,266.0748152104153,89,1.0,6.123233995736766e-17,1.2246467991473532e-16,-1.0,2,251.50797690357163
2026,3,30,12,850.0,18.75,73.0,1492.0439829095565,295.333984375,0.00937170535326,12.73446567002693,277.7984936157276,89,1.0,6.123233995736766e-17,1.2246467991473532e-16,-1.0,2,253.63033253713516
2026,3,30,18,1000.0,19.25,72.5,95.14350593729766,299.5198974609375,0.0177648067474365,28.255734327999296,376.5613219843404,89,1.0,6.123233995736766e-17,-1.0,-1.8369701987210294e-16,2,362.6445256545008
2026,3,30,18,1000.0,19.25,72.75,95.69160340177328,299.4027099609375,0.0179564952850341,28.55733249812176,378.0096588904378,89,1.0,6.123233995736766e-17,-1.0,-1.8369701987210294e-16,2,361.70290829252076
2026,3,30,18,1000.0,19.25,73.0,95.94653245501776,299.5745849609375,0.0174152851104736,27.705626347389245,374.18476664023353,89,1.0,6.123233995736766e-17,-1.0,-1.8369701987210294e-16,2,354.32799598981535
2026,3,30,18,1000.0,19.0,72.5,95.50040661183994,299.5960693359375,0.0175268650054931,27.88126575410701,374.87956836893454,89,1.0,6.123233995736766e-17,-1.0,-1.8369701987210294e-16,2,363.1271289922537
2026,3,30,18,1000.0,19.0,72.75,95.83181438105775,299.6136474609375,0.0175716876983642,27.9518151197096,375.143919656166,89,1.0,6.123233995736766e-17,-1.0,-1.8369701987210294e-16,2,363.4031838981736
2026,3,30,18,1000.0,19.0,73.0,95.83181438105775,299.5531005859375,0.0174267292022705,27.723641730272305,374.2947497741259,89,1.0,6.123233995736766e-17,-1.0,-1.8369701987210294e-16,2,354.2305999290791
2026,3,30,18,1000.0,18.75,72.5,96.07399698164002,299.7054443359375,0.0174920558929443,27.82647479347351,374.4729663108977,89,1.0,6.123233995736766e-17,-1.0,-1.8369701987210294e-16,2,363.93247827218005
2026,3,30,18,1000.0,18.75,72.75,96.02301117099113,299.7249755859375,0.0174863338470459,27.817467840702296,374.4036375040495,89,1.0,6.123233995736766e-17,-1.0,-1.8369701987210294e-16,2,364.5079209385553
2026,3,30,18,1000.0,18.75,73.0,95.88280019170664,299.3499755859375,0.0176899433135986,28.13792711054915,376.3514274103436,89,1.0,6.123233995736766e-17,-1.0,-1.8369701987210294e-16,2,355.89118029313255
2026,3,30,18,925.0,19.25,72.5,781.0090123793549,297.4916381835937,0.0102033242583274,15.0802453306711,304.8417252907604,89,1.0,6.123233995736766e-17,-1.0,-1.8369701987210294e-16,2,272.8234541717963
2026,3,30,18,925.0,19.25,72.75,781.2511949799372,297.4779663085937,0.0097159966826438,14.364215821462215,301.8405809817464,89,1.0,6.123233995736766e-17,-1.0,-1.8369701987210294e-16,2,271.7281740442042
2026,3,30,18,925.0,19.25,73.0,781.0217588320171,297.4174194335937,0.0103544816374778,15.302254951284429,305.8698162555568,89,1.0,6.123233995736766e-17,-1.0,-1.8369701987210294e-16,2,271.02391100305033
2026,3,30,18,925.0,19.0,72.5,781.1747162639638,297.2494506835937,0.010385476052761,15.347772421111996,306.2712906055822,89,1.0,6.123233995736766e-17,-1.0,-1.8369701987210294e-16,2,272.21678360397664
2026,3,30,18,925.0,19.0,72.75,781.1747162639638,297.2689819335937,0.0099901780486106,14.767121865229257,303.79601751079065,89,1.0,6.123233995736766e-17,-1.0,-1.8369701987210294e-16,2,271.1656709728483
2026,3,30,18,925.0,19.0,73.0,780.9452801160437,297.1400756835937,0.0108117684721946,15.97363985686688,309.05192874945493,89,1.0,6.123233995736766e-17,-1.0,-1.8369701987210294e-16,2,270.5728318781599
2026,3,30,18,925.0,18.75,72.5,781.3276736959104,296.9174194335937,0.0106963738799095,15.804253405246142,308.61766214722314,89,1.0,6.123233995736766e-17,-1.0,-1.8369701987210294e-16,2,271.3316782653641
2026,3,30,18,925.0,18.75,72.75,781.0599981900037,296.9779663085937,0.0103611573576927,15.312058857998602,306.4595128941337,89,1.0,6.123233995736766e-17,-1.0,-1.8369701987210294e-16,2,270.33841300979526
2026,3,30,18,925.0,18.75,73.0,780.7668297787726,296.9037475585937,0.0111360177397727,16.449475474801034,311.3651037891953,89,1.0,6.123233995736766e-17,-1.0,-1.8369701987210294e-16,2,270.0846167753694
2026,3,30,18,850.0,19.25,72.5,1516.9983506090257,294.2108764648437,0.0048374831676483,6.591331175298058,252.59595516470583,89,1.0,6.123233995736766e-17,-1.0,-1.8369701987210294e-16,2,254.6790763172941
2026,3,30,18,850.0,19.25,72.75,1517.4317299995412,294.1288452148437,0.006043404340744,8.22845106067558,259.7328537527493,89,1.0,6.123233995736766e-17,-1.0,-1.8369701987210294e-16,2,254.1808179124143
2026,3,30,18,850.0,19.25,73.0,1517.189547398959,293.6542358398437,0.0084790885448455,11.527777549063714,274.4813065882549,89,1.0,6.123233995736766e-17,-1.0,-1.8369701987210294e-16,2,254.732668898795
2026,3,30,18,850.0,19.0,72.5,1516.9473647983766,294.3163452148437,0.0047197043895721,6.431310230409983,251.80620258779828,89,1.0,6.123233995736766e-17,-1.0,-1.8369701987210294e-16,2,256.31783041544935
2026,3,30,18,850.0,19.0,72.75,1517.13856158831,294.2225952148437,0.0058307349681854,7.939911601791197,258.3955325391676,89,1.0,6.123233995736766e-17,-1.0,-1.8369701987210294e-16,2,256.09922658913234
2026,3,30,18,850.0,19.0,73.0,1517.0620828723368,293.9393920898437,0.0078329741954803,10.653511999014846,270.3923987753917,89,1.0,6.123233995736766e-17,-1.0,-1.8369701987210294e-16,2,256.35156859396426
2026,3,30,18,850.0,18.75,72.5,1516.9601112510388,294.4765014648437,0.0043782889842987,5.967314744556574,249.65838020241057,89,1.0,6.123233995736766e-17,-1.0,-1.8369701987210294e-16,2,256.6430817618501
2026,3,30,18,850.0,18.75,72.75,1516.9218718930522,294.4140014648437,0.005557507276535,7.569100466186343,256.609639612157,89,1.0,6.123233995736766e-17,-1.0,-1.8369701987210294e-16,2,256.5477204327414
2026,3,30,18,850.0,18.75,73.0,1516.9856041563637,294.1776733398437,0.0074853599071502,10.182867913307549,268.1076274001591,89,1.0,6.123233995736766e-17,-1.0,-1.8369701987210294e-16,2,256.6986281360754
2026,4,1,0,1000.0,19.25,72.5,82.22497616413352,298.445068359375,0.0181073360145092,28.794612836900352,380.59878592393983,91,0.8660254037844387,-0.4999999999999998,0.0,1.0,2,377.8876887758713
2026,4,1,0,1000.0,19.25,72.75,82.11025809017352,298.163818359375,0.0185918025672435,29.55641305897806,384.267890889741,91,0.8660254037844387,-0.4999999999999998,0.0,1.0,2,376.3854675314331
2026,4,1,0,1000.0,19.25,73.0,82.4161729540669,297.671630859375,0.0182155780494213,28.964856690827663,382.61846698303,91,0.8660254037844387,-0.4999999999999998,0.0,1.0,2,369.2782342326789
2026,4,1,0,1000.0,19.0,72.5,82.03377937420017,298.562255859375,0.0183095149695873,29.112583403745315,381.73262094531066,91,0.8660254037844387,-0.4999999999999998,0.0,1.0,2,377.827152812605
2026,4,1,0,1000.0,19.0,72.75,81.68962515232012,298.566162109375,0.0181030444800853,28.787862623994187,380.3672884784481,91,0.8660254037844387,-0.4999999999999998,0.0,1.0,2,376.37185933443914
2026,4,1,0,1000.0,19.0,73.0,81.84258258426681,297.911865234375,0.0178951434791088,28.46081059456732,380.09330440451686,91,0.8660254037844387,-0.4999999999999998,0.0,1.0,2,369.4733701937293
2026,4,1,0,1000.0,18.75,72.5,81.93180775290237,298.739990234375,0.018114011734724,28.80511309886516,380.1480113302399,91,0.8660254037844387,-0.4999999999999998,0.0,1.0,2,377.91429213127066
2026,4,1,0,1000.0,18.75,72.75,81.24349930914227,298.816162109375,0.0179065875709056,28.47881558480031,378.6573675401952,91,0.8660254037844387,-0.4999999999999998,0.0,1.0,2,376.3347954373966
2026,4,1,0,1000.0,18.75,73.0,81.28173866712895,298.050537109375,0.0177039317786693,28.159940560616445,378.5975309654968,91,0.8660254037844387,-0.4999999999999998,0.0,1.0,2,368.98016692100794
2026,4,1,0,925.0,19.25,72.5,763.9096461329813,293.754638671875,0.0138906650245189,20.48441832581309,332.8983759791253,91,0.8660254037844387,-0.4999999999999998,0.0,1.0,2,272.5639367059981
2026,4,1,0,925.0,19.25,72.75,763.8204209643457,294.873779296875,0.0107626132667064,15.901488357573488,311.6403101546278,91,0.8660254037844387,-0.4999999999999998,0.0,1.0,2,272.69903359521425
2026,4,1,0,925.0,19.25,73.0,763.3870415738301,295.985107421875,0.0083340816199779,12.331475662629312,295.0152065990588,91,0.8660254037844387,-0.4999999999999998,0.0,1.0,2,263.67626725054265
2026,4,1,0,925.0,19.0,72.5,763.9988713016168,294.033935546875,0.0133313350379467,19.66620911757303,328.9681064898308,91,0.8660254037844387,-0.4999999999999998,0.0,1.0,2,271.84938425730985
2026,4,1,0,925.0,19.0,72.75,763.73119579571,295.301513671875,0.0095051936805248,14.054352704598193,303.1893520660464,91,0.8660254037844387,-0.4999999999999998,0.0,1.0,2,272.1860773789387
2026,4,1,0,925.0,19.0,73.0,763.4507738371411,296.369873046875,0.0079158954322338,11.715671292449551,291.9490545092423,91,0.8660254037844387,-0.4999999999999998,0.0,1.0,2,262.28106124739634
2026,4,1,0,925.0,18.75,72.5,763.9478854909679,294.539794921875,0.0115513019263744,17.058632800512633,317.0462981204155,91,0.8660254037844387,-0.4999999999999998,0.0,1.0,2,271.0980624209547
2026,4,1,0,925.0,18.75,72.75,763.5909848164256,295.947998046875,0.008531492203474,12.622066454898633,296.2963250422201,91,0.8660254037844387,-0.4999999999999998,0.0,1.0,2,271.4310572397778
2026,4,1,0,925.0,18.75,73.0,763.4507738371411,296.631591796875,0.0086049251258373,12.73014291500857,295.9480601380645,91,0.8660254037844387,-0.4999999999999998,0.0,1.0,2,262.3476007085814
2026,4,1,0,850.0,19.25,72.5,1497.2278058766246,295.0813293457031,0.003837066469714,5.231380781943424,245.94158632853413,91,0.8660254037844387,-0.4999999999999998,0.0,1.0,2,246.07400538351274
2026,4,1,0,850.0,19.25,72.75,1498.0308323943448,294.7551574707031,0.0061926422640681,8.430885449358971,259.9748357746124,91,0.8660254037844387,-0.4999999999999998,0.0,1.0,2,246.384973541036
2026,4,1,0,850.0,19.25,73.0,1498.5661834061582,294.1282043457031,0.0095109520480036,12.9225895879394,279.9726060300079,91,0.8660254037844387,-0.4999999999999998,0.0,1.0,2,246.65600084611677
2026,4,1,0,850.0,19.0,72.5,1497.992593036358,295.2239074707031,0.0039996681734919,5.452531196482891,246.7584323885507,91,0.8660254037844387,-0.4999999999999998,0.0,1.0,2,246.51527838573864
2026,4,1,0,850.0,19.0,72.75,1498.6554085747937,294.8625793457031,0.0065259514376521,8.882871973887031,261.8060188790252,91,0.8660254037844387,-0.4999999999999998,0.0,1.0,2,246.99055492737398
2026,4,1,0,850.0,19.0,73.0,1499.407449281865,294.4309387207031,0.0091571388766169,12.444521858341574,277.57052250415245,91,0.8660254037844387,-0.4999999999999998,0.0,1.0,2,247.2655264202286
2026,4,1,0,850.0,18.75,72.5,1498.833858912065,295.4055480957031,0.00422044377774,5.752732664040696,247.87553521311065,91,0.8660254037844387,-0.4999999999999998,0.0,1.0,2,247.02418661684783
2026,4,1,0,850.0,18.75,72.75,1499.3819563765403,295.0617980957031,0.0066589890047907,9.063227690025135,262.3762443082428,91,0.8660254037844387,-0.4999999999999998,0.0,1.0,2,247.59972071357566
2026,4,1,0,850.0,18.75,73.0,1500.210475799585,294.8117980957031,0.0086369095370173,11.741223354222228,274.1245774991293,91,0.8660254037844387,-0.4999999999999998,0.0,1.0,2,247.94910185252738
2026,4,1,6,1000.0,19.25,72.5,106.00706854532385,298.31707763671875,0.0158773176372051,25.282287462603897,366.0924971235528,91,0.8660254037844387,-0.4999999999999998,1.0,6.123233995736766e-17,2,372.6906454763102
2026,4,1,6,1000.0,19.25,72.75,103.5979889921635,299.80926513671875,0.0156169645488262,24.87161115830822,362.04143466437097,91,0.8660254037844387,-0.4999999999999998,1.0,6.123233995736766e-17,2,359.278263046254
2026,4,1,6,1000.0,19.25,73.0,101.3801062289365,301.63153076171875,0.0149412862956523,23.80520755046029,354.8624796288509,91,0.8660254037844387,-0.4999999999999998,1.0,6.123233995736766e-17,2,329.2140785060186
2026,4,1,6,1000.0,19.0,72.5,105.85411111337716,298.36981201171875,0.0168605558574199,26.832069603655977,372.5024315328752,91,0.8660254037844387,-0.4999999999999998,1.0,6.123233995736766e-17,2,375.9230278388316
2026,4,1,6,1000.0,19.0,72.75,104.04411483534132,299.20965576171875,0.0163846723735332,26.08221005336889,368.01800335437457,91,0.8660254037844387,-0.4999999999999998,1.0,6.123233995736766e-17,2,368.4075941664676
2026,4,1,6,1000.0,19.0,73.0,101.5458101135454,300.99090576171875,0.0153055898845195,24.3802852537252,358.19363661648663,91,0.8660254037844387,-0.4999999999999998,1.0,6.123233995736766e-17,2,332.9296283924001
2026,4,1,6,1000.0,18.75,72.5,105.6629143234438,298.51434326171875,0.0173803083598613,27.650564123508826,375.693726475374,91,0.8660254037844387,-0.4999999999999998,1.0,6.123233995736766e-17,2,376.3255941053647
2026,4,1,6,1000.0,18.75,72.75,104.20981871995023,298.78973388671875,0.0169444791972637,26.964264834057463,372.3734587563336,91,0.8660254037844387,-0.4999999999999998,1.0,6.123233995736766e-17,2,370.42653517705963
2026,4,1,6,1000.0,18.75,73.0,101.08693781770532,300.55926513671875,0.0155316106975078,24.736947498705312,360.3250815162701,91,0.8660254037844387,-0.4999999999999998,1.0,6.123233995736766e-17,2,333.0601910427483
2026,4,1,6,925.0,19.25,72.5,786.4335740129147,294.0150146484375,0.0128617994487285,18.97892844259185,326.02919618399955,91,0.8660254037844387,-0.4999999999999998,1.0,6.123233995736766e-17,2,274.4106257969869
2026,4,1,6,925.0,19.25,72.75,786.7522353294704,293.7025146484375,0.0147119276225566,21.684793502145936,338.16368888553814,91,0.8660254037844387,-0.4999999999999998,1.0,6.123233995736766e-17,2,273.6367975202935
2026,4,1,6,925.0,19.25,73.0,786.5865314448614,294.4818115234375,0.0146733038127422,21.628366719542683,336.7786097659164,91,0.8660254037844387,-0.4999999999999998,1.0,6.123233995736766e-17,2,268.4612274183735
2026,4,1,6,925.0,19.0,72.5,786.6375172555104,293.8021240234375,0.0131555311381816,19.408922495454185,328.18288832007664,91,0.8660254037844387,-0.4999999999999998,1.0,6.123233995736766e-17,2,270.8893014918343
2026,4,1,6,925.0,19.0,72.75,786.2551236756436,293.7786865234375,0.0144196264445781,21.257695923271218,336.2058572864348,91,0.8660254037844387,-0.4999999999999998,1.0,6.123233995736766e-17,2,269.8030985831835
2026,4,1,6,925.0,19.0,73.0,786.2806165809681,294.3314208984375,0.0144925825297832,21.364310220361165,335.86132022036634,91,0.8660254037844387,-0.4999999999999998,1.0,6.123233995736766e-17,2,265.7426179278973
2026,4,1,6,925.0,18.75,72.5,786.7139959714837,293.8704833984375,0.0134683363139629,19.866670821351686,330.0641198399898,91,0.8660254037844387,-0.4999999999999998,1.0,6.123233995736766e-17,2,269.56450376451465
2026,4,1,6,925.0,18.75,72.75,785.8982230011013,294.1634521484375,0.0136171095073223,20.08431982270693,330.5882071070224,91,0.8660254037844387,-0.4999999999999998,1.0,6.123233995736766e-17,2,268.45515651483066
2026,4,1,6,925.0,18.75,73.0,786.1276591490214,294.6868896484375,0.0139952413737773,20.63733539144799,332.22282895118514,91,0.8660254037844387,-0.4999999999999998,1.0,6.123233995736766e-17,2,265.69052626289215
2026,4,1,6,850.0,19.25,72.5,1521.367197259003,295.1896057128906,0.0043406896293163,5.916204166277519,248.7746261420845,91,0.8660254037844387,-0.4999999999999998,1.0,6.123233995736766e-17,2,252.08035717125716
2026,4,1,6,850.0,19.25,72.75,1521.711351480883,294.6661682128906,0.0078006200492382,10.60971522634852,269.4241907612325,91,0.8660254037844387,-0.4999999999999998,1.0,6.123233995736766e-17,2,252.36917094307873
2026,4,1,6,850.0,19.25,73.0,1521.838816007505,294.1114807128906,0.0102239064872264,13.88530363470946,284.1429755299542,91,0.8660254037844387,-0.4999999999999998,1.0,6.123233995736766e-17,2,253.15475338212036
2026,4,1,6,850.0,19.0,72.5,1521.5711405015984,295.0763244628906,0.0051508359611034,7.01695889989633,253.59538971680703,91,0.8660254037844387,-0.4999999999999998,1.0,6.123233995736766e-17,2,250.22311976431402
2026,4,1,6,850.0,19.0,72.75,1521.7623372915318,294.6817932128906,0.0082068853080272,11.159539163820236,271.76919464084983,91,0.8660254037844387,-0.4999999999999998,1.0,6.123233995736766e-17,2,250.6543089064216
2026,4,1,6,850.0,19.0,73.0,1521.9662805341277,294.4396057128906,0.0101538114249706,13.790689876002936,283.35260383191644,91,0.8660254037844387,-0.4999999999999998,1.0,6.123233995736766e-17,2,251.2946865263521
2026,4,1,6,850.0,18.75,72.5,1521.7240979335452,294.9376525878906,0.0061378888785839,8.356619245453173,259.473142743061,91,0.8660254037844387,-0.4999999999999998,1.0,6.123233995736766e-17,2,248.40113060236092
2026,4,1,6,850.0,18.75,72.75,1521.826069554843,294.6935119628906,0.0088258199393749,11.996662641775698,275.3519641282466,91,0.8660254037844387,-0.4999999999999998,1.0,6.123233995736766e-17,2,248.6212110391546
2026,4,1,6,850.0,18.75,73.0,1522.0937450607496,294.6173400878906,0.010274451225996,13.953523551079602,283.84563190943936,91,0.8660254037844387,-0.4999999999999998,1.0,6.123233995736766e-17,2,249.61724446142495
2026,4,1,12,1000.0,19.25,72.5,70.43928737132457,298.5638427734375,0.0146744176745414,23.38377733331384,357.75826131689485,91,0.8660254037844387,-0.4999999999999998,1.2246467991473532e-16,-1.0,2,362.44562574503203
2026,4,1,12,1000.0,19.25,72.75,69.34309244237329,299.8275146484375,0.0143082067370414,22.805248395722543,353.43933486486964,91,0.8660254037844387,-0.4999999999999998,1.2246467991473532e-16,-1.0,2,360.5093608683706
2026,4,1,12,1000.0,19.25,73.0,65.95253603422168,302.3626708984375,0.0139295980334281,22.20686538529444,347.24784677169646,91,0.8660254037844387,-0.4999999999999998,1.2246467991473532e-16,-1.0,2,341.83163146291645
2026,4,1,12,1000.0,19.0,72.5,70.82168095119128,298.6517333984375,0.0150010511279106,23.89956765813664,359.7811979283431,91,0.8660254037844387,-0.4999999999999998,1.2246467991473532e-16,-1.0,2,363.67301040935723
2026,4,1,12,1000.0,19.0,72.75,70.12062605476896,299.2591552734375,0.0150554105639457,23.985387521103203,359.2059147635448,91,0.8660254037844387,-0.4999999999999998,1.2246467991473532e-16,-1.0,2,366.26489776663135
2026,4,1,12,1000.0,19.0,73.0,67.71154650160861,301.2982177734375,0.0148603841662406,23.6774638572959,354.8382587106576,91,0.8660254037844387,-0.4999999999999998,1.2246467991473532e-16,-1.0,2,355.1261038228934
2026,4,1,12,1000.0,18.75,72.5,71.24231388904468,298.8704833984375,0.0154111310839653,24.54684200200096,362.1476737050606,91,0.8660254037844387,-0.4999999999999998,1.2246467991473532e-16,-1.0,2,364.29917865992934
2026,4,1,12,1000.0,18.75,72.75,70.84717385651574,298.8489990234375,0.0155799314379692,24.81318533351332,363.2934425060951,91,0.8660254037844387,-0.4999999999999998,1.2246467991473532e-16,-1.0,2,367.3769988126148
2026,4,1,12,1000.0,18.75,73.0,69.62351440094223,300.2650146484375,0.0155188962817192,24.71688664824021,360.6953865249629,91,0.8660254037844387,-0.4999999999999998,1.2246467991473532e-16,-1.0,2,357.87877004372575
2026,4,1,12,925.0,19.25,72.5,754.220947966431,299.2351989746094,0.0039813444018363,5.906518596886086,264.4827257058879,91,0.8660254037844387,-0.4999999999999998,1.2246467991473532e-16,-1.0,2,261.77029900393285
2026,4,1,12,925.0,19.25,72.75,754.501369925,298.8426208496094,0.0065600797533988,9.717007091339555,280.77744933642623,91,0.8660254037844387,-0.4999999999999998,1.2246467991473532e-16,-1.0,2,261.3984370525077
2026,4,1,12,925.0,19.25,73.0,754.2464408717555,298.1453552246094,0.0103514119982719,15.29774687836189,304.94694680474976,91,0.8660254037844387,-0.4999999999999998,1.2246467991473532e-16,-1.0,2,268.12602415373675
2026,4,1,12,925.0,19.0,72.5,754.7053131675955,299.1883239746094,0.0040018483996391,5.936863479145532,264.65446471013536,91,0.8660254037844387,-0.4999999999999998,1.2246467991473532e-16,-1.0,2,260.8681479169023
2026,4,1,12,925.0,19.0,72.75,754.9092564101911,298.8680114746094,0.0063760206103324,9.445424932266675,279.61604843262376,91,0.8660254037844387,-0.4999999999999998,1.2246467991473532e-16,-1.0,2,260.6076138399747
2026,4,1,12,925.0,19.0,73.0,754.9347493155155,297.9012145996094,0.0106160566210746,15.68634265276765,306.8827987549855,91,0.8660254037844387,-0.4999999999999998,1.2246467991473532e-16,-1.0,2,265.86090189870987
2026,4,1,12,925.0,18.75,72.5,754.96024222084,299.1609802246094,0.0041983053088188,6.227571555300027,265.89250685929653,91,0.8660254037844387,-0.4999999999999998,1.2246467991473532e-16,-1.0,2,260.1548432904238
2026,4,1,12,925.0,18.75,72.75,755.3426358007067,298.7547302246094,0.006771795451641,10.029322104558776,282.17717929868314,91,0.8660254037844387,-0.4999999999999998,1.2246467991473532e-16,-1.0,2,259.95237973121726
2026,4,1,12,925.0,18.75,73.0,755.7250293805735,297.3680114746094,0.0114819929003715,16.95698846438153,312.911246636107,91,0.8660254037844387,-0.4999999999999998,1.2246467991473532e-16,-1.0,2,265.4031815429862
2026,4,1,12,850.0,19.25,72.5,1493.3281880152754,295.95526123046875,0.0042977444827556,5.857823951106196,247.8170698356693,91,0.8660254037844387,-0.4999999999999998,1.2246467991473532e-16,-1.0,2,255.44593412136925
2026,4,1,12,850.0,19.25,72.75,1493.6341028791687,295.64471435546875,0.0060649029910564,8.257615247927127,258.3446017170659,91,0.8660254037844387,-0.4999999999999998,1.2246467991473532e-16,-1.0,2,255.8904203171056
2026,4,1,12,850.0,19.25,73.0,1493.7870603111155,295.15643310546875,0.0087804906070232,11.935374924192242,274.57700918012154,91,0.8660254037844387,-0.4999999999999998,1.2246467991473532e-16,-1.0,2,258.34110115772245
2026,4,1,12,850.0,19.0,72.5,1493.8635390270888,295.95330810546875,0.0047397725284099,6.458577559324581,250.3772132210709,91,0.8660254037844387,-0.4999999999999998,1.2246467991473532e-16,-1.0,2,253.6588965786017
2026,4,1,12,850.0,19.0,72.75,1493.9145248377376,295.49237060546875,0.0070290677249431,9.56478144774605,264.0799924314292,91,0.8660254037844387,-0.4999999999999998,1.2246467991473532e-16,-1.0,2,254.26635720976284
2026,4,1,12,850.0,19.0,73.0,1494.3733971335778,295.11346435546875,0.0091633908450603,12.452971210738395,276.84120605661417,91,0.8660254037844387,-0.4999999999999998,1.2246467991473532e-16,-1.0,2,257.0170376920702
2026,4,1,12,850.0,18.75,72.5,1494.3733971335778,295.95526123046875,0.0052313916385173,7.126351727033814,253.21909599722167,91,0.8660254037844387,-0.4999999999999998,1.2246467991473532e-16,-1.0,2,252.30103912425272
2026,4,1,12,850.0,18.75,72.75,1494.2459326069556,295.42987060546875,0.0075230710208415,10.233935549610225,267.0042435280171,91,0.8660254037844387,-0.4999999999999998,1.2246467991473532e-16,-1.0,2,252.70042078708474
2026,4,1,12,850.0,18.75,73.0,1494.95973395604,295.19354248046875,0.0090518109500408,12.302164648194182,276.1061138586217,91,0.8660254037844387,-0.4999999999999998,1.2246467991473532e-16,-1.0,2,255.87302073789752
2026,4,1,18,1000.0,19.25,72.5,96.67029197024468,298.36724853515625,0.0151620618999004,24.153746803109776,361.2846188645912,91,0.8660254037844387,-0.4999999999999998,-1.0,-1.8369701987210294e-16,2,364.22869247920323
2026,4,1,18,1000.0,19.25,72.75,97.28212169803145,298.19146728515625,0.015506338328123,24.69707236290796,363.8364656713312,91,0.8660254037844387,-0.4999999999999998,-1.0,-1.8369701987210294e-16,2,363.78495687658193
2026,4,1,18,1000.0,19.25,73.0,97.80472625718264,298.28717041015625,0.0150218717753887,23.93243888222479,360.48102323230455,91,0.8660254037844387,-0.4999999999999998,-1.0,-1.8369701987210294e-16,2,358.7937668813353
2026,4,1,18,1000.0,19.0,72.5,97.21838943472032,298.40631103515625,0.0153480283915996,24.44726088349832,362.4535601514974,91,0.8660254037844387,-0.4999999999999998,-1.0,-1.8369701987210294e-16,2,364.2681648422766
2026,4,1,18,1000.0,19.0,72.75,97.53705075127591,298.42388916015625,0.0153976194560527,24.52552020421502,362.7539552593538,91,0.8660254037844387,-0.4999999999999998,-1.0,-1.8369701987210294e-16,2,365.5282438039568
2026,4,1,18,1000.0,19.0,73.0,97.66451527789816,298.44342041015625,0.0150309316813945,23.946742224226472,360.2996930890312,91,0.8660254037844387,-0.4999999999999998,-1.0,-1.8369701987210294e-16,2,359.2011939678329
2026,4,1,18,1000.0,18.75,72.5,97.70275463588484,298.50396728515625,0.0155206434428691,24.71964334352002,363.44170907281136,91,0.8660254037844387,-0.4999999999999998,-1.0,-1.8369701987210294e-16,2,364.73661269305455
2026,4,1,18,1000.0,18.75,72.75,97.5752901092626,298.56842041015625,0.0155759565532207,24.8069141440869,363.7060837413071,91,0.8660254037844387,-0.4999999999999998,-1.0,-1.8369701987210294e-16,2,366.23471019852525
2026,4,1,18,1000.0,18.75,73.0,97.49881139328926,298.35748291015625,0.015353750437498,24.456291043631246,362.5674782610914,91,0.8660254037844387,-0.4999999999999998,-1.0,-1.8369701987210294e-16,2,360.7901609493203
2026,4,1,18,925.0,19.25,72.5,778.7862501147181,298.3208923339844,0.0030489682685583,4.525851381697144,259.582269976433,91,0.8660254037844387,-0.4999999999999998,-1.0,-1.8369701987210294e-16,2,259.67754628035294
2026,4,1,18,925.0,19.25,72.75,779.4745585584782,298.1119079589844,0.0033264874946326,4.936966447480462,261.5030455512368,91,0.8660254037844387,-0.4999999999999998,-1.0,-1.8369701987210294e-16,2,259.6314135485322
2026,4,1,18,925.0,19.25,73.0,779.6275159904249,297.4537048339844,0.0053497077897191,7.929973947083782,274.7452824697234,91,0.8660254037844387,-0.4999999999999998,-1.0,-1.8369701987210294e-16,2,261.53085660636714
2026,4,1,18,925.0,19.0,72.5,779.3470940318559,298.1939392089844,0.0031076192390173,4.612748059271823,260.0653779573609,91,0.8660254037844387,-0.4999999999999998,-1.0,-1.8369701987210294e-16,2,259.3121271873313
2026,4,1,18,925.0,19.0,72.75,779.6530088957494,297.9810485839844,0.0035663365852087,5.292165761649467,263.1191088672842,91,0.8660254037844387,-0.4999999999999998,-1.0,-1.8369701987210294e-16,2,259.3427520095638
2026,4,1,18,925.0,19.0,73.0,779.7294876117227,297.4458923339844,0.0055833579972386,8.275146901545329,276.208600115456,91,0.8660254037844387,-0.4999999999999998,-1.0,-1.8369701987210294e-16,2,260.8995043505283
2026,4,1,18,925.0,18.75,72.5,779.7294876117227,298.1294860839844,0.0029984235297888,4.450959853590419,259.4468234938905,91,0.8660254037844387,-0.4999999999999998,-1.0,-1.8369701987210294e-16,2,259.2547791450753
2026,4,1,18,925.0,18.75,72.75,779.7549805170471,298.0005798339844,0.0037704228889197,5.594321598151944,264.36953532951605,91,0.8660254037844387,-0.4999999999999998,-1.0,-1.8369701987210294e-16,2,259.3580249013267
2026,4,1,18,925.0,18.75,73.0,779.7549805170471,297.3892517089844,0.0066238166764378,9.811037817830696,282.7455203195335,91,0.8660254037844387,-0.4999999999999998,-1.0,-1.8369701987210294e-16,2,261.488734080131
2026,4,1,18,850.0,19.25,72.5,1515.2751895397512,295.0343322753906,0.0036908257752656,5.032445309912921,245.1318697727855,91,0.8660254037844387,-0.4999999999999998,-1.0,-1.8369701987210294e-16,2,254.7882247640694
2026,4,1,18,850.0,19.25,72.75,1515.5811044036443,294.8917541503906,0.0036955941468477,5.038932420960785,245.2886457296894,91,0.8660254037844387,-0.4999999999999998,-1.0,-1.8369701987210294e-16,2,255.79722872705253
2026,4,1,18,850.0,19.25,73.0,1515.606597308969,294.9737854003906,0.0042844880372285,5.839802345211405,248.6476613185172,91,0.8660254037844387,-0.4999999999999998,-1.0,-1.8369701987210294e-16,2,256.5572812788214
2026,4,1,18,850.0,19.0,72.5,1515.8615263622137,295.1007385253906,0.0036631692200899,4.994819326069922,244.9106968146916,91,0.8660254037844387,-0.4999999999999998,-1.0,-1.8369701987210294e-16,2,255.3983912013461
2026,4,1,18,850.0,19.0,72.75,1515.9634979835114,295.0167541503906,0.0036388505250215,4.961733366520026,244.84471477496083,91,0.8660254037844387,-0.4999999999999998,-1.0,-1.8369701987210294e-16,2,256.32450782054
2026,4,1,18,850.0,19.0,73.0,1516.116455415458,295.1339416503906,0.0043932069092988,5.987592738796441,249.1320265668152,91,0.8660254037844387,-0.4999999999999998,-1.0,-1.8369701987210294e-16,2,257.0522162034036
2026,4,1,18,850.0,18.75,72.5,1516.4478631846755,295.1983947753906,0.0036307442933321,4.950704496493581,244.63377386644177,91,0.8660254037844387,-0.4999999999999998,-1.0,-1.8369701987210294e-16,2,256.3535839239923
2026,4,1,18,850.0,18.75,72.75,1516.3713844687024,295.2003479003906,0.0036011803895235,4.910480639945882,244.45984457315723,91,0.8660254037844387,-0.4999999999999998,-1.0,-1.8369701987210294e-16,2,257.27332730673066
2026,4,1,18,850.0,18.75,73.0,1516.5243419006492,295.2394104003906,0.0046192277222871,6.294778860949323,250.3483761322655,91,0.8660254037844387,-0.4999999999999998,-1.0,-1.8369701987210294e-16,2,257.99852282651403
2026,4,5,0,1000.0,19.25,72.5,94.30744320340024,298.50311279296875,0.0159495696425437,25.39623366796079,366.275330243501,95,0.8660254037844387,-0.4999999999999998,0.0,1.0,2,380.99352988431446
2026,4,5,0,1000.0,19.25,72.75,94.3839219193736,298.31561279296875,0.0174005851149559,27.68248513042641,376.1549516393724,95,0.8660254037844387,-0.4999999999999998,0.0,1.0,2,381.0469394665315
2026,4,5,0,1000.0,19.25,73.0,94.81730130988922,297.80975341796875,0.0173781737685203,27.64720366356472,376.8429267525349,95,0.8660254037844387,-0.4999999999999998,0.0,1.0,2,376.44758564482646
2026,4,5,0,1000.0,19.0,72.5,94.44765418268472,298.59881591796875,0.0164397582411766,26.169031983590063,369.3568224530393,95,0.8660254037844387,-0.4999999999999998,0.0,1.0,2,379.9817615756623
2026,4,5,0,1000.0,19.0,72.75,94.30744320340024,298.65936279296875,0.016633354127407,26.474116653169048,370.535537048145,95,0.8660254037844387,-0.4999999999999998,0.0,1.0,2,379.9484905395185
2026,4,5,0,1000.0,19.0,73.0,94.6006116146314,298.08905029296875,0.0166586264967918,26.513937732823194,371.6238297420536,95,0.8660254037844387,-0.4999999999999998,0.0,1.0,2,375.5399065592806
2026,4,5,0,1000.0,18.75,72.5,94.54962580398252,298.77459716796875,0.0164483413100242,26.18255941064309,369.1316678055321,95,0.8660254037844387,-0.4999999999999998,0.0,1.0,2,379.511248930674
2026,4,5,0,1000.0,18.75,72.75,94.11624641346688,298.88592529296875,0.0167420729994773,26.6454138300571,370.8860409552094,95,0.8660254037844387,-0.4999999999999998,0.0,1.0,2,379.4410632795247
2026,4,5,0,1000.0,18.75,73.0,94.48589354067138,298.13592529296875,0.0166200026869773,26.453078612790577,371.2925128535197,95,0.8660254037844387,-0.4999999999999998,0.0,1.0,2,374.8610406625577
2026,4,5,0,925.0,19.25,72.5,774.1631216922956,292.1826477050781,0.0126889571547508,18.72583327685645,327.4847973484888,95,0.8660254037844387,-0.4999999999999998,0.0,1.0,2,273.2393170623544
2026,4,5,0,925.0,19.25,72.75,774.7112191567712,292.7197570800781,0.0123780593276023,18.27044880660469,324.75168666894905,95,0.8660254037844387,-0.4999999999999998,0.0,1.0,2,275.04562186568296
2026,4,5,0,925.0,19.25,73.0,774.6729797987846,292.8056945800781,0.012637935578823,18.6511116486503,326.2891511467777,95,0.8660254037844387,-0.4999999999999998,0.0,1.0,2,281.9951582104258
2026,4,5,0,925.0,19.0,72.5,774.7494585147579,292.5791320800781,0.0127766951918601,18.854315792138568,327.4901316958608,95,0.8660254037844387,-0.4999999999999998,0.0,1.0,2,273.51689506683806
2026,4,5,0,925.0,19.0,72.75,775.0171340206646,293.0263977050781,0.0125792846083641,18.56521101140653,325.6091677415753,95,0.8660254037844387,-0.4999999999999998,0.0,1.0,2,274.5681853243688
2026,4,5,0,925.0,19.0,73.0,774.9788946626779,293.0576477050781,0.0128558501601219,18.970217700459383,327.3248439059531,95,0.8660254037844387,-0.4999999999999998,0.0,1.0,2,281.6303386809392
2026,4,5,0,925.0,18.75,72.5,775.2593166212469,292.7236633300781,0.012905441224575,19.042825307093583,328.1084814474677,95,0.8660254037844387,-0.4999999999999998,0.0,1.0,2,274.41286023447816
2026,4,5,0,925.0,18.75,72.75,775.2465701685846,293.1455383300781,0.0128711089491844,18.992558965008342,327.2989837711972,95,0.8660254037844387,-0.4999999999999998,0.0,1.0,2,275.2779797115535
2026,4,5,0,925.0,18.75,73.0,775.1955843579358,293.3349914550781,0.0127914771437644,18.875960964622728,326.52894293302955,95,0.8660254037844387,-0.4999999999999998,0.0,1.0,2,282.0235465229669
2026,4,5,0,850.0,19.25,72.5,1500.3327620798132,291.7114562988281,0.0040392912924289,5.506414979489878,250.25015414891843,95,0.8660254037844387,-0.4999999999999998,0.0,1.0,2,247.22114194200083
2026,4,5,0,850.0,19.25,72.75,1500.9445918076,291.3774719238281,0.0047755278646945,6.507158025274711,254.96132016216484,95,0.8660254037844387,-0.4999999999999998,0.0,1.0,2,247.68178208912178
2026,4,5,0,850.0,19.25,73.0,1500.82987373364,291.1313781738281,0.0057730711996555,7.86166339779081,261.1619212787624,95,0.8660254037844387,-0.4999999999999998,0.0,1.0,2,249.24742380937087
2026,4,5,0,850.0,19.0,72.5,1501.4799428194135,291.6430969238281,0.0048370398581027,6.5907289125651705,255.0695788996508,95,0.8660254037844387,-0.4999999999999998,0.0,1.0,2,247.2863333866934
2026,4,5,0,850.0,19.0,72.75,1501.8240970412935,291.3266906738281,0.0057864226400852,7.879781434407151,261.0432793184078,95,0.8660254037844387,-0.4999999999999998,0.0,1.0,2,248.01236316268933
2026,4,5,0,850.0,19.0,73.0,1501.9898009259025,291.1743469238281,0.0066275633871555,9.020627383163498,266.2171303678872,95,0.8660254037844387,-0.4999999999999998,0.0,1.0,2,249.58212605576134
2026,4,5,0,850.0,18.75,72.5,1502.5633912957026,291.6391906738281,0.005614761263132,7.646812914346878,259.70481696773385,95,0.8660254037844387,-0.4999999999999998,0.0,1.0,2,247.79668632629745
2026,4,5,0,850.0,18.75,72.75,1502.703602274987,291.4731750488281,0.0061259306967258,8.34039879377707,262.9170221144169,95,0.8660254037844387,-0.4999999999999998,0.0,1.0,2,248.60429669100253
2026,4,5,0,850.0,18.75,73.0,1503.1369816655026,291.5278625488281,0.0062418021261692,8.497560534870427,263.5505898475137,95,0.8660254037844387,-0.4999999999999998,0.0,1.0,2,249.83205640480378
2026,4,5,6,1000.0,19.25,72.5,112.43446730025036,298.3970947265625,0.0136351771652698,21.74135070021764,351.1326176642146,95,0.8660254037844387,-0.4999999999999998,1.0,6.123233995736766e-17,2,371.8711222086804
2026,4,5,6,1000.0,19.25,72.75,110.879400075459,299.4342041015625,0.0135669894516468,21.6335141875024,349.15347801036694,95,0.8660254037844387,-0.4999999999999998,1.0,6.123233995736766e-17,2,362.2023400938657
2026,4,5,6,1000.0,19.25,73.0,108.87820700748982,300.6510009765625,0.0139131732285022,22.180900150441875,349.6364118650108,95,0.8660254037844387,-0.4999999999999998,1.0,6.123233995736766e-17,2,337.35657684544674
2026,4,5,6,1000.0,19.0,72.5,112.71488925881928,298.4556884765625,0.0140285678207874,22.36331138851162,353.65023145061014,95,0.8660254037844387,-0.4999999999999998,1.0,6.123233995736766e-17,2,373.45944324952893
2026,4,5,6,1000.0,19.0,72.75,111.7716517618147,298.9205322265625,0.0144992060959339,23.107015240701603,356.0594209924085,95,0.8660254037844387,-0.4999999999999998,1.0,6.123233995736766e-17,2,367.7610344912649
2026,4,5,6,1000.0,19.0,73.0,109.59200835657435,300.0963134765625,0.0143666453659534,22.897585088003733,353.4205154450926,95,0.8660254037844387,-0.4999999999999998,1.0,6.123233995736766e-17,2,347.6922585901153
2026,4,5,6,1000.0,18.75,72.5,113.03355057537487,298.6099853515625,0.0144887156784534,23.090442850264083,356.46080845773,95,0.8660254037844387,-0.4999999999999998,1.0,6.123233995736766e-17,2,373.7212194419242
2026,4,5,6,1000.0,18.75,72.75,112.37073503693922,298.6060791015625,0.0150380320847034,23.9579518889226,360.0957232638362,95,0.8660254037844387,-0.4999999999999998,1.0,6.123233995736766e-17,2,368.9840152113935
2026,4,5,6,1000.0,18.75,73.0,109.73221933585884,299.7271728515625,0.0145836062729358,23.24034003339025,355.3958441422648,95,0.8660254037844387,-0.4999999999999998,1.0,6.123233995736766e-17,2,348.9546011484893
2026,4,5,6,925.0,19.25,72.5,791.3738700269715,291.8266296386719,0.0129761882126331,19.14640035263362,329.8262718107029,95,0.8660254037844387,-0.4999999999999998,1.0,6.123233995736766e-17,2,278.9164297478199
2026,4,5,6,925.0,19.25,72.75,791.8327423228116,292.6137390136719,0.0129504390060901,19.10870400750117,328.5498803580411,95,0.8660254037844387,-0.4999999999999998,1.0,6.123233995736766e-17,2,281.6314481337664
2026,4,5,6,925.0,19.25,73.0,791.514081006256,293.4535827636719,0.0134101100265979,19.78147755274134,330.2861007756489,95,0.8660254037844387,-0.4999999999999998,1.0,6.123233995736766e-17,2,295.59171034271606
2026,4,5,6,925.0,19.0,72.5,791.9347139441094,291.8363952636719,0.0130572505295276,19.2650663891503,330.33213327847096,95,0.8660254037844387,-0.4999999999999998,1.0,6.123233995736766e-17,2,276.6018033460461
2026,4,5,6,925.0,19.0,72.75,791.9219674914472,292.3539733886719,0.0133896060287952,19.75147588899253,331.7209332094962,95,0.8660254037844387,-0.4999999999999998,1.0,6.123233995736766e-17,2,278.4338031876002
2026,4,5,6,925.0,19.0,73.0,791.9474603967716,293.1391296386719,0.0135936923325061,20.05006405722944,331.89826950643527,95,0.8660254037844387,-0.4999999999999998,1.0,6.123233995736766e-17,2,294.5535680464966
2026,4,5,6,925.0,18.75,72.5,792.4955578612472,292.0278015136719,0.0132956691086292,19.61401692356156,331.58660139027336,95,0.8660254037844387,-0.4999999999999998,1.0,6.123233995736766e-17,2,276.4830508980907
2026,4,5,6,925.0,18.75,72.75,792.1131642813806,292.3070983886719,0.0128417201340198,18.94952875558994,328.2870846984117,95,0.8660254037844387,-0.4999999999999998,1.0,6.123233995736766e-17,2,278.1723134949797
2026,4,5,6,925.0,18.75,73.0,792.4318255979362,293.2524108886719,0.0131726451218128,19.43397097453347,329.0642343654523,95,0.8660254037844387,-0.4999999999999998,1.0,6.123233995736766e-17,2,297.3034906831907
2026,4,5,6,850.0,19.25,72.5,1516.0073139145377,291.61846923828125,0.0023908116854727,3.262446258004956,240.49537207601333,95,0.8660254037844387,-0.4999999999999998,1.0,6.123233995736766e-17,2,250.2559656360891
2026,4,5,6,850.0,19.25,72.75,1516.8995656008933,291.60089111328125,0.0025491216219961,3.478138193131465,241.4568931357291,95,0.8660254037844387,-0.4999999999999998,1.0,6.123233995736766e-17,2,250.38187858553647
2026,4,5,6,850.0,19.25,73.0,1517.3711843493957,291.29425048828125,0.0033206441439688,4.528718744078639,246.34536611729465,95,0.8660254037844387,-0.4999999999999998,1.0,6.123233995736766e-17,2,250.90191891648126
2026,4,5,6,850.0,19.0,72.5,1517.2437198227733,291.87823486328125,0.0032252767123281,4.398910375677691,245.24439200853325,95,0.8660254037844387,-0.4999999999999998,1.0,6.123233995736766e-17,2,249.90284020223558
2026,4,5,6,850.0,19.0,72.75,1517.8810424558849,291.86846923828125,0.003417442087084,4.660458883202141,246.39845625316937,95,0.8660254037844387,-0.4999999999999998,1.0,6.123233995736766e-17,2,250.10372885853212
2026,4,5,6,850.0,19.0,73.0,1518.6585760682804,291.61065673828125,0.004478404764086,6.103395491566427,252.96356083133307,95,0.8660254037844387,-0.4999999999999998,1.0,6.123233995736766e-17,2,250.66401936243483
2026,4,5,6,850.0,18.75,72.5,1518.5693508996446,291.83331298828125,0.0040606954135,5.535521530852108,250.2630631205753,95,0.8660254037844387,-0.4999999999999998,1.0,6.123233995736766e-17,2,249.58681415190415
2026,4,5,6,850.0,18.75,72.75,1519.0537161008092,291.94268798828125,0.0045475461520254,6.197365159610584,253.056693738764,95,0.8660254037844387,-0.4999999999999998,1.0,6.123233995736766e-17,2,249.81346182286308
2026,4,5,6,850.0,18.75,73.0,1520.009700050476,291.78643798828125,0.0050253369845449,6.846512791048882,256.05068656478886,95,0.8660254037844387,-0.4999999999999998,1.0,6.123233995736766e-17,2,250.24063888390538
2026,4,5,12,1000.0,19.25,72.5,81.97482703063739,298.6737670898437,0.0126768127083778,20.22491678478337,344.3823475190848,95,0.8660254037844387,-0.4999999999999998,1.2246467991473532e-16,-1.0,2,357.65316441137963
2026,4,5,12,1000.0,19.25,72.75,80.39426690052159,299.5350952148437,0.0123616233468055,19.72580498967923,341.07461403621403,95,0.8660254037844387,-0.4999999999999998,1.2246467991473532e-16,-1.0,2,356.82553166574667
2026,4,5,12,1000.0,19.25,73.0,77.32237180892558,301.4452514648437,0.0114584937691688,18.29462071339444,332.5222612466828,95,0.8660254037844387,-0.4999999999999998,1.2246467991473532e-16,-1.0,2,339.6314288908391
2026,4,5,12,1000.0,19.0,72.5,82.76510709569527,298.7186889648437,0.0128494277596473,20.498177485599417,345.46009335368217,95,0.8660254037844387,-0.4999999999999998,1.2246467991473532e-16,-1.0,2,359.48564812591775
2026,4,5,12,1000.0,19.0,72.75,81.68165861940622,299.0233764648437,0.0129772201180458,20.700444343779687,345.86463998755704,95,0.8660254037844387,-0.4999999999999998,1.2246467991473532e-16,-1.0,2,360.8222736453742
2026,4,5,12,1000.0,19.0,73.0,79.36180423488143,300.5116577148437,0.0122643485665321,19.57172913576141,339.064221628529,95,0.8660254037844387,-0.4999999999999998,1.2246467991473532e-16,-1.0,2,358.93734223207616
2026,4,5,12,1000.0,18.75,72.5,83.6191194240643,298.8573608398437,0.0133806243538856,21.338738999847205,348.77040800742407,95,0.8660254037844387,-0.4999999999999998,1.2246467991473532e-16,-1.0,2,360.1850141723238
2026,4,5,12,1000.0,18.75,72.75,82.79060000101973,298.7089233398437,0.0134855285286903,21.50467493204555,349.68169834775216,95,0.8660254037844387,-0.4999999999999998,1.2246467991473532e-16,-1.0,2,361.72389400401437
2026,4,5,12,1000.0,18.75,73.0,81.28651858687728,299.7929077148437,0.0124794021248817,19.91233341935605,341.4849633288238,95,0.8660254037844387,-0.4999999999999998,1.2246467991473532e-16,-1.0,2,362.00769549983346
2026,4,5,12,925.0,19.25,72.5,761.8123567617382,295.17694091796875,0.0040638782083988,6.028659873381785,268.98479545708733,95,0.8660254037844387,-0.4999999999999998,1.2246467991473532e-16,-1.0,2,267.65998643808103
2026,4,5,12,925.0,19.25,72.75,761.799610309076,295.21014404296875,0.0065429545938968,9.691741202576578,284.62971820886634,95,0.8660254037844387,-0.4999999999999998,1.2246467991473532e-16,-1.0,2,275.1183463407186
2026,4,5,12,925.0,19.25,73.0,761.6593993297915,295.09295654296875,0.009444985538721,13.965837183422378,303.06699862809614,95,0.8660254037844387,-0.4999999999999998,1.2246467991473532e-16,-1.0,2,289.00075594431996
2026,4,5,12,925.0,19.0,72.5,762.7810871640672,294.68865966796875,0.0054715014994144,8.109912768178527,278.412689626209,95,0.8660254037844387,-0.4999999999999998,1.2246467991473532e-16,-1.0,2,267.79462265591286
2026,4,5,12,925.0,19.0,72.75,762.5006652054983,295.79608154296875,0.0041802264750003,6.200822204857864,269.1018092861005,95,0.8660254037844387,-0.4999999999999998,1.2246467991473532e-16,-1.0,2,275.06773087277975
2026,4,5,12,925.0,19.0,73.0,762.6918619954317,295.32342529296875,0.007517609745264,11.128881921064014,290.6509134768622,95,0.8660254037844387,-0.4999999999999998,1.2246467991473532e-16,-1.0,2,288.7721022237121
2026,4,5,12,925.0,18.75,72.5,763.7753104717208,294.16522216796875,0.0084116794168949,12.445708843006935,297.659575909286,95,0.8660254037844387,-0.4999999999999998,1.2246467991473532e-16,-1.0,2,267.98161018905074
2026,4,5,12,925.0,18.75,72.75,763.4311562498407,295.94451904296875,0.0051901675760746,7.694228022617956,275.3137142251439,95,0.8660254037844387,-0.4999999999999998,1.2246467991473532e-16,-1.0,2,275.28369721377595
2026,4,5,12,925.0,18.75,73.0,763.9410143563297,295.31951904296875,0.0075977183878421,11.246927708583284,291.160252252947,95,0.8660254037844387,-0.4999999999999998,1.2246467991473532e-16,-1.0,2,289.1250300854113
2026,4,5,12,850.0,19.25,72.5,1490.8856490238768,293.190185546875,0.0009948057122528,1.3586398025375332,230.86883825599463,95,0.8660254037844387,-0.4999999999999998,1.2246467991473532e-16,-1.0,2,250.99579433550267
2026,4,5,12,850.0,19.25,72.75,1491.6249432782856,293.250732421875,0.0010772985406219,1.4712293363547908,231.30830141186928,95,0.8660254037844387,-0.4999999999999998,1.2246467991473532e-16,-1.0,2,251.87811335221525
2026,4,5,12,850.0,19.25,73.0,1491.7779007102324,292.641357421875,0.0027757924981415,3.786897464478544,241.8891554078805,95,0.8660254037844387,-0.4999999999999998,1.2246467991473532e-16,-1.0,2,254.61043752566786
2026,4,5,12,850.0,19.0,72.5,1492.4152233433435,293.373779296875,0.0017167371697723,2.34357843055654,234.98917437210483,95,0.8660254037844387,-0.4999999999999998,1.2246467991473532e-16,-1.0,2,250.15532186708427
2026,4,5,12,850.0,19.0,72.75,1492.9760672604814,293.369873046875,0.0021797460503876,2.974812000497713,237.7281348783829,95,0.8660254037844387,-0.4999999999999998,1.2246467991473532e-16,-1.0,2,251.00211321152577
2026,4,5,12,850.0,19.0,73.0,1493.3712072930105,292.955810546875,0.0029393476434051,4.009631032914816,242.57986436169372,95,0.8660254037844387,-0.4999999999999998,1.2246467991473532e-16,-1.0,2,253.59122625304852
2026,4,5,12,850.0,18.75,72.5,1494.1487409054062,293.362060546875,0.0031153005547821,4.24919884991123,243.2581547450414,95,0.8660254037844387,-0.4999999999999998,1.2246467991473532e-16,-1.0,2,249.34956183386
2026,4,5,12,850.0,18.75,72.75,1494.594866748584,293.405029296875,0.003591660875827,4.897528337341165,246.02894812330865,95,0.8660254037844387,-0.4999999999999998,1.2246467991473532e-16,-1.0,2,249.86881239714344
2026,4,5,12,850.0,18.75,73.0,1495.1939500237086,293.022216796875,0.00428879680112,5.84565996863905,250.4969799722376,95,0.8660254037844387,-0.4999999999999998,1.2246467991473532e-16,-1.0,2,251.83732246097983
2026,4,5,18,1000.0,19.25,72.5,99.00869343920962,298.58905029296875,0.0127304308116436,20.3098037734524,344.8591995970732,95,0.8660254037844387,-0.4999999999999998,-1.0,-1.8369701987210294e-16,2,366.7236252167572
2026,4,5,18,1000.0,19.25,72.75,99.65876252498305,298.33514404296875,0.0138152353465557,22.026063890090924,352.41763282245495,95,0.8660254037844387,-0.4999999999999998,-1.0,-1.8369701987210294e-16,2,366.51733932937935
2026,4,5,18,1000.0,19.25,73.0,100.5255213060143,298.09100341796875,0.0136712305247783,21.798364260154184,351.8261166457622,95,0.8660254037844387,-0.4999999999999998,-1.0,-1.8369701987210294e-16,2,358.26584961267065
2026,4,5,18,1000.0,19.0,72.5,99.92643803088976,298.55975341796875,0.0128176920115947,20.447942028342226,345.479421599831,95,0.8660254037844387,-0.4999999999999998,-1.0,-1.8369701987210294e-16,2,367.1471160228449
2026,4,5,18,1000.0,19.0,72.75,100.4745354953654,298.56170654296875,0.0128973238170146,20.57398993550028,346.00404569166426,95,0.8660254037844387,-0.4999999999999998,-1.0,-1.8369701987210294e-16,2,368.1212682530837
2026,4,5,18,1000.0,19.0,73.0,101.1628439391255,298.31170654296875,0.0129898302257061,20.720401647673423,346.9799064093644,95,0.8660254037844387,-0.4999999999999998,-1.0,-1.8369701987210294e-16,2,360.40215934439436
2026,4,5,18,1000.0,18.75,72.5,100.98439360185436,298.62030029296875,0.0130642168223857,20.83812293017388,347.0240887864295,95,0.8660254037844387,-0.4999999999999998,-1.0,-1.8369701987210294e-16,2,367.5231486173146
2026,4,5,18,1000.0,18.75,72.75,101.2138297497744,298.68280029296875,0.0130661241710186,20.841141285746613,346.9458581741298,95,0.8660254037844387,-0.4999999999999998,-1.0,-1.8369701987210294e-16,2,368.74582394935885
2026,4,5,18,1000.0,18.75,73.0,101.87664528821004,298.18865966796875,0.0132940523326396,21.201784800599583,349.17831715884864,95,0.8660254037844387,-0.4999999999999998,-1.0,-1.8369701987210294e-16,2,363.69633242916217
2026,4,5,18,925.0,19.25,72.5,778.2647409538426,294.5148620605469,0.005017589777708,7.439165689213779,275.7131682974091,95,0.8660254037844387,-0.4999999999999998,-1.0,-1.8369701987210294e-16,2,264.8421104044275
2026,4,5,18,925.0,19.25,72.75,778.8765706816293,293.9933776855469,0.0057924501597881,8.583957278302696,281.1994501267866,95,0.8660254037844387,-0.4999999999999998,-1.0,-1.8369701987210294e-16,2,267.46466062857166
2026,4,5,18,925.0,19.25,73.0,779.144246187536,293.5988464355469,0.0064323656260967,9.528569316339468,285.7146264629192,95,0.8660254037844387,-0.4999999999999998,-1.0,-1.8369701987210294e-16,2,271.7717193935551
2026,4,5,18,925.0,19.0,72.5,779.1824855455227,294.4093933105469,0.0048783533275127,7.2333415099732035,274.93767249836804,95,0.8660254037844387,-0.4999999999999998,-1.0,-1.8369701987210294e-16,2,264.88805567342587
2026,4,5,18,925.0,19.0,72.75,779.6668507466873,293.7394714355469,0.0066707842051982,9.880324107762544,287.07874598447216,95,0.8660254037844387,-0.4999999999999998,-1.0,-1.8369701987210294e-16,2,267.50611519012807
2026,4,5,18,925.0,19.0,73.0,779.934526252594,293.1574401855469,0.0084250681102275,12.465417506699884,298.95342925578456,95,0.8660254037844387,-0.4999999999999998,-1.0,-1.8369701987210294e-16,2,272.79417678204555
2026,4,5,18,925.0,18.75,72.5,780.2276946638251,293.8117370605469,0.0071271173655986,10.55329974622826,289.90546934694424,95,0.8660254037844387,-0.4999999999999998,-1.0,-1.8369701987210294e-16,2,265.12126912421223
2026,4,5,18,925.0,18.75,72.75,780.4571308117452,293.3410339355469,0.0082410089671611,12.194447514831822,297.5578982844446,95,0.8660254037844387,-0.4999999999999998,-1.0,-1.8369701987210294e-16,2,267.73327373455226
2026,4,5,18,925.0,18.75,73.0,780.7502992229763,292.9191589355469,0.0095079652965068,14.05842726478186,306.16585575433413,95,0.8660254037844387,-0.4999999999999998,-1.0,-1.8369701987210294e-16,2,273.84545206059806
2026,4,5,18,850.0,19.25,72.5,1506.2714140404726,292.0346984863281,0.0010256036184728,1.400675344775838,231.9895773026913,95,0.8660254037844387,-0.4999999999999998,-1.0,-1.8369701987210294e-16,2,252.0615154235891
2026,4,5,18,850.0,19.25,72.75,1506.2586675878104,291.9409484863281,0.0007991059683263,1.0914957775219891,230.71294413382907,95,0.8660254037844387,-0.4999999999999998,-1.0,-1.8369701987210294e-16,2,252.47275821209644
2026,4,5,18,850.0,19.25,73.0,1505.6468378600237,291.8081359863281,0.0010337098501622,1.411739142131111,232.2229199953518,95,0.8660254037844387,-0.4999999999999998,-1.0,-1.8369701987210294e-16,2,254.1228947260371
2026,4,5,18,850.0,19.0,72.5,1507.3676089694238,292.3120422363281,0.000749038066715,1.0231393387937275,230.11559736864413,95,0.8660254037844387,-0.4999999999999998,-1.0,-1.8369701987210294e-16,2,251.87398571380467
2026,4,5,18,850.0,19.0,72.75,1507.2273979901397,292.1831359863281,0.0008234246633946,1.1246959761674766,230.66280960906624,95,0.8660254037844387,-0.4999999999999998,-1.0,-1.8369701987210294e-16,2,252.19102322238513
2026,4,5,18,850.0,19.0,73.0,1506.8577508629348,292.1362609863281,0.0009655221365392,1.3186696859394065,231.5483847549807,95,0.8660254037844387,-0.4999999999999998,-1.0,-1.8369701987210294e-16,2,253.64540759430844
2026,4,5,18,850.0,18.75,72.5,1508.6932400462952,292.5932922363281,0.0010384782217442,1.4182472073343095,231.61156929026149,95,0.8660254037844387,-0.4999999999999998,-1.0,-1.8369701987210294e-16,2,251.83349655335132
2026,4,5,18,850.0,18.75,72.75,1508.3873251824018,292.4956359863281,0.0011409982107579,1.5581614923838742,232.3009649695583,95,0.8660254037844387,-0.4999999999999998,-1.0,-1.8369701987210294e-16,2,252.04931299247508
2026,4,5,18,850.0,18.75,73.0,1508.2471142031177,292.4331359863281,0.0020193322561681,2.756155343155072,237.5773537891473,95,0.8660254037844387,-0.4999999999999998,-1.0,-1.8369701987210294e-16,2,252.91189326704585
2026,4,15,0,1000.0,19.25,72.5,61.77209788765787,301.01025390625,0.0183375664055347,29.156694309176707,377.8270700136059,105,0.8660254037844387,-0.4999999999999998,0.0,1.0,2,377.656823774478
2026,4,15,0,1000.0,19.25,72.75,62.20547727817349,299.93603515625,0.0195506401360034,31.06283183077183,387.5149268281367,105,0.8660254037844387,-0.4999999999999998,0.0,1.0,2,377.0569077738713
2026,4,15,0,1000.0,19.25,73.0,62.71533538466245,298.32861328125,0.019420463591814,30.85841473902984,389.4438660783253,105,0.8660254037844387,-0.4999999999999998,0.0,1.0,2,369.995406945554
2026,4,15,0,1000.0,19.0,72.5,62.07801275155125,300.88134765625,0.018472034484148,29.36812481787135,378.9115237407011,105,0.8660254037844387,-0.4999999999999998,0.0,1.0,2,377.79906700819913
2026,4,15,0,1000.0,19.0,72.75,62.23097018349794,300.39501953125,0.0191605873405933,30.45023371624956,384.19413588320594,105,0.8660254037844387,-0.4999999999999998,0.0,1.0,2,377.0829182468524
2026,4,15,0,1000.0,19.0,73.0,62.48589923674242,298.85009765625,0.0187872238457202,29.863578034614576,384.3841831908617,105,0.8660254037844387,-0.4999999999999998,0.0,1.0,2,369.44921213093374
2026,4,15,0,1000.0,18.75,72.5,62.51139214206687,300.79931640625,0.0184500999748706,29.33363848581012,378.9056966564655,105,0.8660254037844387,-0.4999999999999998,0.0,1.0,2,378.5542599225185
2026,4,15,0,1000.0,18.75,72.75,62.17998437284904,300.49462890625,0.0189827270805835,30.17079965839559,382.87078255061806,105,0.8660254037844387,-0.4999999999999998,0.0,1.0,2,377.7896218080677
2026,4,15,0,1000.0,18.75,73.0,62.61336376336466,299.55517578125,0.0172742195427417,27.48353940928175,373.2933102257695,105,0.8660254037844387,-0.4999999999999998,0.0,1.0,2,369.27165495336374
2026,4,15,0,925.0,19.25,72.5,753.0052052529406,302.1573486328125,0.0041106529533863,6.0978761068561695,262.4710637541524,105,0.8660254037844387,-0.4999999999999998,0.0,1.0,2,280.9590953681015
2026,4,15,0,925.0,19.25,72.75,752.1639393772339,301.9600830078125,0.0042413063347339,6.291193298631028,263.44964227199523,105,0.8660254037844387,-0.4999999999999998,0.0,1.0,2,284.48149245010774
2026,4,15,0,925.0,19.25,73.0,751.3226735015271,301.3917236328125,0.0055692978203296,8.254378474295667,272.0564193300335,105,0.8660254037844387,-0.4999999999999998,0.0,1.0,2,296.4176476735097
2026,4,15,0,925.0,19.0,72.5,752.9542194422918,302.2628173828125,0.0040028877556324,5.9384016534873485,261.71971556468424,105,0.8660254037844387,-0.4999999999999998,0.0,1.0,2,280.87373436515134
2026,4,15,0,925.0,19.0,72.75,752.0109819452872,302.0010986328125,0.0040510483086109,6.009673785321349,262.2590363705148,105,0.8660254037844387,-0.4999999999999998,0.0,1.0,2,284.0546688531053
2026,4,15,0,925.0,19.0,73.0,751.2716876908781,301.3663330078125,0.005133468657732,7.610435418364283,269.43755484151075,105,0.8660254037844387,-0.4999999999999998,0.0,1.0,2,296.3683378760893
2026,4,15,0,925.0,18.75,72.5,752.7502761996961,302.0850830078125,0.0039451904594898,5.8530107483764855,261.538944038008,105,0.8660254037844387,-0.4999999999999998,0.0,1.0,2,280.789371866337
2026,4,15,0,925.0,18.75,72.75,751.832531608016,302.0596923828125,0.003945667296648,5.853716482817629,261.5658248428281,105,0.8660254037844387,-0.4999999999999998,0.0,1.0,2,284.3160705766676
2026,4,15,0,925.0,18.75,73.0,751.1187302589315,301.4327392578125,0.0047496147453784,7.043004742934912,267.0419305608275,105,0.8660254037844387,-0.4999999999999998,0.0,1.0,2,296.3036039783026
2026,4,15,0,850.0,19.25,72.5,1497.6201576226338,297.80731201171875,0.0028162999078631,3.842065606232824,237.6440642018393,105,0.8660254037844387,-0.4999999999999998,0.0,1.0,2,256.7510016014739
2026,4,15,0,850.0,19.25,72.75,1497.0338208001715,298.01629638671875,0.0026479763910174,3.612803457656054,236.50323706399456,105,0.8660254037844387,-0.4999999999999998,0.0,1.0,2,261.2807772255879
2026,4,15,0,850.0,19.25,73.0,1496.16706201914,298.13739013671875,0.002562622539699,3.496530819324788,235.91309136210972,105,0.8660254037844387,-0.4999999999999998,0.0,1.0,2,265.26080390328025
2026,4,15,0,850.0,19.0,72.5,1497.9260724865271,298.05731201171875,0.0025502247735857,3.479641054485274,235.9095024055752,105,0.8660254037844387,-0.4999999999999998,0.0,1.0,2,256.2086346117839
2026,4,15,0,850.0,19.0,72.75,1497.1357924214692,298.18426513671875,0.0025335354730486,3.4569044313022617,235.7074637181064,105,0.8660254037844387,-0.4999999999999998,0.0,1.0,2,260.8421321600169
2026,4,15,0,850.0,19.0,73.0,1496.447483977709,298.36981201171875,0.0024677319452166,3.36725268668751,235.17624401560607,105,0.8660254037844387,-0.4999999999999998,0.0,1.0,2,265.4403731075119
2026,4,15,0,850.0,18.75,72.5,1497.977058297176,298.18231201171875,0.0025545163080096,3.485487540301836,235.82901237854605,105,0.8660254037844387,-0.4999999999999998,0.0,1.0,2,256.3466991333062
2026,4,15,0,850.0,18.75,72.75,1497.0848066108204,298.26239013671875,0.0025311512872576,3.453656304684423,235.62830742180137,105,0.8660254037844387,-0.4999999999999998,0.0,1.0,2,260.9605321039471
2026,4,15,0,850.0,18.75,73.0,1496.4219910723846,298.52410888671875,0.0025855107232928,3.5277112560492143,235.7190046128568,105,0.8660254037844387,-0.4999999999999998,0.0,1.0,2,265.72953668647375
2026,4,15,6,1000.0,19.25,72.5,79.04154961174305,300.861328125,0.0173610262572765,27.620208242120388,371.7420645473538,105,0.8660254037844387,-0.4999999999999998,1.0,6.123233995736766e-17,2,372.88821122959
2026,4,15,6,1000.0,19.25,72.75,77.24429978636945,303.205078125,0.0150016359984874,23.90049105142236,352.90357659382715,105,0.8660254037844387,-0.4999999999999998,1.0,6.123233995736766e-17,2,357.9659924730707
2026,4,15,6,1000.0,19.25,73.0,74.50381246399128,305.83203125,0.0138095431029796,22.01706409618768,341.5356240315045,105,0.8660254037844387,-0.4999999999999998,1.0,6.123233995736766e-17,2,334.8114748350333
2026,4,15,6,1000.0,19.0,72.5,79.69161869751649,300.83203125,0.0177048258483409,28.16134753285116,374.0196854450896,105,0.8660254037844387,-0.4999999999999998,1.0,6.123233995736766e-17,2,374.743606287614
2026,4,15,6,1000.0,19.0,72.75,78.49345214726742,301.888671875,0.0170815996825695,27.180226975277627,368.2902688261226,105,0.8660254037844387,-0.4999999999999998,1.0,6.123233995736766e-17,2,366.577192202181
2026,4,15,6,1000.0,19.0,73.0,75.74021837222702,304.478515625,0.0153130106627941,24.39199682917527,353.00127135079265,105,0.8660254037844387,-0.4999999999999998,1.0,6.123233995736766e-17,2,344.30364748382544
2026,4,15,6,1000.0,18.75,72.5,80.5456310258855,300.822265625,0.0181273035705089,28.826019619524324,376.77525312904,105,0.8660254037844387,-0.4999999999999998,1.0,6.123233995736766e-17,2,375.828110760149
2026,4,15,6,1000.0,18.75,72.75,79.5386612655698,300.83984375,0.0179499201476573,28.546988485135845,375.59631474780514,105,0.8660254037844387,-0.4999999999999998,1.0,6.123233995736766e-17,2,369.78278106559065
2026,4,15,6,1000.0,18.75,73.0,76.74718813254272,303.619140625,0.0149205736815929,23.77250371532625,351.77237125708075,105,0.8660254037844387,-0.4999999999999998,1.0,6.123233995736766e-17,2,345.83341432659597
2026,4,15,6,925.0,19.25,72.5,769.01235983682,301.6171264648437,0.0034012540709227,5.047701474055751,258.6800280255172,105,0.8660254037844387,-0.4999999999999998,1.0,6.123233995736766e-17,2,290.47891424408465
2026,4,15,6,925.0,19.25,72.75,768.9486275735088,301.2343139648437,0.0044879661872982,6.656072381265778,265.646385644532,105,0.8660254037844387,-0.4999999999999998,1.0,6.123233995736766e-17,2,293.09309186094026
2026,4,15,6,925.0,19.25,73.0,768.6299662569533,299.9042358398437,0.0088309990242123,13.062811728701655,293.5157456105071,105,0.8660254037844387,-0.4999999999999998,1.0,6.123233995736766e-17,2,308.0667949283232
2026,4,15,6,925.0,19.0,72.5,769.5094714906467,301.4511108398437,0.0035438283812254,5.258837117843159,259.7005285829472,105,0.8660254037844387,-0.4999999999999998,1.0,6.123233995736766e-17,2,289.7426459572025
2026,4,15,6,925.0,19.0,72.75,769.0505991948066,301.8124389648437,0.0035290464293211,5.236948496658605,259.2741754273664,105,0.8660254037844387,-0.4999999999999998,1.0,6.123233995736766e-17,2,291.89327505422233
2026,4,15,6,925.0,19.0,73.0,768.9486275735088,300.2147827148437,0.0076122032478451,11.268270959568948,285.72941274048986,105,0.8660254037844387,-0.4999999999999998,1.0,6.123233995736766e-17,2,303.61305640340714
2026,4,15,6,925.0,18.75,72.5,769.9301044285,301.4530639648437,0.0036048635374754,5.34921178566576,260.069656774902,105,0.8660254037844387,-0.4999999999999998,1.0,6.123233995736766e-17,2,288.9684486785917
2026,4,15,6,925.0,18.75,72.75,769.3310211533756,301.9315795898437,0.0036949857603758,5.482643400313139,260.16869069168786,105,0.8660254037844387,-0.4999999999999998,1.0,6.123233995736766e-17,2,291.48628944833445
2026,4,15,6,925.0,18.75,73.0,769.6624289225933,300.1268920898437,0.0081200348213315,12.01631775962798,288.9243650723385,105,0.8660254037844387,-0.4999999999999998,1.0,6.123233995736766e-17,2,304.52754592758623
2026,4,15,6,850.0,19.25,72.5,1513.1146658135042,298.095947265625,0.0023724660277366,3.2374482401621982,234.86041531003025,105,0.8660254037844387,-0.4999999999999998,1.0,6.123233995736766e-17,2,253.87424026355865
2026,4,15,6,850.0,19.25,72.75,1512.885229665584,298.195556640625,0.0022356137633323,3.0509541052197724,233.9951275313507,105,0.8660254037844387,-0.4999999999999998,1.0,6.123233995736766e-17,2,258.52757995435866
2026,4,15,6,850.0,19.25,73.0,1512.6303006123396,298.230712890625,0.0021531209349632,2.938522814489741,233.49452464160723,105,0.8660254037844387,-0.4999999999999998,1.0,6.123233995736766e-17,2,262.3050236491764
2026,4,15,6,850.0,19.0,72.5,1513.5990310146688,298.312744140625,0.0020806416869163,2.839729961086906,233.01284335174483,105,0.8660254037844387,-0.4999999999999998,1.0,6.123233995736766e-17,2,252.92699892699457
2026,4,15,6,850.0,19.0,72.75,1513.369594866749,298.468994140625,0.0020410642027854,2.785780194392479,232.65874062123348,105,0.8660254037844387,-0.4999999999999998,1.0,6.123233995736766e-17,2,257.35944912522416
2026,4,15,6,850.0,19.0,73.0,1513.446073582722,298.599853515625,0.0019452199339866,2.655120019879937,232.00506585109585,105,0.8660254037844387,-0.4999999999999998,1.0,6.123233995736766e-17,2,261.46934885639496
2026,4,15,6,850.0,18.75,72.5,1514.1343820264822,298.498291015625,0.0020653828978538,2.818930358050176,232.7735358943904,105,0.8660254037844387,-0.4999999999999998,1.0,6.123233995736766e-17,2,252.82288057676968
2026,4,15,6,850.0,18.75,72.75,1513.8794529732377,298.728759765625,0.0019933804869651,2.720777032711362,232.17459369029572,105,0.8660254037844387,-0.4999999999999998,1.0,6.123233995736766e-17,2,257.3916230586161
2026,4,15,6,850.0,18.75,73.0,1514.1088891211575,298.814697265625,0.0021707639098167,2.962569759498152,233.11461414476645,105,0.8660254037844387,-0.4999999999999998,1.0,6.123233995736766e-17,2,261.14936086160264
2026,4,15,12,1000.0,19.25,72.5,52.39429366807218,300.81573486328125,0.0171455852687358,27.28099086003774,370.4174077301659,105,0.8660254037844387,-0.4999999999999998,1.2246467991473532e-16,-1.0,2,360.6916991041357
2026,4,15,12,1000.0,19.25,72.75,51.88443556158322,301.65167236328125,0.015730332583189,25.05045169005356,359.9367531985827,105,0.8660254037844387,-0.4999999999999998,1.2246467991473532e-16,-1.0,2,357.4374701922797
2026,4,15,12,1000.0,19.25,73.0,48.927258543947225,304.56964111328125,0.0133161060512065,21.236674442739552,340.1787052951263,105,0.8660254037844387,-0.4999999999999998,1.2246467991473532e-16,-1.0,2,336.6788720068003
2026,4,15,12,1000.0,19.0,72.5,53.22281309111675,300.90362548828125,0.0172185413539409,27.395871937894817,370.7496393869375,105,0.8660254037844387,-0.4999999999999998,1.2246467991473532e-16,-1.0,2,363.6119415414067
2026,4,15,12,1000.0,19.0,72.75,52.76394079527668,301.13800048828125,0.0170926563441753,27.19763945378305,369.55794981701615,105,0.8660254037844387,-0.4999999999999998,1.2246467991473532e-16,-1.0,2,363.5611188883476
2026,4,15,12,1000.0,19.0,73.0,50.64802965334748,303.53057861328125,0.0153135769069194,24.39289047922921,354.4147748834192,105,0.8660254037844387,-0.4999999999999998,1.2246467991473532e-16,-1.0,2,350.07566457256803
2026,4,15,12,1000.0,18.75,72.5,54.26802220941912,301.04425048828125,0.0171675197780132,27.315531328961235,370.19309721834384,105,0.8660254037844387,-0.4999999999999998,1.2246467991473532e-16,-1.0,2,365.30666292937093
2026,4,15,12,1000.0,18.75,72.75,53.64344602897014,300.80010986328125,0.0173944942653179,27.672896594494272,372.0580929181969,105,0.8660254037844387,-0.4999999999999998,1.2246467991473532e-16,-1.0,2,365.7207504798997
2026,4,15,12,1000.0,18.75,73.0,52.73844788995223,302.57354736328125,0.0157942287623882,25.15123854251357,358.938825628058,105,0.8660254037844387,-0.4999999999999998,1.2246467991473532e-16,-1.0,2,355.0470552294129
2026,4,15,12,925.0,19.25,72.5,743.3504644329358,302.3065795898437,0.0015663644298911,2.327185216132996,246.9393490813684,105,0.8660254037844387,-0.4999999999999998,1.2246467991473532e-16,-1.0,2,271.6016423672091
2026,4,15,12,925.0,19.25,72.75,743.5799005808559,302.6034545898437,0.0015105744823813,2.2443727744939364,246.3504437980976,105,0.8660254037844387,-0.4999999999999998,1.2246467991473532e-16,-1.0,2,277.82194516656625
2026,4,15,12,925.0,19.25,73.0,743.4524360542337,302.6288452148437,0.0038718720898032,5.744492331072122,260.5841342714624,105,0.8660254037844387,-0.4999999999999998,1.2246467991473532e-16,-1.0,2,289.93859071153736
2026,4,15,12,925.0,19.0,72.5,744.0005335187093,302.2323608398437,0.0017942925915122,2.66545469811133,248.3836281006197,105,0.8660254037844387,-0.4999999999999998,1.2246467991473532e-16,-1.0,2,271.4278887971139
2026,4,15,12,925.0,19.0,72.75,744.1025051400071,302.5409545898437,0.0019125482067465,2.840921649821844,248.8342335258465,105,0.8660254037844387,-0.4999999999999998,1.2246467991473532e-16,-1.0,2,277.02502385163774
2026,4,15,12,925.0,19.0,73.0,744.268209024616,302.4491577148437,0.00431056227535,6.393653269706277,263.3998726821282,105,0.8660254037844387,-0.4999999999999998,1.2246467991473532e-16,-1.0,2,289.10672461341375
2026,4,15,12,925.0,18.75,72.5,744.663349057145,302.1288452148437,0.0019416352733969,2.8840769996826823,249.36580432784308,105,0.8660254037844387,-0.4999999999999998,1.2246467991473532e-16,-1.0,2,271.295378332493
2026,4,15,12,925.0,18.75,72.75,744.8417993944161,302.3905639648437,0.0021686097607016,3.2207778873498505,250.513249260082,105,0.8660254037844387,-0.4999999999999998,1.2246467991473532e-16,-1.0,2,276.7249964237677
2026,4,15,12,925.0,18.75,73.0,745.0967284476606,302.0018920898437,0.0045871278271079,6.802729507910893,265.50162820201945,105,0.8660254037844387,-0.4999999999999998,1.2246467991473532e-16,-1.0,2,289.14703290745007
2026,4,15,12,850.0,19.25,72.5,1489.344523231685,298.9047241210937,0.0024580499157309,3.354061135671663,234.675103014912,105,0.8660254037844387,-0.4999999999999998,1.2246467991473532e-16,-1.0,2,255.67373146550153
2026,4,15,12,850.0,19.25,72.75,1489.586705832267,298.9691772460937,0.0022186776623129,3.0278724388955176,233.260283267402,105,0.8660254037844387,-0.4999999999999998,1.2246467991473532e-16,-1.0,2,261.80000677601674
2026,4,15,12,850.0,19.25,73.0,1489.6631845482402,298.8969116210937,0.0020212670788168,2.758792912762125,232.19630373520212,105,0.8660254037844387,-0.4999999999999998,1.2246467991473532e-16,-1.0,2,268.76489536017357
2026,4,15,12,850.0,19.0,72.5,1489.9181136014847,299.0277709960937,0.0020942231640219,2.8582428579146737,232.50450181079367,105,0.8660254037844387,-0.4999999999999998,1.2246467991473532e-16,-1.0,2,254.974202305534
2026,4,15,12,850.0,19.0,72.75,1490.0583245807693,299.1332397460937,0.002019359730184,2.756192796052057,231.9929273963508,105,0.8660254037844387,-0.4999999999999998,1.2246467991473532e-16,-1.0,2,261.0799306202632
2026,4,15,12,850.0,19.0,73.0,1490.3642394446626,299.0160522460937,0.0018615266308188,2.5410122748438724,231.19066978714548,105,0.8660254037844387,-0.4999999999999998,1.2246467991473532e-16,-1.0,2,268.419926455928
2026,4,15,12,850.0,18.75,72.5,1490.542689781934,299.0902709960937,0.0020432015880942,2.788693822221557,232.16342680391185,105,0.8660254037844387,-0.4999999999999998,1.2246467991473532e-16,-1.0,2,254.96152963445653
2026,4,15,12,850.0,18.75,72.75,1490.6319149505694,299.2543334960937,0.001923038624227,2.6248790730240503,231.3474659090714,105,0.8660254037844387,-0.4999999999999998,1.2246467991473532e-16,-1.0,2,261.34234906129666
2026,4,15,12,850.0,18.75,73.0,1490.9633227197871,299.0785522460937,0.0022763749584555,3.1065042793816056,233.49825569881253,105,0.8660254037844387,-0.4999999999999998,1.2246467991473532e-16,-1.0,2,268.56678920000047
2026,4,15,18,1000.0,19.25,72.5,75.8501565264387,300.2314147949219,0.0171225704252719,27.244748199359844,371.2076358209556,105,0.8660254037844387,-0.4999999999999998,-1.0,-1.8369701987210294e-16,2,368.84732375305697
2026,4,15,18,1000.0,19.25,72.75,76.33452172760322,299.7704772949219,0.0181444324553012,28.85296088192148,378.6273961244671,105,0.8660254037844387,-0.4999999999999998,-1.0,-1.8369701987210294e-16,2,364.4559137420171
2026,4,15,18,1000.0,19.25,73.0,76.8061404761055,299.5009460449219,0.0180166400969028,28.65194858396084,378.2401486405428,105,0.8660254037844387,-0.4999999999999998,-1.0,-1.8369701987210294e-16,2,352.0540853384039
2026,4,15,18,1000.0,19.0,72.5,76.7551546654566,300.1786804199219,0.0171359218657016,27.265773523222467,371.3796922245379,105,0.8660254037844387,-0.4999999999999998,-1.0,-1.8369701987210294e-16,2,369.2197034673643
2026,4,15,18,1000.0,19.0,72.75,76.93360500272775,300.0458679199219,0.017284695059061,27.500032860489284,372.5646396076576,105,0.8660254037844387,-0.4999999999999998,-1.0,-1.8369701987210294e-16,2,367.10060481538625
2026,4,15,18,1000.0,19.0,73.0,77.0738159820122,299.6708679199219,0.0173886455595493,27.663689188071555,373.8533689016331,105,0.8660254037844387,-0.4999999999999998,-1.0,-1.8369701987210294e-16,2,355.1112951075849
2026,4,15,18,1000.0,18.75,72.5,77.72388506778564,300.2079772949219,0.0170434154570102,27.12009112932209,370.72950002717135,105,0.8660254037844387,-0.4999999999999998,-1.0,-1.8369701987210294e-16,2,369.8431809696149
2026,4,15,18,1000.0,18.75,72.75,77.44346310921671,300.1435241699219,0.0172856487333774,27.50153438768948,372.412577857049,105,0.8660254037844387,-0.4999999999999998,-1.0,-1.8369701987210294e-16,2,368.7047070274435
2026,4,15,18,1000.0,18.75,73.0,77.6474063518123,299.5732116699219,0.0173166431486606,27.55033308409839,373.5415703980838,105,0.8660254037844387,-0.4999999999999998,-1.0,-1.8369701987210294e-16,2,360.19106958806844
2026,4,15,18,925.0,19.25,72.5,764.2429459537661,301.8114624023437,0.0007951420266181,1.1819150062554211,242.6703537538196,105,0.8660254037844387,-0.4999999999999998,-1.0,-1.8369701987210294e-16,2,270.45991397899854
2026,4,15,18,925.0,19.25,72.75,764.4213962910372,301.5087280273437,0.00069643673487,1.0352595570447658,242.3171371325797,105,0.8660254037844387,-0.4999999999999998,-1.0,-1.8369701987210294e-16,2,273.33909631638795
2026,4,15,18,925.0,19.25,73.0,764.293931764415,300.9520874023437,0.0011913937050849,1.7704852810071834,245.80105090824537,105,0.8660254037844387,-0.4999999999999998,-1.0,-1.8369701987210294e-16,2,275.3332968143395
2026,4,15,18,925.0,19.0,72.5,765.033226018824,301.7606811523437,0.0008413952309638,1.250631557121881,242.99348395744963,105,0.8660254037844387,-0.4999999999999998,-1.0,-1.8369701987210294e-16,2,270.44422430493216
2026,4,15,18,925.0,19.0,72.75,764.9822402081751,301.4364624023437,0.0007341068703681,1.091231586208964,242.60601557545056,105,0.8660254037844387,-0.4999999999999998,-1.0,-1.8369701987210294e-16,2,273.11326994201164
2026,4,15,18,925.0,19.0,73.0,764.7655505129173,300.9950561523437,0.0010926884133368,1.6239004061909743,245.16141791629835,105,0.8660254037844387,-0.4999999999999998,-1.0,-1.8369701987210294e-16,2,276.2665863201323
2026,4,15,18,925.0,18.75,72.5,765.7087880099219,301.5848999023437,0.0008838337380439,1.313677367092845,243.3966531544376,105,0.8660254037844387,-0.4999999999999998,-1.0,-1.8369701987210294e-16,2,270.1898843692574
2026,4,15,18,925.0,18.75,72.75,765.4793518620019,301.4911499023437,0.0007717770058661,1.1472010538634965,242.790870346787,105,0.8660254037844387,-0.4999999999999998,-1.0,-1.8369701987210294e-16,2,272.950447508818
2026,4,15,18,925.0,18.75,73.0,765.147944092784,301.0126342773437,0.0011017483193427,1.6373557890422548,245.2021014324848,105,0.8660254037844387,-0.4999999999999998,-1.0,-1.8369701987210294e-16,2,277.1242246183581
2026,4,15,18,850.0,19.25,72.5,1508.28017531471,297.7362365722656,0.0038227920886129,5.211964479636909,243.46878520068967,105,0.8660254037844387,-0.4999999999999998,-1.0,-1.8369701987210294e-16,2,254.67178170345562
2026,4,15,18,850.0,19.25,72.75,1508.0379927141278,297.6971740722656,0.0038237457629293,5.213261697235935,243.5090698254624,105,0.8660254037844387,-0.4999999999999998,-1.0,-1.8369701987210294e-16,2,263.19370589054523
2026,4,15,18,850.0,19.25,73.0,1507.4134165336789,297.6620178222656,0.0039234049618244,5.348812984078694,244.1110664664528,105,0.8660254037844387,-0.4999999999999998,-1.0,-1.8369701987210294e-16,2,272.1403198640219
2026,4,15,18,850.0,19.0,72.5,1508.7645405158746,297.6542053222656,0.0035080795641988,4.783800725276535,241.73934830818453,105,0.8660254037844387,-0.4999999999999998,-1.0,-1.8369701987210294e-16,2,254.38997458589253
2026,4,15,18,850.0,19.0,72.75,1508.331161125359,297.6073303222656,0.0035939102526754,4.900588865324255,242.27243243087352,105,0.8660254037844387,-0.4999999999999998,-1.0,-1.8369701987210294e-16,2,262.91752000470433
2026,4,15,18,850.0,19.0,73.0,1507.93602109283,297.7518615722656,0.0033755188342183,4.603404041099125,240.8944830228943,105,0.8660254037844387,-0.4999999999999998,-1.0,-1.8369701987210294e-16,2,272.1680443318763
2026,4,15,18,850.0,18.75,72.5,1509.2234128117143,297.6424865722656,0.0033006554003804,4.501512521532632,240.56112473937452,105,0.8660254037844387,-0.4999999999999998,-1.0,-1.8369701987210294e-16,2,254.44776374888218
2026,4,15,18,850.0,18.75,72.75,1508.6498224419145,297.6913146972656,0.0031680946704,4.321070443839161,239.7590825832884,105,0.8660254037844387,-0.4999999999999998,-1.0,-1.8369701987210294e-16,2,263.43139692506816
2026,4,15,18,850.0,18.75,73.0,1508.3184146726967,297.9667053222656,0.0029468422289937,4.019836291676786,238.25515069479405,105,0.8660254037844387,-0.4999999999999998,-1.0,-1.8369701987210294e-16,2,272.47950125784973
2026,4,25,0,1000.0,19.25,72.5,63.73544992428607,301.9907531738281,0.019993856549263,31.758577895366315,386.85356538592384,115,0.8660254037844387,-0.4999999999999998,0.0,1.0,2,394.57692151496946
2026,4,25,0,1000.0,19.25,72.75,62.89418404857928,301.4048156738281,0.0200725346803665,31.88204545232141,388.3655665199706,115,0.8660254037844387,-0.4999999999999998,0.0,1.0,2,394.60519394677897
2026,4,25,0,1000.0,19.25,73.0,62.40981884741477,301.2680969238281,0.0174484997987747,27.75791249678841,371.6525903923974,115,0.8660254037844387,-0.4999999999999998,0.0,1.0,2,394.03273496246675
2026,4,25,0,1000.0,19.0,72.5,63.65897120831273,301.9087219238281,0.0200811177492141,31.89551393469188,387.5543498101728,115,0.8660254037844387,-0.4999999999999998,0.0,1.0,2,393.2678353802776
2026,4,25,0,1000.0,19.0,72.75,62.613762090010354,301.8364562988281,0.0192633420228958,30.61164311660428,382.4220150510233,115,0.8660254037844387,-0.4999999999999998,0.0,1.0,2,393.0972182093938
2026,4,25,0,1000.0,19.0,73.0,62.10390398352139,301.5747375488281,0.0174747258424758,27.79919573307852,371.32813564937845,115,0.8660254037844387,-0.4999999999999998,0.0,1.0,2,392.52694648829106
2026,4,25,0,1000.0,18.75,72.5,63.58249249233938,301.7641906738281,0.0202136784791946,32.10350953649675,388.65449155235353,115,0.8660254037844387,-0.4999999999999998,0.0,1.0,2,392.8707685507347
2026,4,25,0,1000.0,18.75,72.75,62.205875604819184,301.9497375488281,0.0194440633058547,30.895475898908337,383.3927285154449,115,0.8660254037844387,-0.4999999999999998,0.0,1.0,2,392.6310203245371
2026,4,25,0,1000.0,18.75,73.0,62.12939688884584,302.5669250488281,0.0175977498292922,27.992834262416626,370.5267826259769,115,0.8660254037844387,-0.4999999999999998,0.0,1.0,2,391.80945193921747
2026,4,25,0,925.0,19.25,72.5,759.7606757914273,303.7386474609375,0.0076003819704055,11.25085249057556,281.80930795780904,115,0.8660254037844387,-0.4999999999999998,0.0,1.0,2,272.8490733327895
2026,4,25,0,925.0,19.25,72.75,759.3272964009117,304.1331787109375,0.007308080792427,10.82007198716394,279.6476545802444,115,0.8660254037844387,-0.4999999999999998,0.0,1.0,2,277.9727930730108
2026,4,25,0,925.0,19.25,73.0,759.0978602529916,303.9066162109375,0.0065265446901321,9.667530086797044,275.2340535435287,115,0.8660254037844387,-0.4999999999999998,0.0,1.0,2,290.91301166630944
2026,4,25,0,925.0,19.0,72.5,759.633211264805,303.9066162109375,0.0077210217714309,11.428601666031575,282.3462792437917,115,0.8660254037844387,-0.4999999999999998,0.0,1.0,2,273.24009411256844
2026,4,25,0,925.0,19.0,72.75,759.3018034955873,303.8460693359375,0.0069504529237747,10.29280860902352,277.822923402593,115,0.8660254037844387,-0.4999999999999998,0.0,1.0,2,278.162219773988
2026,4,25,0,925.0,19.0,73.0,759.174338968965,303.8187255859375,0.0059796124696731,8.86031290460048,272.06307658138223,115,0.8660254037844387,-0.4999999999999998,0.0,1.0,2,290.3617341157063
2026,4,25,0,925.0,18.75,72.5,759.4037751168851,303.7288818359375,0.0075231343507766,11.13702318788101,281.3595846594009,115,0.8660254037844387,-0.4999999999999998,0.0,1.0,2,274.1604211742113
2026,4,25,0,925.0,18.75,72.75,759.2508176849383,303.7366943359375,0.0064545422792434,9.561292291001642,274.9803545015008,115,0.8660254037844387,-0.4999999999999998,0.0,1.0,2,278.6708270414438
2026,4,25,0,925.0,18.75,73.0,759.0213815370183,303.9515380859375,0.0054922848939895,8.140615639205494,269.022865327527,115,0.8660254037844387,-0.4999999999999998,0.0,1.0,2,290.59739527540097
2026,4,25,0,850.0,19.25,72.5,1508.522756241938,298.68487548828125,0.0049269571900367,6.712880404209199,248.9014458368576,115,0.8660254037844387,-0.4999999999999998,0.0,1.0,2,256.6557608689166
2026,4,25,0,850.0,19.25,72.75,1508.293320094018,298.63214111328125,0.0051134005188941,6.966118763916201,250.00952443697744,115,0.8660254037844387,-0.4999999999999998,0.0,1.0,2,257.7645271886549
2026,4,25,0,850.0,19.25,73.0,1507.9364194194757,298.75909423828125,0.0047829523682594,6.51724537006672,248.015094326574,115,0.8660254037844387,-0.4999999999999998,0.0,1.0,2,257.7917861870544
2026,4,25,0,850.0,19.0,72.5,1508.3697988099914,298.65948486328125,0.0051596537232398,7.028933746135486,250.2466429796251,115,0.8660254037844387,-0.4999999999999998,0.0,1.0,2,255.75575737922244
2026,4,25,0,850.0,19.0,72.75,1508.1148697567469,298.64776611328125,0.0050628557801246,6.897471561869289,249.7078331307676,115,0.8660254037844387,-0.4999999999999998,0.0,1.0,2,256.75186070905323
2026,4,25,0,850.0,19.0,73.0,1507.834447798178,298.76104736328125,0.0047376528382301,6.455697488523398,247.75609310765344,115,0.8660254037844387,-0.4999999999999998,0.0,1.0,2,257.28754585324236
2026,4,25,0,850.0,18.75,72.5,1508.1658555673955,298.69854736328125,0.0052478685975074,7.1487257574447005,250.7108804964307,115,0.8660254037844387,-0.4999999999999998,0.0,1.0,2,255.62389906197603
2026,4,25,0,850.0,18.75,72.75,1507.8599407035024,298.67510986328125,0.0050385370850563,6.8644416930085725,249.5442241488264,115,0.8660254037844387,-0.4999999999999998,0.0,1.0,2,256.4860967617975
2026,4,25,0,850.0,18.75,73.0,1507.6559974609067,298.79425048828125,0.0047133341431617,6.422654600288389,247.58751211779293,115,0.8660254037844387,-0.4999999999999998,0.0,1.0,2,257.16266788400185
2026,4,25,6,1000.0,19.25,72.5,84.5962146859529,301.65283203125,0.0196049846708774,31.148159957948305,384.9304074668312,115,0.8660254037844387,-0.4999999999999998,1.0,6.123233995736766e-17,2,376.0768106700635
2026,4,25,6,1000.0,19.25,72.75,82.27636030142811,305.03173828125,0.0169752277433872,27.01269630461709,362.6893464514724,115,0.8660254037844387,-0.4999999999999998,1.0,6.123233995736766e-17,2,364.2496647737966
2026,4,25,6,1000.0,19.25,73.0,79.29369037846767,309.13134765625,0.0131605304777622,20.99052942111582,332.9565806063102,115,0.8660254037844387,-0.4999999999999998,1.0,6.123233995736766e-17,2,341.0162864148768
2026,4,25,6,1000.0,19.0,72.5,84.34128563270842,301.54150390625,0.0199082531034946,31.624229369887683,387.0726014073412,115,0.8660254037844387,-0.4999999999999998,1.0,6.123233995736766e-17,2,378.7339519802056
2026,4,25,6,1000.0,19.0,72.75,82.58227516532149,303.26611328125,0.0191796459257602,30.48017288203671,379.4979620251023,115,0.8660254037844387,-0.4999999999999998,1.0,6.123233995736766e-17,2,372.46321746943505
2026,4,25,6,1000.0,19.0,73.0,79.54861943171215,307.54931640625,0.014815155416727,23.60604266651936,345.4071409426176,115,0.8660254037844387,-0.4999999999999998,1.0,6.123233995736766e-17,2,356.7786856054134
2026,4,25,6,1000.0,18.75,72.5,84.13734239011283,301.47900390625,0.0203283466398715,32.28340393962018,389.8849191862462,115,0.8660254037844387,-0.4999999999999998,1.0,6.123233995736766e-17,2,379.5078222174582
2026,4,25,6,1000.0,18.75,72.75,82.4293177333748,301.80322265625,0.0200074352324008,31.77988740463205,387.26196801811113,115,0.8660254037844387,-0.4999999999999998,1.0,6.123233995736766e-17,2,376.3399905331231
2026,4,25,6,1000.0,18.75,73.0,79.16622585184544,306.57470703125,0.014744583517313,23.49459407013251,346.3597820195131,115,0.8660254037844387,-0.4999999999999998,1.0,6.123233995736766e-17,2,358.4332970655585
2026,4,25,6,925.0,19.25,72.5,782.8376304280769,304.8973388671875,0.0052903331816196,7.842243886823484,266.88953121874107,115,0.8660254037844387,-0.4999999999999998,1.0,6.123233995736766e-17,2,272.6372340133662
2026,4,25,6,925.0,19.25,72.75,781.9963645523701,304.9207763671875,0.0056436695158481,8.364229633262596,268.9606793703441,115,0.8660254037844387,-0.4999999999999998,1.0,6.123233995736766e-17,2,282.52445821435873
2026,4,25,6,925.0,19.25,73.0,781.0403806027033,304.3055419921875,0.007096592336893,10.50829467216104,278.2087197134321,115,0.8660254037844387,-0.4999999999999998,1.0,6.123233995736766e-17,2,308.16712363828987
2026,4,25,6,925.0,19.0,72.5,782.6591800908058,304.7938232421875,0.0054271854460239,8.044443014471755,267.8027138602995,115,0.8660254037844387,-0.4999999999999998,1.0,6.123233995736766e-17,2,272.51358406237426
2026,4,25,6,925.0,19.0,72.75,781.6522103304901,305.1239013671875,0.0054639019072055,8.098685857678444,267.695425742278,115,0.8660254037844387,-0.4999999999999998,1.0,6.123233995736766e-17,2,280.8944807479782
2026,4,25,6,925.0,19.0,73.0,780.8109444547832,304.6610107421875,0.0060418285429477,8.952164547692604,271.5813172797096,115,0.8660254037844387,-0.4999999999999998,1.0,6.123233995736766e-17,2,305.1870075762456
2026,4,25,6,925.0,18.75,72.5,782.3787581322368,304.8797607421875,0.0055215992033481,8.18391973691414,268.2778231700396,115,0.8660254037844387,-0.4999999999999998,1.0,6.123233995736766e-17,2,273.30729112828385
2026,4,25,6,925.0,18.75,72.75,781.5119993512056,305.1531982421875,0.0053985752165317,8.002174191396385,267.2800183236296,115,0.8660254037844387,-0.4999999999999998,1.0,6.123233995736766e-17,2,281.21627799088617
2026,4,25,6,925.0,18.75,73.0,780.7727050967966,304.5399169921875,0.006946388632059,10.286815168851994,277.0713129813888,115,0.8660254037844387,-0.4999999999999998,1.0,6.123233995736766e-17,2,307.29996865737536
2026,4,25,6,850.0,19.25,72.5,1532.743406260038,299.1558837890625,0.0040157474577426,5.4743978504253885,243.30361161029973,115,0.8660254037844387,-0.4999999999999998,1.0,6.123233995736766e-17,2,263.93512220027094
2026,4,25,6,850.0,19.25,72.75,1532.2080552482246,299.2711181640625,0.0043957866728305,5.991099384341674,245.3530299580599,115,0.8660254037844387,-0.4999999999999998,1.0,6.123233995736766e-17,2,264.6515355538807
2026,4,25,6,850.0,19.25,73.0,1531.8511545736822,299.5562744140625,0.0046466030180454,6.331979061700474,246.51268784450087,115,0.8660254037844387,-0.4999999999999998,1.0,6.123233995736766e-17,2,264.4359740789181
2026,4,25,6,850.0,19.0,72.5,1532.5649559227668,299.1656494140625,0.0041683353483676,5.681885037400743,244.15964701684487,115,0.8660254037844387,-0.4999999999999998,1.0,6.123233995736766e-17,2,262.4659705705481
2026,4,25,6,850.0,19.0,72.75,1531.9276332896557,299.2808837890625,0.0045760311186313,6.2360766256160725,246.3643894430484,115,0.8660254037844387,-0.4999999999999998,1.0,6.123233995736766e-17,2,263.0673121711559
2026,4,25,6,850.0,19.0,73.0,1531.5962255204377,299.4859619140625,0.0049155391752719,6.697369921777099,248.0962893102712,115,0.8660254037844387,-0.4999999999999998,1.0,6.123233995736766e-17,2,262.8593828747763
2026,4,25,6,850.0,18.75,72.5,1532.4374913961449,299.1597900390625,0.0044429935514926,6.055265263762743,245.7210510189809,115,0.8660254037844387,-0.4999999999999998,1.0,6.123233995736766e-17,2,261.0488625869346
2026,4,25,6,850.0,18.75,72.75,1531.8511545736822,299.2711181640625,0.0047944225370883,6.53282920298841,247.60914873748987,115,0.8660254037844387,-0.4999999999999998,1.0,6.123233995736766e-17,2,261.50562269586607
2026,4,25,6,850.0,18.75,73.0,1531.3667893725178,299.4859619140625,0.004749123007059,6.471282177014477,247.15606188829423,115,0.8660254037844387,-0.4999999999999998,1.0,6.123233995736766e-17,2,261.3265303073384
2026,4,25,12,1000.0,19.25,72.5,50.91490850596279,301.7803955078125,0.0175183601677417,27.86787900489973,371.27874304538193,115,0.8660254037844387,-0.4999999999999998,1.2246467991473532e-16,-1.0,2,367.1152188293104
2026,4,25,12,1000.0,19.25,72.75,49.0156870592914,304.0635986328125,0.0165313072502613,26.3133114649946,361.3684382056725,115,0.8660254037844387,-0.4999999999999998,1.2246467991473532e-16,-1.0,2,363.04630702610723
2026,4,25,12,1000.0,19.25,73.0,45.39569450321976,308.4581298828125,0.0139516182243824,22.2416753076106,338.7673070954464,115,0.8660254037844387,-0.4999999999999998,1.2246467991473532e-16,-1.0,2,340.5463615134355
2026,4,25,12,1000.0,19.0,72.5,50.23934651486491,301.9483642578125,0.0171511955559253,27.28982551644398,368.6438562059836,115,0.8660254037844387,-0.4999999999999998,1.2246467991473532e-16,-1.0,2,368.6459593711349
2026,4,25,12,1000.0,19.0,72.75,48.556814763451335,302.9093017578125,0.0179947204887866,28.61746680902833,372.5184748217212,115,0.8660254037844387,-0.4999999999999998,1.2246467991473532e-16,-1.0,2,368.1510980224322
2026,4,25,12,1000.0,19.0,73.0,46.27519973691322,306.9112548828125,0.0161193199455738,25.66390216695048,354.46806739537567,115,0.8660254037844387,-0.4999999999999998,1.2246467991473532e-16,-1.0,2,360.6488165155211
2026,4,25,12,1000.0,18.75,72.5,50.18836070421602,302.1885986328125,0.0169609375298023,26.990188274350537,367.03819779733743,115,0.8660254037844387,-0.4999999999999998,1.2246467991473532e-16,-1.0,2,370.4419920407003
2026,4,25,12,1000.0,18.75,72.75,48.26364635222018,302.0538330078125,0.0180228538811206,28.661723333771985,374.084861852336,115,0.8660254037844387,-0.4999999999999998,1.2246467991473532e-16,-1.0,2,370.793630175738
2026,4,25,12,1000.0,18.75,73.0,47.25667659190447,305.5635986328125,0.0164287872612476,26.151740863189623,358.4304658027591,115,0.8660254037844387,-0.4999999999999998,1.2246467991473532e-16,-1.0,2,364.67630534213396
2026,4,25,12,925.0,19.25,72.5,753.3257088302325,306.2813720703125,0.0031021435279399,4.604635563454666,252.66859424406272,115,0.8660254037844387,-0.4999999999999998,1.2246467991473532e-16,-1.0,2,280.2747528582597
2026,4,25,12,925.0,19.25,72.75,751.5539519101834,306.5977783203125,0.0029924709815531,4.442139732591319,251.7441850766579,115,0.8660254037844387,-0.4999999999999998,1.2246467991473532e-16,-1.0,2,284.8925158633309
2026,4,25,12,925.0,19.25,73.0,750.2920530966232,306.7637939453125,0.0047362642362713,7.023264650313571,261.8292126374975,115,0.8660254037844387,-0.4999999999999998,1.2246467991473532e-16,-1.0,2,290.6398372354264
2026,4,25,12,925.0,19.0,72.5,752.6501468391347,306.3516845703125,0.0031870205421,4.730378366749935,253.10615004555663,115,0.8660254037844387,-0.4999999999999998,1.2246467991473532e-16,-1.0,2,278.94775485578623
2026,4,25,12,925.0,19.0,72.75,751.069586709019,306.5606689453125,0.0031679470557719,4.702122684837081,252.808652954021,115,0.8660254037844387,-0.4999999999999998,1.2246467991473532e-16,-1.0,2,283.15138901492463
2026,4,25,12,925.0,19.0,73.0,750.5852215078544,306.4981689453125,0.0050972299650311,7.556876982011881,264.1990183003575,115,0.8660254037844387,-0.4999999999999998,1.2246467991473532e-16,-1.0,2,290.0624508574673
2026,4,25,12,925.0,18.75,72.5,752.3569784279035,306.3966064453125,0.0032523472327739,4.827149123328835,253.45077531626671,115,0.8660254037844387,-0.4999999999999998,1.2246467991473532e-16,-1.0,2,278.3625428279789
2026,4,25,12,925.0,18.75,72.75,751.0313473510322,306.4434814453125,0.0035780270118266,5.309475804908144,255.324869385594,115,0.8660254037844387,-0.4999999999999998,1.2246467991473532e-16,-1.0,2,282.63059795543796
2026,4,25,12,925.0,18.75,73.0,750.1900814753254,306.2637939453125,0.0053108530119061,7.8725640586306,265.67955939966777,115,0.8660254037844387,-0.4999999999999998,1.2246467991473532e-16,-1.0,2,291.20377265300255
2026,4,25,12,850.0,19.25,72.5,1506.0001535947547,300.3831787109375,0.0048730969429016,6.639713578111476,247.03396076259628,115,0.8660254037844387,-0.4999999999999998,1.2246467991473532e-16,-1.0,2,262.9411187176896
2026,4,25,12,850.0,19.25,72.75,1505.0696625504122,300.4886474609375,0.005547821521759,7.555953185480144,250.72258760650308,115,0.8660254037844387,-0.4999999999999998,1.2246467991473532e-16,-1.0,2,262.8343069246626
2026,4,25,12,850.0,19.25,73.0,1504.48332572795,300.3616943359375,0.006277859210968,8.546461916591198,254.93698603773328,115,0.8660254037844387,-0.4999999999999998,1.2246467991473532e-16,-1.0,2,262.6913339471569
2026,4,25,12,850.0,19.0,72.5,1505.4775490356035,300.4398193359375,0.0049765706062316,6.780273868005452,247.56305484751348,115,0.8660254037844387,-0.4999999999999998,1.2246467991473532e-16,-1.0,2,263.1917428110144
2026,4,25,12,850.0,19.0,72.75,1504.585297349248,300.4749755859375,0.0054424405097961,7.4129008016961775,250.14441623607004,115,0.8660254037844387,-0.4999999999999998,1.2246467991473532e-16,-1.0,2,263.1086129842877
2026,4,25,12,850.0,19.0,73.0,1504.3431147486656,300.2542724609375,0.0062354207038879,8.488905692514713,254.80270637745937,115,0.8660254037844387,-0.4999999999999998,1.2246467991473532e-16,-1.0,2,262.93029045966625
2026,4,25,12,850.0,18.75,72.5,1505.388323866968,300.4261474609375,0.0052626729011535,7.168828111495098,249.18137238741264,115,0.8660254037844387,-0.4999999999999998,1.2246467991473532e-16,-1.0,2,263.1502107855518
2026,4,25,12,850.0,18.75,72.75,1504.4705792752875,300.3499755859375,0.0059192776679992,8.060051058955132,252.9371040826884,115,0.8660254037844387,-0.4999999999999998,1.2246467991473532e-16,-1.0,2,262.86771468513217
2026,4,25,12,850.0,18.75,73.0,1503.8205101895144,300.1781005859375,0.006590187549591,8.969958897468889,256.86761191440064,115,0.8660254037844387,-0.4999999999999998,1.2246467991473532e-16,-1.0,2,262.73354007676045
2026,4,25,18,1000.0,19.25,72.5,69.28254679222773,302.33349609375,0.0179523713886737,28.55084478962224,373.178073626765,115,0.8660254037844387,-0.4999999999999998,-1.0,-1.8369701987210294e-16,2,376.03009919566574
2026,4,25,18,1000.0,19.25,72.75,71.0670501649391,302.26904296875,0.017107892781496,27.2216340329058,367.8560509951003,115,0.8660254037844387,-0.4999999999999998,-1.0,-1.8369701987210294e-16,2,369.52945421991916
2026,4,25,18,1000.0,19.25,73.0,70.92683918565464,302.95458984375,0.0142297036945819,22.68119843958169,348.32040154660626,115,0.8660254037844387,-0.4999999999999998,-1.0,-1.8369701987210294e-16,2,361.26985122752814
2026,4,25,18,1000.0,19.0,72.5,71.28373986019692,302.27294921875,0.0178231485188007,28.347535237625223,372.44618418833454,115,0.8660254037844387,-0.4999999999999998,-1.0,-1.8369701987210294e-16,2,377.3884746633563
2026,4,25,18,1000.0,19.0,72.75,72.50739931577043,302.51318359375,0.0168546922504901,26.822832808060387,365.8440994031104,115,0.8660254037844387,-0.4999999999999998,-1.0,-1.8369701987210294e-16,2,372.9770540081585
2026,4,25,18,1000.0,19.0,73.0,71.74261215603698,303.71240234375,0.0146831758320331,23.397610080054733,350.11884939558047,115,0.8660254037844387,-0.4999999999999998,-1.0,-1.8369701987210294e-16,2,363.1003990692284
2026,4,25,18,1000.0,18.75,72.5,73.90950910861508,302.19482421875,0.0175308473408222,27.88753396586793,370.6935389964073,115,0.8660254037844387,-0.4999999999999998,-1.0,-1.8369701987210294e-16,2,377.46764116137496
2026,4,25,18,1000.0,18.75,72.75,73.8712697506284,302.62060546875,0.0166291482746601,26.46748947211537,364.22813607762185,115,0.8660254037844387,-0.4999999999999998,-1.0,-1.8369701987210294e-16,2,375.0295413778711
2026,4,25,18,1000.0,18.75,73.0,72.9662716116105,304.32373046875,0.0152315385639667,24.26341069669544,352.7128732678867,115,0.8660254037844387,-0.4999999999999998,-1.0,-1.8369701987210294e-16,2,366.07083557194477
2026,4,25,18,925.0,19.25,72.5,770.036706597054,306.25927734375,0.0031556391622871,4.683889282881664,253.00331740965905,115,0.8660254037844387,-0.4999999999999998,-1.0,-1.8369701987210294e-16,2,282.6227856688928
2026,4,25,18,925.0,19.25,72.75,770.1131853130274,306.04052734375,0.0028523707296699,4.234529375779297,251.4079252956161,115,0.8660254037844387,-0.4999999999999998,-1.0,-1.8369701987210294e-16,2,283.6593920071897
2026,4,25,18,925.0,19.25,73.0,770.1386782183519,305.88623046875,0.0025791430380195,3.8295399198805646,249.928772663789,115,0.8660254037844387,-0.4999999999999998,-1.0,-1.8369701987210294e-16,2,285.2979171373485
2026,4,25,18,925.0,19.0,72.5,770.9162118307476,306.11865234375,0.0029038691427558,4.31084742978658,251.64323850946985,115,0.8660254037844387,-0.4999999999999998,-1.0,-1.8369701987210294e-16,2,282.49428492765594
2026,4,25,18,925.0,19.0,72.75,771.0181834520454,305.74951171875,0.00257103680633,3.8175224748167977,249.99941010746087,115,0.8660254037844387,-0.4999999999999998,-1.0,-1.8369701987210294e-16,2,283.20490684605255
2026,4,25,18,925.0,19.0,73.0,771.0436763573698,305.68310546875,0.0023788714315742,3.532603713193497,248.91969807162155,115,0.8660254037844387,-0.4999999999999998,-1.0,-1.8369701987210294e-16,2,286.2523084453049
2026,4,25,18,925.0,18.75,72.5,771.9741674017122,305.78662109375,0.0024732851888984,3.6725969168130272,249.38910412991623,115,0.8660254037844387,-0.4999999999999998,-1.0,-1.8369701987210294e-16,2,282.03233126118175
2026,4,25,18,925.0,18.75,72.75,771.9869138543744,305.54248046875,0.0022467875387519,3.336727714224468,248.2581430643353,115,0.8660254037844387,-0.4999999999999998,-1.0,-1.8369701987210294e-16,2,283.0534702267613
2026,4,25,18,925.0,18.75,73.0,771.8594493277521,305.42724609375,0.0023330950643867,3.464722446001395,248.868622404163,115,0.8660254037844387,-0.4999999999999998,-1.0,-1.8369701987210294e-16,2,289.4584997418773
2026,4,25,18,850.0,19.25,72.5,1523.211051301923,300.20751953125,0.0057310350239276,7.8046179784613905,252.0157858078533,115,0.8660254037844387,-0.4999999999999998,-1.0,-1.8369701987210294e-16,2,263.89634770921015
2026,4,25,18,850.0,19.25,72.75,1522.8541506273805,300.29150390625,0.0051860101521015,7.064725986024488,248.8757809439092,115,0.8660254037844387,-0.4999999999999998,-1.0,-1.8369701987210294e-16,2,264.2280652415137
2026,4,25,18,850.0,19.25,73.0,1522.3952783315403,300.26611328125,0.0050935037434101,6.939096513153994,248.3795553670827,115,0.8660254037844387,-0.4999999999999998,-1.0,-1.8369701987210294e-16,2,263.94618818293355
2026,4,25,18,850.0,19.0,72.5,1523.567951976465,300.15283203125,0.0056161172688007,7.648653393689131,251.42186062014463,115,0.8660254037844387,-0.4999999999999998,-1.0,-1.8369701987210294e-16,2,263.51436090402416
2026,4,25,18,850.0,19.0,72.75,1523.0963332279628,300.20361328125,0.0047864206135272,6.521957490495159,246.7107788115941,115,0.8660254037844387,-0.4999999999999998,-1.0,-1.8369701987210294e-16,2,263.6610077872599
2026,4,25,18,850.0,19.0,73.0,1522.6119680267982,300.10595703125,0.0049213655292987,6.70528459607126,247.55909916080927,115,0.8660254037844387,-0.4999999999999998,-1.0,-1.8369701987210294e-16,2,263.2196505407878
2026,4,25,18,850.0,18.75,72.5,1523.9503455563315,300.08447265625,0.0050772912800312,6.917077526440815,248.45608126433973,115,0.8660254037844387,-0.4999999999999998,-1.0,-1.8369701987210294e-16,2,262.514974640003
2026,4,25,18,850.0,18.75,72.75,1523.3257693758828,300.06103515625,0.004539418965578,6.186319955060768,245.45037385131377,115,0.8660254037844387,-0.4999999999999998,-1.0,-1.8369701987210294e-16,2,262.3760932040917
2026,4,25,18,850.0,18.75,73.0,1522.8668970800427,299.94580078125,0.0050324685871601,6.856199253216344,248.33180272568487,115,0.8660254037844387,-0.4999999999999998,-1.0,-1.8369701987210294e-16,2,262.16828153751226
2026,4,30,0,1000.0,19.25,72.5,59.21205253577929,300.6044921875,0.0207054167985916,32.87478686260607,393.84681980259177,120,0.8660254037844387,-0.4999999999999998,0.0,1.0,2,377.7384484968416
2026,4,30,0,1000.0,19.25,72.75,59.93860033752607,300.4013671875,0.0207988768815994,33.02132481702601,394.8106469428884,120,0.8660254037844387,-0.4999999999999998,0.0,1.0,2,376.926471959659
2026,4,30,0,1000.0,19.25,73.0,60.56317651797505,299.3818359375,0.0201022177934646,31.92862336379161,392.07418738747305,120,0.8660254037844387,-0.4999999999999998,0.0,1.0,2,367.31041996874484
2026,4,30,0,1000.0,19.0,72.5,59.989586148174965,300.7119140625,0.0204193145036697,32.426099082458855,391.80690229639697,120,0.8660254037844387,-0.4999999999999998,0.0,1.0,2,377.3143007787318
2026,4,30,0,1000.0,19.0,72.75,60.41021908602836,300.7099609375,0.0201894789934158,32.06554158654063,390.3230529773001,120,0.8660254037844387,-0.4999999999999998,0.0,1.0,2,376.661832187035
2026,4,30,0,1000.0,19.0,73.0,60.6396552339484,299.5693359375,0.0197388678789138,31.358350589551264,389.3754113164733,120,0.8660254037844387,-0.4999999999999998,0.0,1.0,2,367.5538040214181
2026,4,30,0,1000.0,18.75,72.5,61.11127398245069,300.7314453125,0.0203415900468826,32.30417894684266,391.2699337095133,120,0.8660254037844387,-0.4999999999999998,0.0,1.0,2,377.0884856912081
2026,4,30,0,1000.0,18.75,72.75,61.073034624464015,300.8173828125,0.0201651602983474,32.02738549095595,389.9791753165511,120,0.8660254037844387,-0.4999999999999998,0.0,1.0,2,376.5597145964032
2026,4,30,0,1000.0,18.75,73.0,61.77408952088634,299.8759765625,0.01955147087574,31.064136244256467,387.62374773101976,120,0.8660254037844387,-0.4999999999999998,0.0,1.0,2,367.51854510364734
2026,4,30,0,925.0,19.25,72.5,748.1511967485075,300.5804443359375,0.0061294585466384,9.081523877993128,276.297272222648,120,0.8660254037844387,-0.4999999999999998,0.0,1.0,2,256.55076459963044
2026,4,30,0,925.0,19.25,72.75,748.0237322218852,300.0472412109375,0.0064446479082107,9.546692664845496,278.782274539987,120,0.8660254037844387,-0.4999999999999998,0.0,1.0,2,256.0002306353606
2026,4,30,0,925.0,19.25,73.0,747.8325354319518,299.8792724609375,0.007128432393074,10.555238541086249,283.1438220034392,120,0.8660254037844387,-0.4999999999999998,0.0,1.0,2,258.5159047649709
2026,4,30,0,925.0,19.0,72.5,749.1454200561609,301.0765380859375,0.0055419951677322,8.214048444063941,272.2107925299621,120,0.8660254037844387,-0.4999999999999998,0.0,1.0,2,256.05500218923913
2026,4,30,0,925.0,19.0,72.75,748.8904910029164,300.6878662109375,0.0059225112199783,8.776006353626506,274.9247605681996,120,0.8660254037844387,-0.4999999999999998,0.0,1.0,2,255.41454789234592
2026,4,30,0,925.0,19.0,73.0,748.7757729289564,300.2991943359375,0.0062338858842849,9.235661492532628,277.2287325496836,120,0.8660254037844387,-0.4999999999999998,0.0,1.0,2,258.3293300364095
2026,4,30,0,925.0,18.75,72.5,750.2161220797877,301.1038818359375,0.0052539855241775,7.788534612987467,270.43239187678176,120,0.8660254037844387,-0.4999999999999998,0.0,1.0,2,256.0562880811386
2026,4,30,0,925.0,18.75,72.75,749.88471431057,300.9847412109375,0.0055772811174392,8.266170725313815,272.51873203753576,120,0.8660254037844387,-0.4999999999999998,0.0,1.0,2,255.37561719497225
2026,4,30,0,925.0,18.75,73.0,749.88471431057,300.2113037109375,0.0062162429094314,9.209621346016728,277.21331160209905,120,0.8660254037844387,-0.4999999999999998,0.0,1.0,2,258.3198350910425
2026,4,30,0,850.0,19.25,72.5,1491.1322132175617,296.31597900390625,0.0071437284350395,9.720131212539608,263.8926784898001,120,0.8660254037844387,-0.4999999999999998,0.0,1.0,2,241.75931380017568
2026,4,30,0,850.0,19.25,72.75,1491.0684809542506,296.44097900390625,0.0070240423083305,9.557972194332262,263.07570551710893,120,0.8660254037844387,-0.4999999999999998,0.0,1.0,2,241.4077553163328
2026,4,30,0,850.0,19.25,73.0,1490.7880589956817,296.38433837890625,0.0069458410143852,9.452007000168823,262.6837879712557,120,0.8660254037844387,-0.4999999999999998,0.0,1.0,2,241.2141437581102
2026,4,30,0,850.0,19.0,72.5,1492.3431262204729,296.33941650390625,0.0071237012743949,9.692998670477012,263.7532970684694,120,0.8660254037844387,-0.4999999999999998,0.0,1.0,2,241.58429844335586
2026,4,30,0,850.0,19.0,72.75,1492.0754507145662,296.45855712890625,0.0069587156176567,9.46945317912368,262.6820219833023,120,0.8660254037844387,-0.4999999999999998,0.0,1.0,2,241.1715024850345
2026,4,30,0,850.0,19.0,73.0,1491.8077752086597,296.50933837890625,0.006734125316143,9.165075281945256,261.3387987655613,120,0.8660254037844387,-0.4999999999999998,0.0,1.0,2,241.0222160997537
2026,4,30,0,850.0,18.75,72.5,1493.5540392233845,296.46246337890625,0.0070021077990531,9.528251261642074,262.92756693392136,120,0.8660254037844387,-0.4999999999999998,0.0,1.0,2,242.26678906508963
2026,4,30,0,850.0,18.75,72.75,1493.095166927544,296.59722900390625,0.006734125316143,9.165075281945256,261.2498372650535,120,0.8660254037844387,-0.4999999999999998,0.0,1.0,2,241.97598149181678
2026,4,30,0,850.0,18.75,73.0,1492.8784772322863,296.75152587890625,0.0062119886279106,8.457125224889342,258.09515606859185,120,0.8660254037844387,-0.4999999999999998,0.0,1.0,2,241.96330862560526
2026,4,30,6,1000.0,19.25,72.5,87.53648771656223,300.85968017578125,0.020170547068119,32.03583744275069,389.940620328361,120,0.8660254037844387,-0.4999999999999998,1.0,6.123233995736766e-17,2,362.8224706567769
2026,4,30,6,1000.0,19.25,72.75,87.48550190591334,302.17608642578125,0.0185879245400428,29.550316809875028,377.5160037198312,120,0.8660254037844387,-0.4999999999999998,1.0,6.123233995736766e-17,2,356.72642459303205
2026,4,30,6,1000.0,19.25,73.0,85.68825208053974,304.36163330078125,0.0172503963112831,27.44602952443461,365.4716347708879,120,0.8660254037844387,-0.4999999999999998,1.0,6.123233995736766e-17,2,334.0742982461879
2026,4,30,6,1000.0,19.0,72.5,89.16803365732692,300.88116455078125,0.0196393504738807,31.20211595176033,386.4682474854585,120,0.8660254037844387,-0.4999999999999998,1.0,6.123233995736766e-17,2,366.23194795322974
2026,4,30,6,1000.0,19.0,72.75,89.77986338511367,301.09991455078125,0.0195139423012733,31.005208212546744,385.2840245368219,120,0.8660254037844387,-0.4999999999999998,1.0,6.123233995736766e-17,2,360.97586158254
2026,4,30,6,1000.0,19.0,73.0,87.74043095915782,303.33819580078125,0.0176294818520545,28.042775502529,369.4978666888835,120,0.8660254037844387,-0.4999999999999998,1.0,6.123233995736766e-17,2,337.3214566503374
2026,4,30,6,1000.0,18.75,72.5,90.88880476672718,300.95538330078125,0.0194586291909217,30.918349744748856,385.1726457953344,120,0.8660254037844387,-0.4999999999999998,1.0,6.123233995736766e-17,2,366.732608999238
2026,4,30,6,1000.0,18.75,72.75,91.44964868386504,300.69561767578125,0.0193346515297889,30.723646006191075,384.8122706342402,120,0.8660254037844387,-0.4999999999999998,1.0,6.123233995736766e-17,2,362.02276521822364
2026,4,30,6,1000.0,18.75,73.0,89.21901946797581,302.92218017578125,0.0167277827858924,26.622899485143144,364.39003457780456,120,0.8660254037844387,-0.4999999999999998,1.0,6.123233995736766e-17,2,337.83594367953066
2026,4,30,6,925.0,19.25,72.5,776.2051930322791,300.0262451171875,0.0064309611916542,9.526496959956118,278.7208667944858,120,0.8660254037844387,-0.4999999999999998,1.0,6.123233995736766e-17,2,280.73956769633935
2026,4,30,6,925.0,19.25,72.75,777.3523737718793,297.8660888671875,0.0125401988625526,18.50796236982058,318.7889620208589,120,0.8660254037844387,-0.4999999999999998,1.0,6.123233995736766e-17,2,285.1920310438588
2026,4,30,6,925.0,19.25,73.0,778.0279357629772,297.0672607421875,0.0160110965371131,23.58126351080086,341.2992079602959,120,0.8660254037844387,-0.4999999999999998,1.0,6.123233995736766e-17,2,297.4059808259345
2026,4,30,6,925.0,19.0,72.5,777.505331203826,299.1492919921875,0.0076993480324745,11.396669761525366,287.448967280328,120,0.8660254037844387,-0.4999999999999998,1.0,6.123233995736766e-17,2,277.3181541646761
2026,4,30,6,925.0,19.0,72.75,777.9896964049906,298.1082763671875,0.009066917002201,13.409869219155414,297.0690412805978,120,0.8660254037844387,-0.4999999999999998,1.0,6.123233995736766e-17,2,279.24827010901566
2026,4,30,6,925.0,19.0,73.0,779.0349055232929,297.3465576171875,0.0130523219704627,19.25785186894545,322.6457344747371,120,0.8660254037844387,-0.4999999999999998,1.0,6.123233995736766e-17,2,294.55229211886416
2026,4,30,6,925.0,18.75,72.5,778.8437087333596,298.0828857421875,0.0108307376503944,16.001482245920513,307.97853915046346,120,0.8660254037844387,-0.4999999999999998,1.0,6.123233995736766e-17,2,277.098909699841
2026,4,30,6,925.0,18.75,72.75,778.983919712644,297.9422607421875,0.0107048526406288,15.8167000882011,307.3791867540588,120,0.8660254037844387,-0.4999999999999998,1.0,6.123233995736766e-17,2,278.62301385698765
2026,4,30,6,925.0,18.75,73.0,780.3987759581508,297.7567138671875,0.0122259631752967,18.04760527335088,316.99787344182727,120,0.8660254037844387,-0.4999999999999998,1.0,6.123233995736766e-17,2,293.41115289545013
2026,4,30,6,850.0,19.25,72.5,1519.566362493818,296.6851806640625,0.006266750395298,8.531396133166073,258.47561235360564,120,0.8660254037844387,-0.4999999999999998,1.0,6.123233995736766e-17,2,246.5573240541623
2026,4,30,6,850.0,19.25,72.75,1519.617348304467,296.7340087890625,0.0064365044236183,8.761594553314522,259.4022931983046,120,0.8660254037844387,-0.4999999999999998,1.0,6.123233995736766e-17,2,246.74927339160766
2026,4,30,6,850.0,19.25,73.0,1519.4006586092091,296.5406494140625,0.0067001953721046,9.119084244503169,261.11201903151573,120,0.8660254037844387,-0.4999999999999998,1.0,6.123233995736766e-17,2,246.1715087468879
2026,4,30,6,850.0,19.0,72.5,1520.3438961062138,296.6871337890625,0.0064674988389015,8.80362005614886,259.6272261603008,120,0.8660254037844387,-0.4999999999999998,1.0,6.123233995736766e-17,2,246.0137904453814
2026,4,30,6,850.0,19.0,72.75,1520.305656748227,296.7301025390625,0.0065971985459327,8.979463516497638,260.3291526359643,120,0.8660254037844387,-0.4999999999999998,1.0,6.123233995736766e-17,2,246.2491555383896
2026,4,30,6,850.0,19.0,73.0,1520.3311496535514,296.5406494140625,0.0067359581589698,9.167559592512472,261.31763711116696,120,0.8660254037844387,-0.4999999999999998,1.0,6.123233995736766e-17,2,245.80580469366217
2026,4,30,6,850.0,18.75,72.5,1521.044951002636,296.6773681640625,0.0066515579819679,9.053154403361432,260.6944757667052,120,0.8660254037844387,-0.4999999999999998,1.0,6.123233995736766e-17,2,246.0105229627471
2026,4,30,6,850.0,18.75,72.75,1520.981218739325,296.7359619140625,0.006705917418003,9.126840441206598,260.947567678743,120,0.8660254037844387,-0.4999999999999998,1.0,6.123233995736766e-17,2,246.13849141387317
2026,4,30,6,850.0,18.75,73.0,1521.2234013399072,296.4566650390625,0.0067140236496925,9.137828294572516,261.2765032926019,120,0.8660254037844387,-0.4999999999999998,1.0,6.123233995736766e-17,2,245.79956747029618
2026,4,30,12,1000.0,19.25,72.5,64.58819258647193,301.1588134765625,0.0199231766164302,31.64765175702571,387.8258505160065,120,0.8660254037844387,-0.4999999999999998,1.2246467991473532e-16,-1.0,2,354.0673900419842
2026,4,30,12,1000.0,19.25,72.75,64.9960790716631,301.6177978515625,0.019274678081274,30.629448835504817,382.8631814798219,120,0.8660254037844387,-0.4999999999999998,1.2246467991473532e-16,-1.0,2,351.99644414053085
2026,4,30,12,1000.0,19.25,73.0,62.523267255191634,303.3482666015625,0.0175065658986568,27.849314412117884,368.697639338686,120,0.8660254037844387,-0.4999999999999998,1.2246467991473532e-16,-1.0,2,335.02875431590684
2026,4,30,12,1000.0,19.0,72.5,65.55692298880098,301.2232666015625,0.0196671150624752,31.24570608916504,386.0626845525699,120,0.8660254037844387,-0.4999999999999998,1.2246467991473532e-16,-1.0,2,357.33108145811764
2026,4,30,12,1000.0,19.0,72.75,66.01579528464104,301.0220947265625,0.0197219513356685,31.331794240877123,386.7609551388642,120,0.8660254037844387,-0.4999999999999998,1.2246467991473532e-16,-1.0,2,355.8589862321464
2026,4,30,12,1000.0,19.0,73.0,64.10382738530743,302.7896728515625,0.017751183360815,28.234296970732448,371.1527349529631,120,0.8660254037844387,-0.4999999999999998,1.2246467991473532e-16,-1.0,2,338.56949553704874
2026,4,30,12,1000.0,18.75,72.5,66.48741403314332,301.3599853515625,0.0194787643849849,30.949968813812934,384.614663091078,120,0.8660254037844387,-0.4999999999999998,1.2246467991473532e-16,-1.0,2,357.8559563507361
2026,4,30,12,1000.0,18.75,72.75,66.46192112781888,300.8541259765625,0.0194821022450923,30.95521030992278,385.497050692576,120,0.8660254037844387,-0.4999999999999998,1.2246467991473532e-16,-1.0,2,356.5567628501169
2026,4,30,12,1000.0,18.75,73.0,65.5186836308143,302.4068603515625,0.0171794556081295,27.33432640505336,368.09742526127786,120,0.8660254037844387,-0.4999999999999998,1.2246467991473532e-16,-1.0,2,339.2178714536065
2026,4,30,12,925.0,19.25,72.5,753.8767937445509,299.4166564941406,0.0081414841115474,12.04790291149796,289.8594369451714,120,0.8660254037844387,-0.4999999999999998,1.2246467991473532e-16,-1.0,2,256.10986531101514
2026,4,30,12,925.0,19.25,72.75,754.4121447563643,299.4459533691406,0.0074424408376216,11.018104779196896,285.5424250480429,120,0.8660254037844387,-0.4999999999999998,1.2246467991473532e-16,-1.0,2,255.9545206259245
2026,4,30,12,925.0,19.25,73.0,754.0170047238354,299.2389221191406,0.009394135326147,13.891074286037489,297.7392190712787,120,0.8660254037844387,-0.4999999999999998,1.2246467991473532e-16,-1.0,2,264.44933583872916
2026,4,30,12,925.0,19.0,72.5,755.0367209368134,299.4928283691406,0.0077356956899166,11.45022026460315,287.2875103015064,120,0.8660254037844387,-0.4999999999999998,1.2246467991473532e-16,-1.0,2,256.0097908826825
2026,4,30,12,925.0,19.0,72.75,755.1386925581111,300.0104064941406,0.0068111084401607,10.087306331914608,281.0617476561985,120,0.8660254037844387,-0.4999999999999998,1.2246467991473532e-16,-1.0,2,255.8430313200496
2026,4,30,12,925.0,19.0,73.0,755.0877067474622,299.7408752441406,0.0080752037465572,11.950299115264237,289.086531892415,120,0.8660254037844387,-0.4999999999999998,1.2246467991473532e-16,-1.0,2,264.40667561162263
2026,4,30,12,925.0,18.75,72.5,755.9672119811557,299.8424377441406,0.0074638985097408,11.049728184425708,285.2355236041882,120,0.8660254037844387,-0.4999999999999998,1.2246467991473532e-16,-1.0,2,255.98329885860576
2026,4,30,12,925.0,18.75,72.75,755.9417190758312,300.4498596191406,0.006548848003149,9.70043620100384,278.99103428598204,120,0.8660254037844387,-0.4999999999999998,1.2246467991473532e-16,-1.0,2,255.80772445846782
2026,4,30,12,925.0,18.75,73.0,756.4643236349824,299.3736877441406,0.0099968574941158,14.776935560571715,301.2659335728093,120,0.8660254037844387,-0.4999999999999998,1.2246467991473532e-16,-1.0,2,264.399238633363
2026,4,30,12,850.0,19.25,72.5,1496.6789117588576,297.2022705078125,0.004792146384716,6.529736748013306,249.51042425223483,120,0.8660254037844387,-0.4999999999999998,1.2246467991473532e-16,-1.0,2,240.99338958803415
2026,4,30,12,850.0,19.25,72.75,1496.9720801700887,297.1417236328125,0.0048808380961418,6.650229895259564,250.07591593219632,120,0.8660254037844387,-0.4999999999999998,1.2246467991473532e-16,-1.0,2,237.6730473157746
2026,4,30,12,850.0,19.25,73.0,1496.7298975695064,296.8956298828125,0.0051998421549797,7.083509498557778,252.1399593515589,120,0.8660254037844387,-0.4999999999999998,1.2246467991473532e-16,-1.0,2,236.66054547359096
2026,4,30,12,850.0,19.0,72.5,1498.1447538150137,297.2198486328125,0.0049342438578605,6.7227786618946,250.3091256865776,120,0.8660254037844387,-0.4999999999999998,1.2246467991473532e-16,-1.0,2,240.95445206300366
2026,4,30,12,850.0,19.0,72.75,1498.2467254363112,297.2491455078125,0.005134992301464,6.995442304221492,251.4327094944232,120,0.8660254037844387,-0.4999999999999998,1.2246467991473532e-16,-1.0,2,237.63046635874173
2026,4,30,12,850.0,19.0,73.0,1498.1575002676757,296.9268798828125,0.0055369660258293,7.5412179344714225,254.04668488290403,120,0.8660254037844387,-0.4999999999999998,1.2246467991473532e-16,-1.0,2,236.6179645165581
2026,4,30,12,850.0,18.75,72.5,1499.6105958711692,297.2803955078125,0.0051988884806632,7.082214442890316,251.76940724819548,120,0.8660254037844387,-0.4999999999999998,1.2246467991473532e-16,-1.0,2,241.0081666910772
2026,4,30,12,850.0,18.75,72.75,1499.5086242498714,297.3077392578125,0.0054039284586906,7.36061699080844,252.9183181630136,120,0.8660254037844387,-0.4999999999999998,1.2246467991473532e-16,-1.0,2,237.6865637777736
2026,4,30,12,850.0,18.75,73.0,1499.381159723249,296.9014892578125,0.0057105347514152,7.776796919288452,255.0679681933904,120,0.8660254037844387,-0.4999999999999998,1.2246467991473532e-16,-1.0,2,236.6740619355899
2026,4,30,18,1000.0,19.25,72.5,76.35403973324225,300.8935241699219,0.0201222337782382,31.960030950507345,389.5696008985034,120,0.8660254037844387,-0.4999999999999998,-1.0,-1.8369701987210294e-16,2,369.5083263998506
2026,4,30,18,1000.0,19.25,72.75,77.36100949355794,300.8935241699219,0.0200778879225254,31.890445733005983,389.2829190877342,120,0.8660254037844387,-0.4999999999999998,-1.0,-1.8369701987210294e-16,2,370.96947753744786
2026,4,30,18,1000.0,19.25,73.0,78.15128955861584,300.7040710449219,0.0198285020887851,31.499053391335146,387.9964914983768,120,0.8660254037844387,-0.4999999999999998,-1.0,-1.8369701987210294e-16,2,367.5330049160051
2026,4,30,18,1000.0,19.0,72.5,77.13157334563792,300.9482116699219,0.0198747552931308,31.571653176974458,387.8754036578256,120,0.8660254037844387,-0.4999999999999998,-1.0,-1.8369701987210294e-16,2,368.5681478115076
2026,4,30,18,1000.0,19.0,72.75,78.07481084264249,300.9950866699219,0.0196487344801425,31.216848914081066,386.3339926649864,120,0.8660254037844387,-0.4999999999999998,-1.0,-1.8369701987210294e-16,2,370.3638929598156
2026,4,30,18,1000.0,19.0,73.0,78.57192249646924,300.6767272949219,0.019480887800455,30.95330325015425,385.79193238557184,120,0.8660254037844387,-0.4999999999999998,-1.0,-1.8369701987210294e-16,2,367.6416083022556
2026,4,30,18,1000.0,18.75,72.5,78.17678246394028,300.9657897949219,0.0197398103773593,31.35983015003544,386.9728922551216,120,0.8660254037844387,-0.4999999999999998,-1.0,-1.8369701987210294e-16,2,368.97767822163013
2026,4,30,18,1000.0,18.75,72.75,78.82685154971372,300.9950866699219,0.0195476450026035,31.058128912155635,385.68052864654913,120,0.8660254037844387,-0.4999999999999998,-1.0,-1.8369701987210294e-16,2,370.55125598912366
2026,4,30,18,1000.0,18.75,73.0,79.65537097275829,300.5068054199219,0.0192391313612461,30.573614250993124,384.5140352760161,120,0.8660254037844387,-0.4999999999999998,-1.0,-1.8369701987210294e-16,2,367.80218224120813
2026,4,30,18,925.0,19.25,72.5,765.0281971449222,299.23150634765625,0.0076367296278476,11.30440940557407,286.9726081061225,120,0.8660254037844387,-0.4999999999999998,-1.0,-1.8369701987210294e-16,2,268.9597073194455
2026,4,30,18,925.0,19.25,72.75,765.4615765354378,297.57720947265625,0.0106264986097812,15.70167279116232,307.3533734922888,120,0.8660254037844387,-0.4999999999999998,-1.0,-1.8369701987210294e-16,2,268.85347842326166
2026,4,30,18,925.0,19.25,73.0,765.1811545768688,296.37994384765625,0.0134879983961582,19.895437869399736,326.6712294190719,120,0.8660254037844387,-0.4999999999999998,-1.0,-1.8369701987210294e-16,2,265.5141692156356
2026,4,30,18,925.0,19.0,72.5,765.8439701153045,299.54010009765625,0.0073224939405918,10.841317016563115,284.7033381959649,120,0.8660254037844387,-0.4999999999999998,-1.0,-1.8369701987210294e-16,2,268.34355713599984
2026,4,30,18,925.0,19.0,72.75,766.0988991685489,297.48541259765625,0.0120179094374179,17.74270930257416,316.0712013020899,120,0.8660254037844387,-0.4999999999999998,-1.0,-1.8369701987210294e-16,2,268.1919438606833
2026,4,30,18,925.0,19.0,73.0,765.8439701153045,296.44244384765625,0.0140530504286289,20.72185857585705,330.0923032741823,120,0.8660254037844387,-0.4999999999999998,-1.0,-1.8369701987210294e-16,2,265.50260370232235
2026,4,30,18,925.0,18.75,72.5,766.7107288963357,299.56158447265625,0.0073501504957675,10.882081835319314,284.8491297394108,120,0.8660254037844387,-0.4999999999999998,-1.0,-1.8369701987210294e-16,2,267.9216582513914
2026,4,30,18,925.0,18.75,72.75,766.7872076123091,297.72369384765625,0.0112335123121738,16.592512283844517,310.9183329979263,120,0.8660254037844387,-0.4999999999999998,-1.0,-1.8369701987210294e-16,2,267.740507144007
2026,4,30,18,925.0,18.75,73.0,766.8381934229579,296.77642822265625,0.0126983560621738,18.739597572905947,321.2271462850827,120,0.8660254037844387,-0.4999999999999998,-1.0,-1.8369701987210294e-16,2,265.5219534561337
2026,4,30,18,850.0,19.25,72.5,1507.3699989292982,297.49957275390625,0.0044544897973537,6.070890962844941,247.29978972531111,120,0.8660254037844387,-0.4999999999999998,-1.0,-1.8369701987210294e-16,2,245.84047669341643
2026,4,30,18,850.0,19.25,72.75,1506.630704674889,297.34332275390625,0.0045407973229885,6.188193211187973,247.93807298027,120,0.8660254037844387,-0.4999999999999998,-1.0,-1.8369701987210294e-16,2,245.881410591368
2026,4,30,18,850.0,19.25,73.0,1505.4580310299646,297.13043212890625,0.0049346648156642,6.723350491084265,250.3954128276881,120,0.8660254037844387,-0.4999999999999998,-1.0,-1.8369701987210294e-16,2,245.8526921924631
2026,4,30,18,850.0,19.0,72.5,1508.402461594938,297.43121337890625,0.0044249258935451,6.030707260366471,247.1930807276939,120,0.8660254037844387,-0.4999999999999998,-1.0,-1.8369701987210294e-16,2,244.46591097007806
2026,4,30,18,850.0,19.0,72.75,1507.4592240979337,297.27301025390625,0.004530306905508,6.173936134471482,247.9427162451493,120,0.8660254037844387,-0.4999999999999998,-1.0,-1.8369701987210294e-16,2,244.48125478376596
2026,4,30,18,850.0,19.0,73.0,1506.3630291689824,297.04840087890625,0.0049842558801174,6.790712964650544,250.7571627760485,120,0.8660254037844387,-0.4999999999999998,-1.0,-1.8369701987210294e-16,2,244.46032136906277
2026,4,30,18,850.0,18.75,72.5,1509.524149429214,297.39410400390625,0.0044525824487209,6.068298509366289,247.3856363048005,120,0.8660254037844387,-0.4999999999999998,-1.0,-1.8369701987210294e-16,2,244.3359457581499
2026,4,30,18,850.0,18.75,72.75,1508.440700952925,297.21051025390625,0.0046647749841213,6.356672205962092,248.77195921346333,120,0.8660254037844387,-0.4999999999999998,-1.0,-1.8369701987210294e-16,2,244.35295344820517
2026,4,30,18,850.0,18.75,73.0,1507.4592240979337,296.90972900390625,0.0051768980920314,7.052351865293561,251.9947297855488,120,0.8660254037844387,-0.4999999999999998,-1.0,-1.8369701987210294e-16,2,244.332020033502
2026,5,1,0,1000.0,19.25,72.5,68.38790514599788,300.79986572265625,0.0205324366688728,32.60352444398677,392.38466809034605,121,0.4999999999999999,-0.8660254037844387,0.0,1.0,2,371.2745692978506
2026,5,1,0,1000.0,19.25,72.75,69.31839619034024,300.81549072265625,0.0203674510121345,32.344746236501905,391.29062094948506,121,0.4999999999999999,-0.8660254037844387,0.0,1.0,2,373.4977072005972
2026,5,1,0,1000.0,19.25,73.0,70.38909821396706,300.46392822265625,0.0199087336659431,31.62498361705295,388.9308268616303,121,0.4999999999999999,-0.8660254037844387,0.0,1.0,2,374.2840625858373
2026,5,1,0,1000.0,19.0,72.5,69.54783233826026,300.81744384765625,0.0203016474843025,32.24151981952256,390.86172056175775,121,0.4999999999999999,-0.8660254037844387,0.0,1.0,2,369.6301426186627
2026,5,1,0,1000.0,19.0,72.75,70.27438014000704,300.96002197265625,0.0197852328419685,31.431133623181264,387.2764143983826,121,0.4999999999999999,-0.8660254037844387,0.0,1.0,2,371.30988224917326
2026,5,1,0,1000.0,19.0,73.0,71.09015311038938,300.46783447265625,0.0195897296071052,31.12420804693346,386.8550932980015,121,0.4999999999999999,-0.8660254037844387,0.0,1.0,2,372.00674704546327
2026,5,1,0,1000.0,18.75,72.5,71.01367439441604,300.83306884765625,0.02016431838274,32.026064503232234,389.9465133604344,121,0.4999999999999999,-0.8660254037844387,0.0,1.0,2,369.5343250675444
2026,5,1,0,1000.0,18.75,72.75,71.37057506895832,300.98541259765625,0.019706554710865,31.30762345935365,386.7242916737564,121,0.4999999999999999,-0.8660254037844387,0.0,1.0,2,371.1105243251837
2026,5,1,0,1000.0,18.75,73.0,72.56874161920737,300.24713134765625,0.0194972231984138,30.97895472604404,386.63304893715394,121,0.4999999999999999,-0.8660254037844387,0.0,1.0,2,371.7325827005236
2026,5,1,0,925.0,19.25,72.5,756.4010394891477,297.6181030273437,0.010680504143238,15.780956547202342,307.63592356175303,121,0.4999999999999999,-0.8660254037844387,0.0,1.0,2,258.3083637916831
2026,5,1,0,925.0,19.25,72.75,757.1148408382322,296.5966186523437,0.0131037905812263,19.33319050407292,323.9869248556353,121,0.4999999999999999,-0.8660254037844387,0.0,1.0,2,258.3958855641693
2026,5,1,0,925.0,19.25,73.0,757.0638550275834,295.6845092773437,0.0150635913014411,22.19842968249949,337.4639686246368,121,0.4999999999999999,-0.8660254037844387,0.0,1.0,2,262.27877250918505
2026,5,1,0,925.0,19.0,72.5,757.5737131340724,297.8524780273437,0.0098369792103767,14.542014566720082,302.1325634120885,121,0.4999999999999999,-0.8660254037844387,0.0,1.0,2,257.9034126398958
2026,5,1,0,925.0,19.0,72.75,758.0835712405612,296.6298217773437,0.0135901644825935,20.04490326550772,326.9585448612884,121,0.4999999999999999,-0.8660254037844387,0.0,1.0,2,257.90980539358526
2026,5,1,0,925.0,19.0,73.0,757.9561067139391,295.7177124023437,0.0154216960072517,22.721250043283824,339.64545511608304,121,0.4999999999999999,-0.8660254037844387,0.0,1.0,2,262.0932485413597
2026,5,1,0,925.0,18.75,72.5,758.8993442109437,297.5380249023437,0.0117648318409919,17.371729139004636,314.4390347134673,121,0.4999999999999999,-0.8660254037844387,0.0,1.0,2,257.9978409521382
2026,5,1,0,925.0,18.75,72.75,759.1542732641881,296.3348999023437,0.0143497660756111,21.15559676376971,332.08637430049305,121,0.4999999999999999,-0.8660254037844387,0.0,1.0,2,257.97264998288455
2026,5,1,0,925.0,18.75,73.0,759.1797661695126,295.7645874023437,0.0154245570302009,22.725426129068342,339.59407512469187,121,0.4999999999999999,-0.8660254037844387,0.0,1.0,2,262.13104188728323
2026,5,1,0,850.0,19.25,72.5,1496.3662253419875,296.8915710449219,0.0047782659530639,6.510878155468757,249.72062202468945,121,0.4999999999999999,-0.8660254037844387,0.0,1.0,2,243.26501682087323
2026,5,1,0,850.0,19.25,72.75,1495.3465091290095,296.6259460449219,0.0048102140426635,6.554283823483969,250.1529465475935,121,0.4999999999999999,-0.8660254037844387,0.0,1.0,2,243.204794220498
2026,5,1,0,850.0,19.25,73.0,1494.0463709574626,296.4286804199219,0.004881739616394,6.651454599505253,250.75040070926184,121,0.4999999999999999,-0.8660254037844387,0.0,1.0,2,243.14294396668225
2026,5,1,0,850.0,19.0,72.5,1497.615377702885,296.7372741699219,0.0047887563705444,6.525130948194176,249.9251811774156,121,0.4999999999999999,-0.8660254037844387,0.0,1.0,2,242.90763214566192
2026,5,1,0,850.0,19.0,72.75,1496.4427040579608,296.5400085449219,0.0048049688339233,6.547157635087475,250.20326827804064,121,0.4999999999999999,-0.8660254037844387,0.0,1.0,2,242.73038279280973
2026,5,1,0,850.0,19.0,73.0,1495.3974949396584,296.4228210449219,0.004848837852478,6.606757088632963,250.56617103727012,121,0.4999999999999999,-0.8660254037844387,0.0,1.0,2,242.68898199480532
2026,5,1,0,850.0,18.75,72.5,1498.839037158459,296.6454772949219,0.0047482252120971,6.470062337500344,249.7776569270319,121,0.4999999999999999,-0.8660254037844387,0.0,1.0,2,243.2790783296946
2026,5,1,0,850.0,18.75,72.75,1497.6663635135342,296.5165710449219,0.0047663450241088,6.494681580145649,250.0026162878076,121,0.4999999999999999,-0.8660254037844387,0.0,1.0,2,243.0713258602054
2026,5,1,0,850.0,18.75,73.0,1496.8250976378274,296.4091491699219,0.0047811269760131,6.514765298727999,250.1884738492196,121,0.4999999999999999,-0.8660254037844387,0.0,1.0,2,243.08961460167572
2026,5,1,6,1000.0,19.25,72.5,91.685233999378,301.049560546875,0.019993033260107,31.7572858673084,388.46505605152265,121,0.4999999999999999,-0.8660254037844387,1.0,6.123233995736766e-17,2,365.9933321539813
2026,5,1,6,1000.0,19.25,72.75,91.45579785145794,302.063232421875,0.0186226032674312,29.60483067398159,377.92501764518994,121,0.4999999999999999,-0.8660254037844387,1.0,6.123233995736766e-17,2,359.7639654433088
2026,5,1,6,1000.0,19.25,73.0,89.39087252017764,304.114013671875,0.0169555805623531,26.98175059707315,363.9867990767917,121,0.4999999999999999,-0.8660254037844387,1.0,6.123233995736766e-17,2,344.93195624654595
2026,5,1,6,1000.0,19.0,72.5,92.8579076443026,300.987060546875,0.0196859501302242,31.275276137084145,386.5882846979472,121,0.4999999999999999,-0.8660254037844387,1.0,6.123233995736766e-17,2,367.76763098161695
2026,5,1,6,1000.0,19.0,72.75,93.2912870348182,301.180419921875,0.0193249844014644,30.70846281024074,383.92672666688105,121,0.4999999999999999,-0.8660254037844387,1.0,6.123233995736766e-17,2,366.76864838996613
2026,5,1,6,1000.0,19.0,73.0,91.20086879821346,303.164794921875,0.0176226757466793,28.03206391786174,369.7307938597334,121,0.4999999999999999,-0.8660254037844387,1.0,6.123233995736766e-17,2,355.21510370140385
2026,5,1,6,1000.0,18.75,72.5,94.2855103424717,301.049560546875,0.0193955563008785,30.81929901142682,384.6046802089341,121,0.4999999999999999,-0.8660254037844387,1.0,6.123233995736766e-17,2,367.81217087552994
2026,5,1,6,1000.0,18.75,72.75,94.66790392233844,300.836669921875,0.0191900394856929,30.496499855200984,383.63628130746974,121,0.4999999999999999,-0.8660254037844387,1.0,6.123233995736766e-17,2,367.29501506384764
2026,5,1,6,1000.0,18.75,73.0,92.55199278040922,302.701904296875,0.0171754024922847,27.327944087375503,367.60409611753255,121,0.4999999999999999,-0.8660254037844387,1.0,6.123233995736766e-17,2,355.58438683156703
2026,5,1,6,925.0,19.25,72.5,779.7417361560778,296.6580810546875,0.0133640430867671,19.714070886499822,325.5171232309075,121,0.4999999999999999,-0.8660254037844387,1.0,6.123233995736766e-17,2,272.86165240148216
2026,5,1,6,925.0,19.25,72.75,780.837931085029,296.2381591796875,0.0157067440450191,23.13724910051649,340.6469339838032,121,0.4999999999999999,-0.8660254037844387,1.0,6.123233995736766e-17,2,280.119348570003
2026,5,1,6,925.0,19.25,73.0,781.1183530435981,296.7791748046875,0.0163976810872554,24.14501032474475,344.11475958713754,121,0.4999999999999999,-0.8660254037844387,1.0,6.123233995736766e-17,2,298.6277008557195
2026,5,1,6,925.0,19.0,72.5,780.7614523690557,296.7694091796875,0.0125934742391109,18.58599380490941,320.58608320468613,121,0.4999999999999999,-0.8660254037844387,1.0,6.123233995736766e-17,2,268.4187364389035
2026,5,1,6,925.0,19.0,72.75,781.2713104755447,296.4920654296875,0.0137889049947261,20.335600927913145,328.3834129109307,121,0.4999999999999999,-0.8660254037844387,1.0,6.123233995736766e-17,2,273.0566149280565
2026,5,1,6,925.0,19.0,73.0,781.9851118246293,296.5897216796875,0.0152780674397945,22.51158443226648,337.47371071493006,121,0.4999999999999999,-0.8660254037844387,1.0,6.123233995736766e-17,2,295.8079679156444
2026,5,1,6,925.0,18.75,72.5,781.9341260139804,296.9627685546875,0.0119044445455074,17.576397945874984,316.0558814816286,121,0.4999999999999999,-0.8660254037844387,1.0,6.123233995736766e-17,2,268.3317155157997
2026,5,1,6,925.0,18.75,72.75,782.0870834459271,296.9334716796875,0.0119688175618648,17.67075559783146,316.4935796957639,121,0.4999999999999999,-0.8660254037844387,1.0,6.123233995736766e-17,2,272.5722150840899
2026,5,1,6,925.0,18.75,73.0,783.2597570908516,296.9237060546875,0.0139968059957027,20.639623117999307,329.0670338245864,121,0.4999999999999999,-0.8660254037844387,1.0,6.123233995736766e-17,2,294.6203627564824
2026,5,1,6,850.0,19.25,72.5,1519.5082068035467,297.1740417480469,0.0052301473915576,7.124662148380916,252.0494967875765,121,0.4999999999999999,-0.8660254037844387,1.0,6.123233995736766e-17,2,242.7430974902885
2026,5,1,6,850.0,19.25,72.75,1518.8963770757598,296.6662292480469,0.0052606649696826,7.166101618077585,252.7081602599189,121,0.4999999999999999,-0.8660254037844387,1.0,6.123233995736766e-17,2,243.47696841148758
2026,5,1,6,850.0,19.25,73.0,1517.953139578755,295.9045104980469,0.0061246939003467,8.338721151104432,258.4323784719209,121,0.4999999999999999,-0.8660254037844387,1.0,6.123233995736766e-17,2,243.96819827918847
2026,5,1,6,850.0,19.0,72.5,1520.4004584899023,296.9377136230469,0.0052153654396533,7.104589354417695,252.1891526132812,121,0.4999999999999999,-0.8660254037844387,1.0,6.123233995736766e-17,2,242.27197624986792
2026,5,1,6,850.0,19.0,72.75,1519.7631358567912,296.6310729980469,0.0052301473915576,7.124662148380916,252.56604393755617,121,0.4999999999999999,-0.8660254037844387,1.0,6.123233995736766e-17,2,243.01621237258635
2026,5,1,6,850.0,19.0,73.0,1519.074827413031,296.1896667480469,0.0057951994240283,7.891691457357178,256.2487423492436,121,0.4999999999999999,-0.8660254037844387,1.0,6.123233995736766e-17,2,243.59825770068943
2026,5,1,6,850.0,18.75,72.5,1521.5476392295025,296.6955261230469,0.0051424093544483,7.005515137676962,251.99975886860588,121,0.4999999999999999,-0.8660254037844387,1.0,6.123233995736766e-17,2,242.2452162111317
2026,5,1,6,850.0,18.75,72.75,1520.9867953123646,296.5724792480469,0.005167681723833,7.039835955804583,252.2621812092371,121,0.4999999999999999,-0.8660254037844387,1.0,6.123233995736766e-17,2,242.88563049684748
2026,5,1,6,850.0,18.75,73.0,1520.5789088271736,296.2814636230469,0.0053755827248096,7.322133374210594,253.7388306151636,121,0.4999999999999999,-0.8660254037844387,1.0,6.123233995736766e-17,2,243.59530717714466
2026,5,1,12,1000.0,19.25,72.5,64.31979511351992,301.2803955078125,0.0195796452462673,31.10837439374004,385.4007915996973,121,0.4999999999999999,-0.8660254037844387,1.2246467991473532e-16,-1.0,2,362.06558474591
2026,5,1,12,1000.0,19.25,72.75,64.85514612533332,301.7667236328125,0.0189869366586208,30.177413964436564,380.7607256225144,121,0.4999999999999999,-0.8660254037844387,1.2246467991473532e-16,-1.0,2,358.256898797032
2026,5,1,12,1000.0,19.25,73.0,63.0451498472975,303.2315673828125,0.0172517262399196,27.44812353695076,367.25553166781503,121,0.4999999999999999,-0.8660254037844387,1.2246467991473532e-16,-1.0,2,344.60164384765943
2026,5,1,12,1000.0,19.0,72.5,65.64542619039122,301.3214111328125,0.0193936787545681,30.816350365917422,384.1312473806024,121,0.4999999999999999,-0.8660254037844387,1.2246467991473532e-16,-1.0,2,363.0241652610328
2026,5,1,12,1000.0,19.0,72.75,66.33373463415131,301.2022705078125,0.0194151364266872,30.850048775427137,384.47183510098864,121,0.4999999999999999,-0.8660254037844387,1.2246467991473532e-16,-1.0,2,363.1453947809201
2026,5,1,12,1000.0,19.0,73.0,64.93162484130667,302.7354736328125,0.0173246823251247,27.562989948862324,368.5076091249829,121,0.4999999999999999,-0.8660254037844387,1.2246467991473532e-16,-1.0,2,351.77207291030334
2026,5,1,12,1000.0,18.75,72.5,67.04753598323587,301.3936767578125,0.019257303327322,30.6021579468456,383.1292782555987,121,0.4999999999999999,-0.8660254037844387,1.2246467991473532e-16,-1.0,2,363.3988553094745
2026,5,1,12,1000.0,18.75,72.75,67.3789437524537,300.9678955078125,0.0192396603524684,30.5744451750946,383.7351989455595,121,0.4999999999999999,-0.8660254037844387,1.2246467991473532e-16,-1.0,2,363.80490734566945
2026,5,1,12,1000.0,18.75,73.0,66.6396494980447,302.3272705078125,0.0168468914926052,26.810544365261507,366.0861942890941,121,0.4999999999999999,-0.8660254037844387,1.2246467991473532e-16,-1.0,2,352.58556493723574
2026,5,1,12,925.0,19.25,72.5,753.222840973982,298.0819702148437,0.0103929005563259,15.358675571668536,305.281220154277,121,0.4999999999999999,-0.8660254037844387,1.2246467991473532e-16,-1.0,2,252.06654103308995
2026,5,1,12,925.0,19.25,72.75,753.8601636070932,297.4608764648437,0.0121967755258083,18.00483633975159,317.208438043049,121,0.4999999999999999,-0.8660254037844387,1.2246467991473532e-16,-1.0,2,251.35408175300705
2026,5,1,12,925.0,19.25,73.0,753.8091777964443,297.1698608398437,0.0141146145761013,20.811865643400136,329.44969779454766,121,0.4999999999999999,-0.8660254037844387,1.2246467991473532e-16,-1.0,2,260.51313302477456
2026,5,1,12,925.0,19.0,72.5,754.6249507668266,298.2870483398437,0.0098769627511501,14.60076959726312,301.849756960162,121,0.4999999999999999,-0.8660254037844387,1.2246467991473532e-16,-1.0,2,251.56791580753875
2026,5,1,12,925.0,19.0,72.75,754.8543869147467,298.3905639648437,0.0088117085397243,13.034429237439737,295.16198707117456,121,0.4999999999999999,-0.8660254037844387,1.2246467991473532e-16,-1.0,2,250.8353105524422
2026,5,1,12,925.0,19.0,73.0,755.0838230626667,297.6932983398437,0.0110838375985622,16.372913723069523,310.0329357822766,121,0.4999999999999999,-0.8660254037844387,1.2246467991473532e-16,-1.0,2,260.50317249637413
2026,5,1,12,925.0,18.75,72.5,755.8231173170757,298.4511108398437,0.0091597996652126,13.546481183251734,297.2352871266792,121,0.4999999999999999,-0.8660254037844387,1.2246467991473532e-16,-1.0,2,251.4805164046006
2026,5,1,12,925.0,18.75,72.75,755.9505818436979,299.0194702148437,0.0079619847238063,11.783555825951908,289.2083587212243,121,0.4999999999999999,-0.8660254037844387,1.2246467991473532e-16,-1.0,2,250.74262489040086
2026,5,1,12,925.0,18.75,73.0,756.7153690034314,298.0370483398437,0.0110042057931423,16.25606398853293,309.1052821732185,121,0.4999999999999999,-0.8660254037844387,1.2246467991473532e-16,-1.0,2,260.504103227815
2026,5,1,12,850.0,19.25,72.5,1494.197336756181,297.5917358398437,0.0042378865182399,5.776447150976362,245.9751440733732,121,0.4999999999999999,-0.8660254037844387,1.2246467991473532e-16,-1.0,2,234.87485893408495
2026,5,1,12,850.0,19.25,72.75,1493.8659289869631,297.2011108398437,0.0042569600045681,5.802378163973919,246.4399628213057,121,0.4999999999999999,-0.8660254037844387,1.2246467991473532e-16,-1.0,2,233.33355440235056
2026,5,1,12,850.0,19.25,73.0,1493.2540992591762,296.6757202148437,0.0047976933419704,6.537273010422037,250.03422764586776,121,0.4999999999999999,-0.8660254037844387,1.2246467991473532e-16,-1.0,2,232.80803086182922
2026,5,1,12,850.0,19.0,72.5,1495.7778968862967,297.3807983398437,0.0043890438973903,5.981933977191183,247.0335843608176,121,0.4999999999999999,-0.8660254037844387,1.2246467991473532e-16,-1.0,2,234.87158939501114
2026,5,1,12,850.0,19.0,72.75,1495.3700104011054,297.0819702148437,0.0043938122689723,5.988415598844103,247.3348672028896,121,0.4999999999999999,-0.8660254037844387,1.2246467991473532e-16,-1.0,2,233.23938911505354
2026,5,1,12,850.0,19.0,73.0,1494.9621239159144,296.6132202148437,0.0047771893441677,6.509415411871933,249.97464579782863,121,0.4999999999999999,-0.8660254037844387,1.2246467991473532e-16,-1.0,2,232.67838126012683
2026,5,1,12,850.0,18.75,72.5,1497.332964111088,297.1991577148437,0.0046446286141872,6.329296091991555,248.66687990048712,121,0.4999999999999999,-0.8660254037844387,1.2246467991473532e-16,-1.0,2,234.8974839513568
2026,5,1,12,850.0,18.75,72.75,1496.8995847205724,297.0507202148437,0.0046341381967067,6.3150408094044,248.744243429383,121,0.4999999999999999,-0.8660254037844387,1.2246467991473532e-16,-1.0,2,233.2704235354629
2026,5,1,12,850.0,18.75,73.0,1496.644655667328,296.5956420898437,0.0048072300851345,6.55022979714562,250.16415491853863,121,0.4999999999999999,-0.8660254037844387,1.2246467991473532e-16,-1.0,2,232.71541813565827
2026,5,1,18,1000.0,19.25,72.5,74.00829411674731,301.1166381835937,0.0195276588201522,31.02674644122908,385.34414528364033,121,0.4999999999999999,-0.8660254037844387,-1.0,-1.8369701987210294e-16,2,368.5185160735399
2026,5,1,18,1000.0,19.25,72.75,75.61434715218755,301.1908569335937,0.0194375365972518,30.88522641409769,384.6358524428055,121,0.4999999999999999,-0.8660254037844387,-1.0,-1.8369701987210294e-16,2,369.5234393554635
2026,5,1,18,1000.0,19.25,73.0,76.91448532373441,301.0697631835937,0.0192644447088241,30.613375132770045,383.7229754497636,121,0.4999999999999999,-0.8660254037844387,-1.0,-1.8369701987210294e-16,2,371.2565922538883
2026,5,1,18,1000.0,19.0,72.5,75.10448904569859,301.1166381835937,0.0194370597600936,30.884477590139703,384.75888486996047,121,0.4999999999999999,-0.8660254037844387,-1.0,-1.8369701987210294e-16,2,368.238239101776
2026,5,1,18,1000.0,19.0,72.75,76.54483819652991,301.2318725585937,0.0189783424139022,30.16391020847804,381.6011372575302,121,0.4999999999999999,-0.8660254037844387,-1.0,-1.8369701987210294e-16,2,369.48049315295503
2026,5,1,18,1000.0,19.0,73.0,77.57730086217006,300.9916381835937,0.0188796371221542,30.00880895825319,381.3661721613132,121,0.4999999999999999,-0.8660254037844387,-1.0,-1.8369701987210294e-16,2,370.51308911696486
2026,5,1,18,1000.0,18.75,72.5,76.35364140659655,301.1010131835937,0.0193812698125839,30.796862226086947,384.4249782266233,121,0.4999999999999999,-0.8660254037844387,-1.0,-1.8369701987210294e-16,2,368.1673269602415
2026,5,1,18,1000.0,18.75,72.75,77.36061116691225,301.2123413085937,0.0190570205450058,30.28752846506126,382.1421347113003,121,0.4999999999999999,-0.8660254037844387,-1.0,-1.8369701987210294e-16,2,369.37026207920064
2026,5,1,18,1000.0,18.75,73.0,78.67349579112134,300.7357788085937,0.0188762992620468,30.00356366686948,381.7742020167626,121,0.4999999999999999,-0.8660254037844387,-1.0,-1.8369701987210294e-16,2,370.3897359822574
2026,5,1,18,925.0,19.25,72.5,762.3639395843637,297.4627685546875,0.011733278632164,17.32546812980997,314.3420971156909,121,0.4999999999999999,-0.8660254037844387,-1.0,-1.8369701987210294e-16,2,257.4183141614149
2026,5,1,18,925.0,19.25,72.75,763.689570661235,296.1893310546875,0.0140273422002792,20.684271050869786,330.2898015029082,121,0.4999999999999999,-0.8660254037844387,-1.0,-1.8369701987210294e-16,2,256.7994993514975
2026,5,1,18,925.0,19.25,73.0,764.2249216730485,295.2537841796875,0.0159504264593124,23.49276600048002,343.6327855367331,121,0.4999999999999999,-0.8660254037844387,-1.0,-1.8369701987210294e-16,2,258.78321944774484
2026,5,1,18,925.0,19.0,72.5,763.3581628920172,297.5643310546875,0.0111968368291854,16.53870670940321,310.89560178077653,121,0.4999999999999999,-0.8660254037844387,-1.0,-1.8369701987210294e-16,2,256.72340186639366
2026,5,1,18,925.0,19.0,72.75,764.4543578209684,296.1209716796875,0.0144202560186386,21.25861599073876,332.829467000912,121,0.4999999999999999,-0.8660254037844387,-1.0,-1.8369701987210294e-16,2,256.0613331865554
2026,5,1,18,925.0,19.0,73.0,764.9132301168086,295.3670654296875,0.0158326476812362,23.32094739426085,342.7278490642017,121,0.4999999999999999,-0.8660254037844387,-1.0,-1.8369701987210294e-16,2,258.79068262090203
2026,5,1,18,925.0,18.75,72.5,764.3523861996707,297.5076904296875,0.0112964957952499,16.684908030701127,311.58417566477755,121,0.4999999999999999,-0.8660254037844387,-1.0,-1.8369701987210294e-16,2,256.49164008198983
2026,5,1,18,925.0,18.75,72.75,765.1426662647285,296.1502685546875,0.0141427367925643,20.85297823174821,331.06246235026015,121,0.4999999999999999,-0.8660254037844387,-1.0,-1.8369701987210294e-16,2,255.79375191351835
2026,5,1,18,925.0,18.75,73.0,765.7290030871909,295.5819091796875,0.0152280181646347,22.438515154824906,338.63897979955726,121,0.4999999999999999,-0.8660254037844387,-1.0,-1.8369701987210294e-16,2,258.78946336101103
2026,5,1,18,850.0,19.25,72.5,1503.748811393289,297.7669677734375,0.0045115798711776,6.148484574191486,247.38118314846807,121,0.4999999999999999,-0.8660254037844387,-1.0,-1.8369701987210294e-16,2,236.0965883097417
2026,5,1,18,850.0,19.25,72.75,1502.8565597069337,297.4447021484375,0.0043999999761581,5.996826459839967,247.0378776961076,121,0.4999999999999999,-0.8660254037844387,-1.0,-1.8369701987210294e-16,2,236.38399543264816
2026,5,1,18,850.0,19.25,73.0,1501.8113505886313,297.1497802734375,0.0044224113225936,6.027289351277743,247.43686646362923,121,0.4999999999999999,-0.8660254037844387,-1.0,-1.8369701987210294e-16,2,236.51435036683833
2026,5,1,18,850.0,19.0,72.5,1504.8195134169162,297.6751708984375,0.0045039504766464,6.138115441891828,247.42180112890583,121,0.4999999999999999,-0.8660254037844387,-1.0,-1.8369701987210294e-16,2,234.8753392322034
2026,5,1,18,850.0,19.0,72.75,1503.8762759199117,297.4095458984375,0.0043980926275253,5.994233835121222,247.0591355555117,121,0.4999999999999999,-0.8660254037844387,-1.0,-1.8369701987210294e-16,2,235.1229607842507
2026,5,1,18,850.0,19.0,73.0,1503.1114887601782,297.1907958984375,0.0043361037969589,5.909970268466467,246.90374605360205,121,0.4999999999999999,-0.8660254037844387,-1.0,-1.8369701987210294e-16,2,235.28247238272078
2026,5,1,18,850.0,18.75,72.5,1505.9157083458674,297.6029052734375,0.0045173019170761,6.156261360488422,247.56457827379268,121,0.4999999999999999,-0.8660254037844387,-1.0,-1.8369701987210294e-16,2,234.77233515973708
2026,5,1,18,850.0,18.75,72.75,1504.9979637541874,297.4017333984375,0.0044238418340682,6.029233763059098,247.21389052624585,121,0.4999999999999999,-0.8660254037844387,-1.0,-1.8369701987210294e-16,2,234.99997017564513
2026,5,1,18,850.0,18.75,73.0,1504.3861340264004,297.2103271484375,0.0043303817510604,5.9021917738584815,246.853035093854,121,0.4999999999999999,-0.8660254037844387,-1.0,-1.8369701987210294e-16,2,235.1694212751483
2026,5,5,0,1000.0,19.25,72.5,67.61156651353929,301.576416015625,0.0188009180128574,29.8850999488528,379.8802064809997,125,0.4999999999999999,-0.8660254037844387,0.0,1.0,2,382.38308889038666
2026,5,5,0,1000.0,19.25,72.75,68.31262140996161,301.369384765625,0.0195309557020664,31.03192328468757,384.93527891899913,125,0.4999999999999999,-0.8660254037844387,0.0,1.0,2,384.7466298167857
2026,5,5,0,1000.0,19.25,73.0,69.45980214956178,300.957275390625,0.019325915724039,30.7099255535568,384.31110765362814,125,0.4999999999999999,-0.8660254037844387,0.0,1.0,2,384.03370210358133
2026,5,5,0,1000.0,19.0,72.5,68.33811431528606,301.636962890625,0.0187856592237949,29.861119033838,379.68104489015536,125,0.4999999999999999,-0.8660254037844387,0.0,1.0,2,379.9243969702417
2026,5,5,0,1000.0,19.0,72.75,68.93719759041059,301.644775390625,0.0187556184828281,29.81390532232517,379.4744942528937,125,0.4999999999999999,-0.8660254037844387,0.0,1.0,2,381.25254798775245
2026,5,5,0,1000.0,19.0,73.0,69.81670282410406,301.117431640625,0.0187541879713535,29.811657007833333,380.3442292823837,125,0.4999999999999999,-0.8660254037844387,0.0,1.0,2,380.0922047726694
2026,5,5,0,1000.0,18.75,72.5,69.17938019099284,301.670166015625,0.0189625658094882,30.13912076598629,380.7652235496545,125,0.4999999999999999,-0.8660254037844387,0.0,1.0,2,379.3331215141398
2026,5,5,0,1000.0,18.75,72.75,69.42156279157511,301.752197265625,0.0187427438795566,29.79367035275496,379.2130186967615,125,0.4999999999999999,-0.8660254037844387,0.0,1.0,2,380.159506934453
2026,5,5,0,1000.0,18.75,73.0,70.6324757944864,301.072509765625,0.0186416544020175,29.63477748889256,379.6914261477706,125,0.4999999999999999,-0.8660254037844387,0.0,1.0,2,378.7383863323784
2026,5,5,0,925.0,19.25,72.5,755.9512789153279,295.3957214355469,0.0162093080580234,23.870343300521416,345.0334042836307,125,0.4999999999999999,-0.8660254037844387,0.0,1.0,2,263.10159623211433
2026,5,5,0,925.0,19.25,72.75,756.7670518857102,295.4132995605469,0.0168744958937168,24.839976582593884,349.1511507824054,125,0.4999999999999999,-0.8660254037844387,0.0,1.0,2,262.79543893222365
2026,5,5,0,925.0,19.25,73.0,756.9964880336303,295.0500183105469,0.0172283090651035,25.35540810301048,351.92038153609826,125,0.4999999999999999,-0.8660254037844387,0.0,1.0,2,267.6383839025884
2026,5,5,0,925.0,19.0,72.5,756.8307841490214,295.5636901855469,0.0158273614943027,23.313235202244755,342.4006316428291,125,0.4999999999999999,-0.8660254037844387,0.0,1.0,2,262.8850843981275
2026,5,5,0,925.0,19.0,72.75,757.4043745188214,295.5402526855469,0.0160257257521152,23.60260171374991,343.67141075628723,125,0.4999999999999999,-0.8660254037844387,0.0,1.0,2,262.50014311391095
2026,5,5,0,925.0,19.0,73.0,757.4808532347948,295.1457214355469,0.0164076723158359,24.15957681274448,346.65063099671266,125,0.4999999999999999,-0.8660254037844387,0.0,1.0,2,267.4753891274097
2026,5,5,0,925.0,18.75,72.5,757.6847964773904,295.6222839355469,0.0160571970045566,23.64850447336391,343.74400275959607,125,0.4999999999999999,-0.8660254037844387,0.0,1.0,2,263.0005335327109
2026,5,5,0,925.0,18.75,72.75,757.9779648886215,295.6867370605469,0.0158841051161289,23.39601777474283,342.56990911372003,125,0.4999999999999999,-0.8660254037844387,0.0,1.0,2,262.56699645370503
2026,5,5,0,925.0,18.75,73.0,758.1054294152437,295.2687683105469,0.0166232027113437,24.4737618917834,347.8072657696283,125,0.4999999999999999,-0.8660254037844387,0.0,1.0,2,267.52565001398455
2026,5,5,0,850.0,19.25,72.5,1493.3552742271827,296.57403564453125,0.0046421699225902,6.32595502639719,249.2333107798171,125,0.4999999999999999,-0.8660254037844387,0.0,1.0,2,266.0283299416378
2026,5,5,0,850.0,19.25,72.75,1493.3552742271827,296.64825439453125,0.0048743896186351,6.641469678356263,250.50159371981945,125,0.4999999999999999,-0.8660254037844387,0.0,1.0,2,267.2500802241825
2026,5,5,0,850.0,19.25,73.0,1493.0748522686138,296.67559814453125,0.0050579719245433,6.890838343700338,251.53269738439184,125,0.4999999999999999,-0.8660254037844387,0.0,1.0,2,268.64258860984415
2026,5,5,0,850.0,19.0,72.5,1493.6356961857516,296.62872314453125,0.0049096755683422,6.689404585730064,250.723146418284,125,0.4999999999999999,-0.8660254037844387,0.0,1.0,2,265.89129788372566
2026,5,5,0,850.0,19.0,72.75,1493.6102032804272,296.70294189453125,0.0049764327704906,6.780086641438976,251.0375633041812,125,0.4999999999999999,-0.8660254037844387,0.0,1.0,2,267.11979703370747
2026,5,5,0,850.0,19.0,73.0,1493.6102032804272,296.72052001953125,0.0050846748054027,6.927105528532542,251.64384451151128,125,0.4999999999999999,-0.8660254037844387,0.0,1.0,2,268.51026838454953
2026,5,5,0,850.0,18.75,72.5,1493.890625238996,296.67950439453125,0.0048839263617992,6.654425260856425,250.5271452007778,125,0.4999999999999999,-0.8660254037844387,0.0,1.0,2,265.847312256404
2026,5,5,0,850.0,18.75,72.75,1493.8651323336717,296.76348876953125,0.0049077682197093,6.686813562058828,250.58544282296248,125,0.4999999999999999,-0.8660254037844387,0.0,1.0,2,267.09146272028596
2026,5,5,0,850.0,18.75,73.0,1494.1200613869162,296.73614501953125,0.0049754790961742,6.778791235149373,251.00077199737177,125,0.4999999999999999,-0.8660254037844387,0.0,1.0,2,268.47919763388813
2026,5,5,6,1000.0,19.25,72.5,88.34486674858387,301.1751708984375,0.0187002830207347,29.72693254836264,379.8994046252214,125,0.4999999999999999,-0.8660254037844387,1.0,6.123233995736766e-17,2,369.9764571591849
2026,5,5,6,1000.0,19.25,72.75,86.64958854450806,302.5540771484375,0.0177346877753734,28.20833953651488,371.4254943302009,125,0.4999999999999999,-0.8660254037844387,1.0,6.123233995736766e-17,2,366.57571027824486
2026,5,5,6,1000.0,19.25,73.0,83.64142571622318,304.6322021484375,0.0168658904731273,26.84047303579775,362.615010799253,125,0.4999999999999999,-0.8660254037844387,1.0,6.123233995736766e-17,2,349.53072909802853
2026,5,5,6,1000.0,19.0,72.5,88.19190931663718,301.3294677734375,0.018562477082014,29.510312764248297,378.7524490676639,125,0.4999999999999999,-0.8660254037844387,1.0,6.123233995736766e-17,2,371.7340913663258
2026,5,5,6,1000.0,19.0,72.75,87.41437570424152,301.8216552734375,0.0187308005988597,29.77489885973833,379.02080908108,125,0.4999999999999999,-0.8660254037844387,1.0,6.123233995736766e-17,2,371.82327116567797
2026,5,5,6,1000.0,19.0,73.0,84.40621287595663,303.7396240234375,0.0180346183478832,28.680229524598428,371.4367304532207,125,0.4999999999999999,-0.8660254037844387,1.0,6.123233995736766e-17,2,360.96595679582816
2026,5,5,6,1000.0,18.75,72.5,88.26838803261053,301.4896240234375,0.0187026672065258,29.73067997978812,379.39118292351856,125,0.4999999999999999,-0.8660254037844387,1.0,6.123233995736766e-17,2,372.11781686878834
2026,5,5,6,1000.0,18.75,72.75,87.74578347345934,301.4700927734375,0.0185085944831371,29.42560392205843,378.1715974276885,125,0.4999999999999999,-0.8660254037844387,1.0,6.123233995736766e-17,2,372.3400743123153
2026,5,5,6,1000.0,18.75,73.0,84.7631135504989,303.2552490234375,0.0171691589057445,27.318112441537547,366.6908397012543,125,0.4999999999999999,-0.8660254037844387,1.0,6.123233995736766e-17,2,361.1543781663289
2026,5,5,6,925.0,19.25,72.5,775.8861333890778,295.2127685546875,0.0164014510810375,24.15050672334237,346.5095926955768,125,0.4999999999999999,-0.8660254037844387,1.0,6.123233995736766e-17,2,270.3530997725569
2026,5,5,6,925.0,19.25,72.75,776.5234560221891,295.9276123046875,0.0165673904120922,24.392410458583694,346.45382191771506,125,0.4999999999999999,-0.8660254037844387,1.0,6.123233995736766e-17,2,278.18580869915445
2026,5,5,6,925.0,19.25,73.0,776.3322592322558,297.1444091796875,0.0165568999946117,24.377119124012065,344.5468040734561,125,0.4999999999999999,-0.8660254037844387,1.0,6.123233995736766e-17,2,300.79481394800996
2026,5,5,6,925.0,19.0,72.5,776.0263443683623,295.2518310546875,0.0160805396735668,23.68255007033744,344.4477748171582,125,0.4999999999999999,-0.8660254037844387,1.0,6.123233995736766e-17,2,265.7470547049179
2026,5,5,6,925.0,19.0,72.75,776.0390908210245,295.5994873046875,0.017034213989973,25.07267948583313,349.85775463053267,125,0.4999999999999999,-0.8660254037844387,1.0,6.123233995736766e-17,2,270.99564483042064
2026,5,5,6,925.0,19.0,73.0,776.2430340636201,296.5643310546875,0.0173427276313304,25.522045000349262,350.2782205502535,125,0.4999999999999999,-0.8660254037844387,1.0,6.123233995736766e-17,2,298.0969958398327
2026,5,5,6,925.0,18.75,72.5,776.2047947056335,295.3612060546875,0.016235988587141,23.909250009356896,345.25200094664376,125,0.4999999999999999,-0.8660254037844387,1.0,6.123233995736766e-17,2,265.6124748074886
2026,5,5,6,925.0,18.75,72.75,775.8733869364156,295.5115966796875,0.0166546516120433,24.519599079379194,347.6312800373451,125,0.4999999999999999,-0.8660254037844387,1.0,6.123233995736766e-17,2,270.4981079889661
2026,5,5,6,925.0,18.75,73.0,776.459723758878,296.6033935546875,0.0163728408515453,24.108794300237413,344.22578062030834,125,0.4999999999999999,-0.8660254037844387,1.0,6.123233995736766e-17,2,296.82814047037635
2026,5,5,6,850.0,19.25,72.5,1513.3815446661197,296.6283874511719,0.0031730234622955,4.32778005007048,240.71207496364903,125,0.4999999999999999,-0.8660254037844387,1.0,6.123233995736766e-17,2,270.6790346410069
2026,5,5,6,850.0,19.25,72.75,1513.559995003391,296.6244812011719,0.0034429132938385,4.695122135307935,242.2727623112564,125,0.4999999999999999,-0.8660254037844387,1.0,6.123233995736766e-17,2,271.71293741131336
2026,5,5,6,850.0,19.25,73.0,1513.700205982675,296.4408874511719,0.0036632120609283,4.994877610830068,243.7074729890581,125,0.4999999999999999,-0.8660254037844387,1.0,6.123233995736766e-17,2,272.62696904562137
2026,5,5,6,850.0,19.0,72.5,1514.0188672992308,296.5795593261719,0.0034028589725494,4.640612534351734,242.08132085001395,125,0.4999999999999999,-0.8660254037844387,1.0,6.123233995736766e-17,2,270.4748885940435
2026,5,5,6,850.0,19.0,72.75,1514.1718247311774,296.6440124511719,0.0036489069461822,4.975415400868689,243.4435931749996,125,0.4999999999999999,-0.8660254037844387,1.0,6.123233995736766e-17,2,271.4740910698732
2026,5,5,6,850.0,19.0,73.0,1514.426753784422,296.6029968261719,0.003829151391983,5.220614574402197,244.51979955381103,125,0.4999999999999999,-0.8660254037844387,1.0,6.123233995736766e-17,2,272.411238558229
2026,5,5,6,850.0,18.75,72.5,1514.783654458964,296.5111999511719,0.003716617822647,5.067533544911344,243.95290189820497,125,0.4999999999999999,-0.8660254037844387,1.0,6.123233995736766e-17,2,270.25037979916675
2026,5,5,6,850.0,18.75,72.75,1514.885626080262,296.6576843261719,0.0039187967777252,5.342545531648619,244.987430739065,125,0.4999999999999999,-0.8660254037844387,1.0,6.123233995736766e-17,2,271.18380630677035
2026,5,5,6,850.0,18.75,73.0,1515.2680196601286,296.7397155761719,0.0041309893131256,5.63110589339543,246.13579406367128,125,0.4999999999999999,-0.8660254037844387,1.0,6.123233995736766e-17,2,272.15206302163654
2026,5,5,12,1000.0,19.25,72.5,66.27159567742298,301.04754638671875,0.0182229839265346,28.976503898145737,377.0237986055173,125,0.4999999999999999,-0.8660254037844387,1.2246467991473532e-16,-1.0,2,369.25240560342195
2026,5,5,12,1000.0,19.25,72.75,65.03518976918724,301.89910888671875,0.0182005725800991,28.941257302971906,375.480649189337,125,0.4999999999999999,-0.8660254037844387,1.2246467991473532e-16,-1.0,2,367.6236568348882
2026,5,5,12,1000.0,19.25,73.0,61.88681596161789,303.73309326171875,0.0176650844514369,28.098806156246457,369.09640261371993,125,0.4999999999999999,-0.8660254037844387,1.2246467991473532e-16,-1.0,2,349.00693118584115
2026,5,5,12,1000.0,19.0,72.5,67.0236363844942,301.28387451171875,0.0183245502412319,29.13622656537441,377.2909194736041,125,0.4999999999999999,-0.8660254037844387,1.2246467991473532e-16,-1.0,2,371.0232144589264
2026,5,5,12,1000.0,19.0,72.75,66.24610277209852,301.48699951171875,0.0184599719941616,29.34915979057624,377.8299175224545,125,0.4999999999999999,-0.8660254037844387,1.2246467991473532e-16,-1.0,2,370.65113922477934
2026,5,5,12,1000.0,19.0,73.0,63.60758707101814,303.00262451171875,0.0178853832185268,28.445454580323155,371.66908576923777,125,0.4999999999999999,-0.8660254037844387,1.2246467991473532e-16,-1.0,2,360.59606484967514
2026,5,5,12,1000.0,18.75,72.5,67.7629306389032,301.62371826171875,0.0180932842195034,28.772510447607303,375.2398593502607,125,0.4999999999999999,-0.8660254037844387,1.2246467991473532e-16,-1.0,2,371.39719251513816
2026,5,5,12,1000.0,18.75,72.75,66.9726505738453,301.43621826171875,0.0183798633515834,29.22320347851624,377.3968051057898,125,0.4999999999999999,-0.8660254037844387,1.2246467991473532e-16,-1.0,2,371.0820077413047
2026,5,5,12,1000.0,18.75,73.0,65.14990784314726,302.36981201171875,0.0179631076753139,28.567735034944256,373.18816964228085,125,0.4999999999999999,-0.8660254037844387,1.2246467991473532e-16,-1.0,2,361.66460935786336
2026,5,5,12,925.0,19.25,72.5,753.8391518765328,297.0057983398437,0.0115095935761928,16.997466929423517,313.5513544087814,125,0.4999999999999999,-0.8660254037844387,1.2246467991473532e-16,-1.0,2,254.4369030181739
2026,5,5,12,925.0,19.25,72.75,753.8773912345195,296.8593139648437,0.0146571956574916,21.60483301470162,333.24270694252664,125,0.4999999999999999,-0.8660254037844387,1.2246467991473532e-16,-1.0,2,253.34941704640676
2026,5,5,12,925.0,19.25,73.0,753.9921093084795,296.9120483398437,0.0168363414704799,24.78438049101183,346.6202615742965,125,0.4999999999999999,-0.8660254037844387,1.2246467991473532e-16,-1.0,2,277.1948175322896
2026,5,5,12,925.0,19.0,72.5,754.9226003528219,296.0429077148437,0.0153319202363491,22.59020172985188,338.6082841518163,125,0.4999999999999999,-0.8660254037844387,1.2246467991473532e-16,-1.0,2,253.7717788442231
2026,5,5,12,925.0,19.0,72.75,754.3872493410084,296.6386108398437,0.0118953548371791,17.56307370538675,316.42610519481855,125,0.4999999999999999,-0.8660254037844387,1.2246467991473532e-16,-1.0,2,252.58065351260623
2026,5,5,12,925.0,19.0,73.0,754.4382351516573,296.9179077148437,0.0140292011201381,20.686988982258807,329.27556702221,125,0.4999999999999999,-0.8660254037844387,1.2246467991473532e-16,-1.0,2,277.26590524923006
2026,5,5,12,925.0,18.75,72.5,755.9295701131375,295.8104858398437,0.0154535137116909,22.76769187513246,339.706515084272,125,0.4999999999999999,-0.8660254037844387,1.2246467991473532e-16,-1.0,2,253.71619654746155
2026,5,5,12,925.0,18.75,72.75,755.101050690093,296.5038452148437,0.0134398303925991,19.82496338613249,326.20042760212755,125,0.4999999999999999,-0.8660254037844387,1.2246467991473532e-16,-1.0,2,252.53254056063807
2026,5,5,12,925.0,18.75,73.0,755.2795010273642,296.7870483398437,0.0149118266999721,21.976790627368388,334.92123630778303,125,0.4999999999999999,-0.8660254037844387,1.2246467991473532e-16,-1.0,2,277.89370427028604
2026,5,5,12,850.0,19.25,72.5,1493.086005414693,296.2331237792969,0.0027023227885365,3.686830151631152,238.3334016376109,125,0.4999999999999999,-0.8660254037844387,1.2246467991473532e-16,-1.0,2,251.7623087230987
2026,5,5,12,850.0,19.25,72.75,1493.2007234886532,296.5085144042969,0.0025964649394154,3.5426338132575195,237.48573071292108,125,0.4999999999999999,-0.8660254037844387,1.2246467991473532e-16,-1.0,2,251.3593608946608
2026,5,5,12,850.0,19.25,73.0,1493.086005414693,295.9538269042969,0.0040517719462513,5.523386980136716,246.3941779562772,125,0.4999999999999999,-0.8660254037844387,1.2246467991473532e-16,-1.0,2,251.56263415249762
2026,5,5,12,850.0,19.0,72.5,1493.4046667312489,296.3835144042969,0.0028119953349232,3.836203220166405,238.8387874108493,125,0.4999999999999999,-0.8660254037844387,1.2246467991473532e-16,-1.0,2,250.42455665781173
2026,5,5,12,850.0,19.0,72.75,1493.5703706158577,296.4421081542969,0.0027647884562611,3.771910292535064,238.51546738109167,125,0.4999999999999999,-0.8660254037844387,1.2246467991473532e-16,-1.0,2,249.70291290697224
2026,5,5,12,850.0,19.0,73.0,1493.7488209531289,296.4362487792969,0.0030818851664662,4.203706226732439,240.35333923019127,125,0.4999999999999999,-0.8660254037844387,1.2246467991473532e-16,-1.0,2,249.95676191999044
2026,5,5,12,850.0,18.75,72.5,1494.0164964590356,296.3893737792969,0.0028816135600209,3.9310123330002993,239.236306558981,125,0.4999999999999999,-0.8660254037844387,1.2246467991473532e-16,-1.0,2,249.87901091513152
2026,5,5,12,850.0,18.75,72.75,1494.1312145329955,296.4655456542969,0.0028925808146595,3.945947284994906,239.2339331015417,125,0.4999999999999999,-0.8660254037844387,1.2246467991473532e-16,-1.0,2,249.15287931037727
2026,5,5,12,850.0,18.75,73.0,1494.3733971335778,296.5671081542969,0.0031085880473256,4.24006040676979,240.3935902842976,125,0.4999999999999999,-0.8660254037844387,1.2246467991473532e-16,-1.0,2,249.4050625617372
2026,5,5,18,1000.0,19.25,72.5,83.92177298854604,300.572998046875,0.0171265564858913,27.25102532638448,370.683719571112,125,0.4999999999999999,-0.8660254037844387,-1.0,-1.8369701987210294e-16,2,375.19822649569267
2026,5,5,18,1000.0,19.25,72.75,84.67381369561727,300.485107421875,0.0177159272134304,28.178817312102662,374.657838295621,125,0.4999999999999999,-0.8660254037844387,-1.0,-1.8369701987210294e-16,2,376.5072150653743
2026,5,5,18,1000.0,19.25,73.0,85.38761504470182,300.477294921875,0.0180683098733425,28.733226806599205,376.9610317491157,125,0.4999999999999999,-0.8660254037844387,-1.0,-1.8369701987210294e-16,2,378.1209917149655
2026,5,5,18,1000.0,19.0,72.5,84.77578531691506,300.676513671875,0.0174059830605983,27.69098280172641,372.3325644229805,125,0.4999999999999999,-0.8660254037844387,-1.0,-1.8369701987210294e-16,2,374.4593989215741
2026,5,5,18,1000.0,19.0,72.75,85.18367180210623,300.709716796875,0.0178923569619655,28.45642652949152,375.4362219639938,125,0.4999999999999999,-0.8660254037844387,-1.0,-1.8369701987210294e-16,2,375.2203756712744
2026,5,5,18,1000.0,19.0,73.0,85.55331892931073,300.563232421875,0.0181851349771022,28.916977845971747,377.5780142829481,125,0.4999999999999999,-0.8660254037844387,-1.0,-1.8369701987210294e-16,2,376.66189846619625
2026,5,5,18,1000.0,18.75,72.5,85.66803700327074,300.811279296875,0.0177078209817409,28.166060878815856,374.0729244958593,125,0.4999999999999999,-0.8660254037844387,-1.0,-1.8369701987210294e-16,2,374.24910742216207
2026,5,5,18,1000.0,18.75,72.75,85.5405724766485,300.873779296875,0.017966266721487,28.57270478108944,375.6466444192148,125,0.4999999999999999,-0.8660254037844387,-1.0,-1.8369701987210294e-16,2,374.96339659004997
2026,5,5,18,1000.0,18.75,73.0,85.98669831982635,300.469482421875,0.018032070249319,28.67622123948262,376.73840095341257,125,0.4999999999999999,-0.8660254037844387,-1.0,-1.8369701987210294e-16,2,376.0970096894381
2026,5,5,18,925.0,19.25,72.5,769.425623731728,296.49591064453125,0.0104165039956569,15.39333742188876,307.4080890905617,125,0.4999999999999999,-0.8660254037844387,-1.0,-1.8369701987210294e-16,2,255.6304154625554
2026,5,5,18,925.0,19.25,72.75,770.2413967021104,295.75177001953125,0.0112214051187038,16.57475042262176,313.38428075731,125,0.4999999999999999,-0.8660254037844387,-1.0,-1.8369701987210294e-16,2,254.92883773700814
2026,5,5,18,925.0,19.25,73.0,770.5982973766526,295.67364501953125,0.0116152726113796,17.152440710052392,315.9505489646323,125,0.4999999999999999,-0.8660254037844387,-1.0,-1.8369701987210294e-16,2,276.4001290674478
2026,5,5,18,925.0,19.0,72.5,770.4325934920437,295.50958251953125,0.0120000801980495,17.71657757274955,318.5762415438322,125,0.4999999999999999,-0.8660254037844387,-1.0,-1.8369701987210294e-16,2,254.89787400015712
2026,5,5,18,925.0,19.0,72.75,770.8914657878838,295.12677001953125,0.0129156075417995,19.05770954828592,324.8310770066517,125,0.4999999999999999,-0.8660254037844387,-1.0,-1.8369701987210294e-16,2,254.0926569147601
2026,5,5,18,925.0,19.0,73.0,771.1463948411283,294.93341064453125,0.0139188729226589,20.525667303737748,331.39227000909887,125,0.4999999999999999,-0.8660254037844387,-1.0,-1.8369701987210294e-16,2,276.5890657331263
2026,5,5,18,925.0,18.75,72.5,771.4905490630083,294.75177001953125,0.0146956406533718,21.660999658165537,336.52513886069227,125,0.4999999999999999,-0.8660254037844387,-1.0,-1.8369701987210294e-16,2,254.79287046483645
2026,5,5,18,925.0,18.75,72.75,771.4905490630083,294.72637939453125,0.0149922333657741,22.09422264452499,338.42243999411835,125,0.4999999999999999,-0.8660254037844387,-1.0,-1.8369701987210294e-16,2,253.99512272423283
2026,5,5,18,925.0,18.75,73.0,771.6817458529416,294.46856689453125,0.0156979523599147,23.12442065050508,343.2333811102705,125,0.4999999999999999,-0.8660254037844387,-1.0,-1.8369701987210294e-16,2,277.3325913387042
2026,5,5,18,850.0,19.25,72.5,1508.148727521631,296.0555419921875,0.0020781599450856,2.8363470684865915,234.8664361708825,125,0.4999999999999999,-0.8660254037844387,-1.0,-1.8369701987210294e-16,2,260.3811409593885
2026,5,5,18,850.0,19.25,72.75,1507.995770089684,296.1082763671875,0.0021334730554372,2.911742627143956,235.1431994739058,125,0.4999999999999999,-0.8660254037844387,-1.0,-1.8369701987210294e-16,2,260.7777568317448
2026,5,5,18,850.0,19.25,73.0,1507.3711939092352,296.0711669921875,0.0024343573022633,3.321779820122793,236.919001627971,125,0.4999999999999999,-0.8660254037844387,-1.0,-1.8369701987210294e-16,2,261.08963161311823
2026,5,5,18,850.0,19.0,72.5,1508.046755900333,295.6512451171875,0.0026575170923024,3.6257994575130703,238.57294063768973,125,0.4999999999999999,-0.8660254037844387,-1.0,-1.8369701987210294e-16,2,258.24990568208307
2026,5,5,18,850.0,19.0,72.75,1507.9702771843597,295.7391357421875,0.0027166448999196,3.706337873094732,238.8409167466873,125,0.4999999999999999,-0.8660254037844387,-1.0,-1.8369701987210294e-16,2,258.6405032920431
2026,5,5,18,850.0,19.0,73.0,1507.6006300571553,295.7567138671875,0.0025793157983571,3.519272032041956,238.0280920737236,125,0.4999999999999999,-0.8660254037844387,-1.0,-1.8369701987210294e-16,2,258.98695118335297
2026,5,5,18,850.0,18.75,72.5,1508.1869668796176,295.5184326171875,0.0029140554834157,3.975190413334406,240.1794007832516,125,0.4999999999999999,-0.8660254037844387,-1.0,-1.8369701987210294e-16,2,256.1570568860198
2026,5,5,18,850.0,18.75,72.75,1508.1869668796176,295.6102294921875,0.0028921209741383,3.945321088872099,239.97205066715645,125,0.4999999999999999,-0.8660254037844387,-1.0,-1.8369701987210294e-16,2,256.5398891636593
2026,5,5,18,850.0,18.75,73.0,1508.046755900333,295.6141357421875,0.0026594244409352,3.62839756111608,238.6159215494064,125,0.4999999999999999,-0.8660254037844387,-1.0,-1.8369701987210294e-16,2,256.884671293311
2026,5,15,0,1000.0,19.25,72.5,40.85317743571965,301.8052978515625,0.0201199539005756,31.956453575038584,387.98145087190966,135,0.4999999999999999,-0.8660254037844387,0.0,1.0,2,397.53549431575397
2026,5,15,0,1000.0,19.25,72.75,41.05712067831523,301.5592041015625,0.0210030563175678,33.34140470751361,394.085602149604,135,0.4999999999999999,-0.8660254037844387,0.0,1.0,2,398.5545636782699
2026,5,15,0,1000.0,19.25,73.0,41.27381037357304,300.8189697265625,0.0209429748356342,33.24722670585484,395.0044960397095,135,0.4999999999999999,-0.8660254037844387,0.0,1.0,2,396.0063982743525
2026,5,15,0,1000.0,19.0,72.5,42.34451239719986,301.7310791015625,0.0200694091618061,31.87714087934155,387.7841358964091,135,0.4999999999999999,-0.8660254037844387,0.0,1.0,2,396.76901967812427
2026,5,15,0,1000.0,19.0,72.75,42.01310462798204,301.8502197265625,0.0204232223331928,32.432228681543265,389.85196320041575,135,0.4999999999999999,-0.8660254037844387,0.0,1.0,2,397.3588029626014
2026,5,15,0,1000.0,19.0,73.0,41.949372364670914,301.0006103515625,0.02072649076581,32.907830597497274,393.2862073288907,135,0.4999999999999999,-0.8660254037844387,0.0,1.0,2,394.5942172356114
2026,5,15,0,1000.0,18.75,72.5,43.97605833796455,301.6783447265625,0.020250130444765,32.160699016653496,389.03690671534537,135,0.4999999999999999,-0.8660254037844387,0.0,1.0,2,395.9476000390542
2026,5,15,0,1000.0,18.75,72.75,43.12204600959553,301.9771728515625,0.0202820785343647,32.210820308712414,388.72663471241935,135,0.4999999999999999,-0.8660254037844387,0.0,1.0,2,396.27888331478886
2026,5,15,0,1000.0,18.75,73.0,43.79760800069341,301.0338134765625,0.0204728133976459,32.510011906241346,391.5904550304141,135,0.4999999999999999,-0.8660254037844387,0.0,1.0,2,393.4047066205665
2026,5,15,0,925.0,19.25,72.5,731.4863550817558,300.11016845703125,0.0080774314701557,11.953579765614911,288.68341507553504,135,0.4999999999999999,-0.8660254037844387,0.0,1.0,2,335.03184531607945
2026,5,15,0,925.0,19.25,72.75,731.0657221439023,298.41680908203125,0.0117304809391498,17.321366271718706,313.0872169694815,135,0.4999999999999999,-0.8660254037844387,0.0,1.0,2,340.42967416507645
2026,5,15,0,925.0,19.25,73.0,730.1607240048845,297.17657470703125,0.0150425918400287,22.167764203050936,335.1670012495407,135,0.4999999999999999,-0.8660254037844387,0.0,1.0,2,343.7318274084467
2026,5,15,0,925.0,19.0,72.5,732.4295925787603,299.41485595703125,0.0088546760380268,13.097647307060887,294.2291101179076,135,0.4999999999999999,-0.8660254037844387,0.0,1.0,2,334.91897908038834
2026,5,15,0,925.0,19.0,72.75,731.9962131882447,297.86212158203125,0.0130913741886615,19.315016086111875,322.18721983459034,135,0.4999999999999999,-0.8660254037844387,0.0,1.0,2,340.42758098052633
2026,5,15,0,925.0,19.0,73.0,731.1294544072135,296.88165283203125,0.0160210616886615,23.59579874205044,341.6364500181705,135,0.4999999999999999,-0.8660254037844387,0.0,1.0,2,343.27794649052373
2026,5,15,0,925.0,18.75,72.5,733.5257875077117,298.55352783203125,0.0104554183781147,15.45048136408983,305.0815403814272,135,0.4999999999999999,-0.8660254037844387,0.0,1.0,2,334.0442554665458
2026,5,15,0,925.0,18.75,72.75,733.1179010225205,297.32696533203125,0.0141861923038959,20.91650421667476,329.67069814007243,135,0.4999999999999999,-0.8660254037844387,0.0,1.0,2,339.5527377370282
2026,5,15,0,925.0,18.75,73.0,732.4678319367471,296.59259033203125,0.0163529403507709,24.079779421497125,344.1190128405438,135,0.4999999999999999,-0.8660254037844387,0.0,1.0,2,342.9490353259808
2026,5,15,0,850.0,19.25,72.5,1473.1290438121073,296.42095947265625,0.0048184618353843,6.565489258224168,250.39273345672103,135,0.4999999999999999,-0.8660254037844387,0.0,1.0,2,271.7468821209611
2026,5,15,0,850.0,19.25,72.75,1472.1858063151026,296.46197509765625,0.0047736391425132,6.504591887456511,250.09579030882168,135,0.4999999999999999,-0.8660254037844387,0.0,1.0,2,272.91183936265827
2026,5,15,0,850.0,19.25,73.0,1470.9621468595292,296.73150634765625,0.0046129450201988,6.286241143284621,248.9185797106257,135,0.4999999999999999,-0.8660254037844387,0.0,1.0,2,273.9995561432513
2026,5,15,0,850.0,19.0,72.5,1473.6898877292451,296.38775634765625,0.0048561319708824,6.6166664052372415,250.64120894125423,135,0.4999999999999999,-0.8660254037844387,0.0,1.0,2,272.30298940690557
2026,5,15,0,850.0,19.0,72.75,1472.6446786109427,296.41705322265625,0.0048394426703453,6.593993273922164,250.51740693476492,135,0.4999999999999999,-0.8660254037844387,0.0,1.0,2,273.51281465209814
2026,5,15,0,850.0,19.0,73.0,1471.573976587316,296.69244384765625,0.0046167597174644,6.291425036533705,248.97682493122105,135,0.4999999999999999,-0.8660254037844387,0.0,1.0,2,274.5998906928283
2026,5,15,0,850.0,18.75,72.5,1474.4036890783295,296.34283447265625,0.0049367174506187,6.726138786759335,251.14843207847127,135,0.4999999999999999,-0.8660254037844387,0.0,1.0,2,272.9883749238119
2026,5,15,0,850.0,18.75,72.75,1473.2055225280806,296.38580322265625,0.0048465952277183,6.603710386351243,250.5880327238501,135,0.4999999999999999,-0.8660254037844387,0.0,1.0,2,274.2418502975323
2026,5,15,0,850.0,18.75,73.0,1472.313270841725,296.59478759765625,0.0046830400824546,6.3814913558201525,249.44947839894388,135,0.4999999999999999,-0.8660254037844387,0.0,1.0,2,275.3941106960141
2026,5,15,6,1000.0,19.25,72.5,71.93301229267895,301.61553955078125,0.0198611393570899,31.550281800023463,386.64255612196473,135,0.4999999999999999,-0.8660254037844387,1.0,6.123233995736766e-17,2,387.6628075093396
2026,5,15,6,1000.0,19.25,72.75,70.30146635191427,303.21514892578125,0.0192364826798439,30.569453770966007,379.9447432787852,135,0.4999999999999999,-0.8660254037844387,1.0,6.123233995736766e-17,2,381.28363926616476
2026,5,15,6,1000.0,19.25,73.0,67.02562801772267,305.44561767578125,0.0179261341691017,28.509567675841403,368.03583547509385,135,0.4999999999999999,-0.8660254037844387,1.0,6.123233995736766e-17,2,354.56317887861593
2026,5,15,6,1000.0,19.0,72.5,72.25167360923456,301.66436767578125,0.0193981304764747,30.8233416872184,383.579427773468,135,0.4999999999999999,-0.8660254037844387,1.0,6.123233995736766e-17,2,390.60863681225095
2026,5,15,6,1000.0,19.0,72.75,71.3211825648922,302.31671142578125,0.0196994915604591,31.29653504418769,384.41088590653465,135,0.4999999999999999,-0.8660254037844387,1.0,6.123233995736766e-17,2,390.26321894110225
2026,5,15,6,1000.0,19.0,73.0,68.4149913579051,304.41241455078125,0.0184883251786232,29.3937371252296,373.2320877159959,135,0.4999999999999999,-0.8660254037844387,1.0,6.123233995736766e-17,2,372.16947149560974
2026,5,15,6,1000.0,18.75,72.5,72.5958278311146,301.77178955078125,0.0194601193070411,30.92068975756292,383.7966575016325,135,0.4999999999999999,-0.8660254037844387,1.0,6.123233995736766e-17,2,390.6555608349062
2026,5,15,6,1000.0,18.75,72.75,71.86928002936783,301.78350830078125,0.0195182934403419,31.01204058424735,384.15097295675497,135,0.4999999999999999,-0.8660254037844387,1.0,6.123233995736766e-17,2,390.49687506406565
2026,5,15,6,1000.0,18.75,73.0,69.38372176023412,303.50811767578125,0.0182236805558204,28.977599480218814,373.0126722520514,135,0.4999999999999999,-0.8660254037844387,1.0,6.123233995736766e-17,2,372.33649206674403
2026,5,15,6,925.0,19.25,72.5,761.1236499913325,297.51922607421875,0.0119275227189064,17.610226662183713,315.4685196739627,135,0.4999999999999999,-0.8660254037844387,1.0,6.123233995736766e-17,2,326.46145655912466
2026,5,15,6,925.0,19.25,72.75,761.7354797191192,297.11102294921875,0.0156964436173439,23.122219144373734,339.2945970456406,135,0.4999999999999999,-0.8660254037844387,1.0,6.123233995736766e-17,2,337.0275111336141
2026,5,15,6,925.0,19.25,73.0,761.7864655297681,297.75555419921875,0.0172366276383399,25.367523878735067,347.7954768122092,135,0.4999999999999999,-0.8660254037844387,1.0,6.123233995736766e-17,2,344.2054567670201
2026,5,15,6,925.0,19.0,72.5,761.4932971185369,297.28680419921875,0.0122074261307716,18.02044294453704,317.5045097511005,135,0.4999999999999999,-0.8660254037844387,1.0,6.123233995736766e-17,2,326.4560791003147
2026,5,15,6,925.0,19.0,72.75,761.4168184025636,297.06024169921875,0.0140604153275489,20.732626443699225,329.26878442511713,135,0.4999999999999999,-0.8660254037844387,1.0,6.123233995736766e-17,2,336.07149991625306
2026,5,15,6,925.0,19.0,73.0,761.9266765090525,297.40789794921875,0.0162762776017189,23.967998836335106,342.4251363052593,135,0.4999999999999999,-0.8660254037844387,1.0,6.123233995736766e-17,2,343.415143759478
2026,5,15,6,925.0,18.75,72.5,761.7099868137948,297.16375732421875,0.0138229504227638,20.38539217482706,327.65687407007283,135,0.4999999999999999,-0.8660254037844387,1.0,6.123233995736766e-17,2,325.87576533099275
2026,5,15,6,925.0,18.75,72.75,761.2511145179546,296.81805419921875,0.0150217190384864,22.1372829161998,335.556018511376,135,0.4999999999999999,-0.8660254037844387,1.0,6.123233995736766e-17,2,334.62451295543286
2026,5,15,6,925.0,18.75,73.0,762.0541410356748,297.22430419921875,0.0162276402115821,23.897076179054768,342.39967058935144,135,0.4999999999999999,-0.8660254037844387,1.0,6.123233995736766e-17,2,342.2860447065001
2026,5,15,6,850.0,19.25,72.5,1501.3508849862085,295.9732360839844,0.0057220198214054,7.792383470936992,256.0378267404727,135,0.4999999999999999,-0.8660254037844387,1.0,6.123233995736766e-17,2,273.39101417272474
2026,5,15,6,850.0,19.25,72.75,1501.1087023856262,295.7994079589844,0.0056833960115909,7.73996568840145,255.9843420868199,135,0.4999999999999999,-0.8660254037844387,1.0,6.123233995736766e-17,2,274.03751923208443
2026,5,15,6,850.0,19.25,73.0,1500.6753229951105,295.6470642089844,0.0057668425142765,7.85321090994772,256.6165198017036,135,0.4999999999999999,-0.8660254037844387,1.0,6.123233995736766e-17,2,275.1414996584687
2026,5,15,6,850.0,19.0,72.5,1501.4783495128306,295.9263610839844,0.0058727003633975,7.996854094091594,256.9545482402114,135,0.4999999999999999,-0.8660254037844387,1.0,6.123233995736766e-17,2,273.7635059739174
2026,5,15,6,850.0,19.0,72.75,1500.9684914063416,295.8208923339844,0.0058145262300968,7.917917326406831,256.7218504569382,135,0.4999999999999999,-0.8660254037844387,1.0,6.123233995736766e-17,2,274.30845418197026
2026,5,15,6,850.0,19.0,73.0,1500.7263088057591,295.7798767089844,0.0056915022432804,7.750967154729465,256.05032977232065,135,0.4999999999999999,-0.8660254037844387,1.0,6.123233995736766e-17,2,275.38854343603094
2026,5,15,6,850.0,18.75,72.5,1501.605814039453,295.7837829589844,0.0060496069490909,8.23686534268958,258.11810940768777,135,0.4999999999999999,-0.8660254037844387,1.0,6.123233995736766e-17,2,274.313279589399
2026,5,15,6,850.0,18.75,72.75,1500.879266237706,295.8638610839844,0.0059423185884952,8.091312096310181,257.41852364763963,135,0.4999999999999999,-0.8660254037844387,1.0,6.123233995736766e-17,2,274.809752368176
2026,5,15,6,850.0,18.75,73.0,1500.8410268797195,295.9576110839844,0.0056194998323917,7.653244466344914,255.46058188850105,135,0.4999999999999999,-0.8660254037844387,1.0,6.123233995736766e-17,2,275.91965252251447
2026,5,15,12,1000.0,19.25,72.5,41.49059965049227,302.1136474609375,0.0189605243504047,30.13591303047068,380.01211019998055,135,0.4999999999999999,-0.8660254037844387,1.2246467991473532e-16,-1.0,2,381.90035663690225
2026,5,15,12,1000.0,19.25,72.75,40.22870083693208,302.4788818359375,0.0182714946568012,29.05279405726472,374.9890776915781,135,0.4999999999999999,-0.8660254037844387,1.2246467991473532e-16,-1.0,2,378.95775997531894
2026,5,15,12,1000.0,19.25,73.0,36.49399020690042,304.5198974609375,0.0167799480259418,26.70508436221716,362.2439634920747,135,0.4999999999999999,-0.8660254037844387,1.2246467991473532e-16,-1.0,2,352.76985738127456
2026,5,15,12,1000.0,19.0,72.5,41.86024677769677,302.1820068359375,0.0186181552708148,29.59783869081324,377.70036013308,135,0.4999999999999999,-0.8660254037844387,1.2246467991473532e-16,-1.0,2,382.59136103220465
2026,5,15,12,1000.0,19.0,72.75,40.54736215348769,302.2796630859375,0.0186782367527484,29.69228000970248,377.9248169184437,135,0.4999999999999999,-0.8660254037844387,1.2246467991473532e-16,-1.0,2,382.92240261719013
2026,5,15,12,1000.0,19.0,73.0,37.55194577786502,303.7347412109375,0.0176897533237934,28.13762812372514,369.250746693413,135,0.4999999999999999,-0.8660254037844387,1.2246467991473532e-16,-1.0,2,364.70402659014195
2026,5,15,12,1000.0,18.75,72.5,42.06419002029236,302.1937255859375,0.0186639316380023,29.66979459992055,377.9749283327029,135,0.4999999999999999,-0.8660254037844387,1.2246467991473532e-16,-1.0,2,382.7798458495686
2026,5,15,12,1000.0,18.75,72.75,40.61109441679881,302.1409912109375,0.0186768062412738,29.69003148611969,378.1447396401816,135,0.4999999999999999,-0.8660254037844387,1.2246467991473532e-16,-1.0,2,383.19437778180395
2026,5,15,12,1000.0,18.75,73.0,39.17074526596748,303.0198974609375,0.017909575253725,28.483516065557247,371.7959276812287,135,0.4999999999999999,-0.8660254037844387,1.2246467991473532e-16,-1.0,2,365.59154000606645
2026,5,15,12,925.0,19.25,72.5,731.9295930567523,299.4308166503906,0.007935095578432,11.743951487694307,288.5788555672987,135,0.4999999999999999,-0.8660254037844387,1.2246467991473532e-16,-1.0,2,306.79703143229085
2026,5,15,12,925.0,19.25,72.75,731.2540310656544,298.9464416503906,0.0112662799656391,16.640582776034275,309.56283167320265,135,0.4999999999999999,-0.8660254037844387,1.2246467991473532e-16,-1.0,2,311.2012868096216
2026,5,15,12,925.0,19.25,73.0,730.6676942431922,298.3878479003906,0.0146008022129535,21.52243967924602,330.7244110076564,135,0.4999999999999999,-0.8660254037844387,1.2246467991473532e-16,-1.0,2,308.94229632125274
2026,5,15,12,925.0,19.0,72.5,732.2355079206458,299.2765197753906,0.0084152705967426,12.450995227076934,291.6973275191169,135,0.4999999999999999,-0.8660254037844387,1.2246467991473532e-16,-1.0,2,305.37993375496995
2026,5,15,12,925.0,19.0,72.75,731.0883271810455,299.4366760253906,0.0094748027622699,14.009674037866128,297.99777813457206,135,0.4999999999999999,-0.8660254037844387,1.2246467991473532e-16,-1.0,2,308.7218043985487
2026,5,15,12,925.0,19.0,73.0,730.833398127801,298.3019104003906,0.0137095935642719,20.21960048262748,325.3844784326683,135,0.4999999999999999,-0.8660254037844387,1.2246467991473532e-16,-1.0,2,307.19989741877333
2026,5,15,12,925.0,18.75,72.5,732.2737472786324,299.1964416503906,0.0091805942356586,13.577063768377354,296.4813105227401,135,0.4999999999999999,-0.8660254037844387,1.2246467991473532e-16,-1.0,2,306.1077252053497
2026,5,15,12,925.0,18.75,72.75,731.0628342757211,299.8077697753906,0.0089931972324848,13.30143114982361,294.6178368697931,135,0.4999999999999999,-0.8660254037844387,1.2246467991473532e-16,-1.0,2,308.5751360979148
2026,5,15,12,925.0,18.75,73.0,731.0755807283833,298.3116760253906,0.0137048251926898,20.21262593616574,325.34181830819,135,0.4999999999999999,-0.8660254037844387,1.2246467991473532e-16,-1.0,2,307.33599676636777
2026,5,15,12,850.0,19.25,72.5,1472.7442602723663,296.1277160644531,0.0045814998447895,6.243508547636698,249.2987561120756,135,0.4999999999999999,-0.8660254037844387,1.2246467991473532e-16,-1.0,2,264.01974941627094
2026,5,15,12,850.0,19.25,72.75,1472.8589783463262,296.3288879394531,0.0045443065464496,6.192962405903945,248.8967869541333,135,0.4999999999999999,-0.8660254037844387,1.2246467991473532e-16,-1.0,2,264.051577618309
2026,5,15,12,850.0,19.25,73.0,1472.336373787175,296.6159973144531,0.0055690295994281,7.584740472681243,254.53094062961225,135,0.4999999999999999,-0.8660254037844387,1.2246467991473532e-16,-1.0,2,264.2815858786883
2026,5,15,12,850.0,19.0,72.5,1473.1776396628818,296.1706848144531,0.0047975070774555,6.537019946690386,250.50683603896616,135,0.4999999999999999,-0.8660254037844387,1.2246467991473532e-16,-1.0,2,262.8316383958025
2026,5,15,12,850.0,19.0,72.75,1472.9227106096375,296.3230285644531,0.0046101100742816,6.2823886445932855,249.2821057120447,135,0.4999999999999999,-0.8660254037844387,1.2246467991473532e-16,-1.0,2,262.77092474048214
2026,5,15,12,850.0,19.0,73.0,1472.4128525031483,296.8367004394531,0.0052757747471332,7.186618444666517,252.63245288430525,135,0.4999999999999999,-0.8660254037844387,1.2246467991473532e-16,-1.0,2,263.1834025571259
2026,5,15,12,850.0,18.75,72.5,1473.4580616214507,296.1980285644531,0.0049739368259906,6.776696317122356,251.5001339382692,135,0.4999999999999999,-0.8660254037844387,1.2246467991473532e-16,-1.0,2,263.2341927842855
2026,5,15,12,850.0,18.75,72.75,1472.8589783463262,296.3523254394531,0.0047598369419574,6.485839163560186,250.118898163695,135,0.4999999999999999,-0.8660254037844387,1.2246467991473532e-16,-1.0,2,263.1761633837662
2026,5,15,12,850.0,18.75,73.0,1472.4001060504863,297.0261535644531,0.0051670558750629,7.038986042574406,251.8277558053518,135,0.4999999999999999,-0.8660254037844387,1.2246467991473532e-16,-1.0,2,263.6038932256478
2026,5,15,18,1000.0,19.25,72.5,52.20648265462722,301.8065185546875,0.0196819379925727,31.268977351855145,385.1641521425559,135,0.4999999999999999,-0.8660254037844387,-1.0,-1.8369701987210294e-16,2,388.15093023564816
2026,5,15,18,1000.0,19.25,72.75,52.882044645725095,301.4178466796875,0.0200429037213325,31.83554772371441,388.1522189352706,135,0.4999999999999999,-0.8660254037844387,-1.0,-1.8369701987210294e-16,2,387.56207193011215
2026,5,15,18,1000.0,19.25,73.0,53.35366339422739,301.3514404296875,0.0198731496930122,31.569133068345824,387.1723011458369,135,0.4999999999999999,-0.8660254037844387,-1.0,-1.8369701987210294e-16,2,384.1879691519238
2026,5,15,18,1000.0,19.0,72.5,52.308454275925016,301.7967529296875,0.0196437910199165,31.209087664036304,384.9354960279081,135,0.4999999999999999,-0.8660254037844387,-1.0,-1.8369701987210294e-16,2,388.9752191657497
2026,5,15,18,1000.0,19.0,72.75,52.716340761116186,301.7088623046875,0.0198378637433052,31.51374792281841,386.3332589961775,135,0.4999999999999999,-0.8660254037844387,-1.0,-1.8369701987210294e-16,2,388.9292784153692
2026,5,15,18,1000.0,19.0,73.0,53.18795950961847,301.4979248046875,0.0196909978985786,31.283200749479,385.7479385343429,135,0.4999999999999999,-0.8660254037844387,-1.0,-1.8369701987210294e-16,2,384.85885954706845
2026,5,15,18,1000.0,18.75,72.5,52.39767944456058,301.7733154296875,0.0196576192975044,31.230797992932708,385.0642424425572,135,0.4999999999999999,-0.8660254037844387,-1.0,-1.8369701987210294e-16,2,389.02995114413267
2026,5,15,18,1000.0,18.75,72.75,52.33394718124946,301.8709716796875,0.0197157934308052,31.322127151549825,385.2721357586632,135,0.4999999999999999,-0.8660254037844387,-1.0,-1.8369701987210294e-16,2,388.97975716722203
2026,5,15,18,1000.0,18.75,73.0,53.36640984688962,301.3065185546875,0.0194583013653755,30.91783494136765,384.5734489075272,135,0.4999999999999999,-0.8660254037844387,-1.0,-1.8369701987210294e-16,2,384.65096666423847
2026,5,15,18,925.0,19.25,72.5,742.3741658243387,299.43048095703125,0.0087204053997993,12.90008404655966,293.38900540572246,135,0.4999999999999999,-0.8660254037844387,-1.0,-1.8369701987210294e-16,2,311.5604767000535
2026,5,15,18,925.0,19.25,72.75,742.5016303509609,298.48712158203125,0.0101771429181098,15.041787850028074,303.4527801032666,135,0.4999999999999999,-0.8660254037844387,-1.0,-1.8369701987210294e-16,2,314.8371184921709
2026,5,15,18,925.0,19.25,73.0,742.3104335610275,297.85821533203125,0.0111808851361274,16.515303683640425,310.4217885239875,135,0.4999999999999999,-0.8660254037844387,-1.0,-1.8369701987210294e-16,2,308.29326380851273
2026,5,15,18,925.0,19.0,72.5,742.5526161616098,299.64923095703125,0.0080967023968696,11.981958667997024,289.32164254260687,135,0.4999999999999999,-0.8660254037844387,-1.0,-1.8369701987210294e-16,2,310.0122650821856
2026,5,15,18,925.0,19.0,72.75,742.4251516349875,298.58868408203125,0.0098929479718208,14.62425877195622,301.5813276535687,135,0.4999999999999999,-0.8660254037844387,-1.0,-1.8369701987210294e-16,2,312.19486153365574
2026,5,15,18,925.0,19.0,73.0,742.2339548450542,297.56329345703125,0.0119924619793891,17.705411628757872,315.8117887593385,135,0.4999999999999999,-0.8660254037844387,-1.0,-1.8369701987210294e-16,2,307.8930292989682
2026,5,15,18,925.0,18.75,72.5,742.5908555195964,299.82891845703125,0.007571704685688,11.208595921030438,285.9096221412762,135,0.4999999999999999,-0.8660254037844387,-1.0,-1.8369701987210294e-16,2,310.125115086353
2026,5,15,18,925.0,18.75,72.75,742.2339548450542,298.84844970703125,0.009252555668354,13.682891550905298,297.33448164850256,135,0.4999999999999999,-0.8660254037844387,-1.0,-1.8369701987210294e-16,2,311.7091615217981
2026,5,15,18,925.0,18.75,73.0,741.9280399811607,297.39727783203125,0.013043887913227,19.245505833162163,322.524787688366,135,0.4999999999999999,-0.8660254037844387,-1.0,-1.8369701987210294e-16,2,308.50901772668936
2026,5,15,18,850.0,19.25,72.5,1484.0149127122922,296.62811279296875,0.0049338452517986,6.722237195047898,250.86290476009225,135,0.4999999999999999,-0.8660254037844387,-1.0,-1.8369701987210294e-16,2,271.7459876007012
2026,5,15,18,850.0,19.25,72.75,1483.77273011171,296.65936279296875,0.0049920193850994,6.801258225813357,251.1683930232737,135,0.4999999999999999,-0.8660254037844387,-1.0,-1.8369701987210294e-16,2,271.52663112998033
2026,5,15,18,850.0,19.25,73.0,1482.8422390673677,296.81561279296875,0.0047445408999919,6.465056426175655,249.59757854005733,135,0.4999999999999999,-0.8660254037844387,-1.0,-1.8369701987210294e-16,2,270.3313866203428
2026,5,15,18,850.0,19.0,72.5,1484.4355456501455,296.85467529296875,0.0039568059146404,5.394239567416052,245.0286495013626,135,0.4999999999999999,-0.8660254037844387,-1.0,-1.8369701987210294e-16,2,270.959566957803
2026,5,15,18,850.0,19.0,72.75,1483.8492088276832,296.96990966796875,0.0039415471255779,5.373487254366312,244.83694291387104,135,0.4999999999999999,-0.8660254037844387,-1.0,-1.8369701987210294e-16,2,270.76639041772614
2026,5,15,18,850.0,19.0,73.0,1483.0716752152878,297.26873779296875,0.0037026514764875,5.048533466518481,243.19638432360892,135,0.4999999999999999,-0.8660254037844387,-1.0,-1.8369701987210294e-16,2,269.5978180035134
2026,5,15,18,850.0,18.75,72.5,1484.8179392300124,297.06951904296875,0.0033364405389875,4.550218390077785,241.2675893679316,135,0.4999999999999999,-0.8660254037844387,-1.0,-1.8369701987210294e-16,2,270.18341071505967
2026,5,15,18,850.0,18.75,72.75,1484.0149127122922,297.33123779296875,0.0032868494745343,4.482721205907826,240.753523111307,135,0.4999999999999999,-0.8660254037844387,-1.0,-1.8369701987210294e-16,2,269.9851717633814
2026,5,15,18,850.0,18.75,73.0,1483.3775900791811,297.70623779296875,0.0032096018549054,4.377573272719831,239.983947811786,135,0.4999999999999999,-0.8660254037844387,-1.0,-1.8369701987210294e-16,2,268.81130682872697
2026,5,25,0,1000.0,19.25,72.5,72.72304340358329,302.6531982421875,0.0200838409364223,31.89978710907569,386.2981565615089,145,0.4999999999999999,-0.8660254037844387,0.0,1.0,2,396.488897779208
2026,5,25,0,1000.0,19.25,72.75,73.05445117280111,302.2547607421875,0.0214132629334926,33.98422407075424,395.4892684447942,145,0.4999999999999999,-0.8660254037844387,0.0,1.0,2,396.9651521980972
2026,5,25,0,1000.0,19.25,73.0,73.70452025857455,301.7606201171875,0.0210027061402797,33.340855822664025,393.72909388959545,145,0.4999999999999999,-0.8660254037844387,0.0,1.0,2,394.8850706317846
2026,5,25,0,1000.0,19.0,72.5,72.97797245682777,302.7000732421875,0.0200146995484828,31.791287410955583,385.7765386516389,145,0.4999999999999999,-0.8660254037844387,0.0,1.0,2,395.2473644430758
2026,5,25,0,1000.0,19.0,72.75,73.10543698345,302.4813232421875,0.0202907882630825,32.22448410543326,387.9152117333666,145,0.4999999999999999,-0.8660254037844387,0.0,1.0,2,395.37976446038516
2026,5,25,0,1000.0,19.0,73.0,73.66628090058786,301.8680419921875,0.0203303657472133,32.286571346029255,389.2248875371225,145,0.4999999999999999,-0.8660254037844387,0.0,1.0,2,393.07887645372426
2026,5,25,0,1000.0,18.75,72.5,73.42409830000561,302.6453857421875,0.020224031060934,32.119751954027485,387.2072465893958,145,0.4999999999999999,-0.8660254037844387,0.0,1.0,2,394.30226951143254
2026,5,25,0,1000.0,18.75,72.75,73.23290151007225,302.4891357421875,0.0202407203614711,32.14593577887277,387.581596438827,145,0.4999999999999999,-0.8660254037844387,0.0,1.0,2,394.2910826489244
2026,5,25,0,1000.0,18.75,73.0,74.12515319642795,301.7801513671875,0.0203360877931118,32.29554757045002,389.4135107347957,145,0.4999999999999999,-0.8660254037844387,0.0,1.0,2,392.16069876755705
2026,5,25,0,925.0,19.25,72.5,764.4029736836738,297.14111328125,0.0173997245728969,25.60504564229817,349.73923950698105,145,0.4999999999999999,-0.8660254037844387,0.0,1.0,2,355.60063148611476
2026,5,25,0,925.0,19.25,72.75,764.7216350002295,296.81103515625,0.0183567367494106,26.99782592207926,356.14560941594374,145,0.4999999999999999,-0.8660254037844387,0.0,1.0,2,356.6014587259979
2026,5,25,0,925.0,19.25,73.0,764.5941704736073,296.37744140625,0.0189246498048305,27.823576566042487,360.3405663119209,145,0.4999999999999999,-0.8660254037844387,0.0,1.0,2,358.34259579298526
2026,5,25,0,925.0,19.0,72.5,764.7088885475673,297.14697265625,0.018029149621725,26.5212549127175,353.60065506744223,145,0.4999999999999999,-0.8660254037844387,0.0,1.0,2,355.3304590920707
2026,5,25,0,925.0,19.0,72.75,764.6579027369183,297.00439453125,0.0178894363343715,26.317944092050613,352.964518558073,145,0.4999999999999999,-0.8660254037844387,0.0,1.0,2,356.078313488232
2026,5,25,0,925.0,19.0,73.0,764.5686775682827,296.63525390625,0.0180649124085903,26.57329144217452,354.6248316982221,145,0.4999999999999999,-0.8660254037844387,0.0,1.0,2,358.024640912585
2026,5,25,0,925.0,18.75,72.5,765.0275498641229,297.27001953125,0.0174760185182094,25.716138250184915,350.00960727824224,145,0.4999999999999999,-0.8660254037844387,0.0,1.0,2,355.23909307998207
2026,5,25,0,925.0,18.75,72.75,764.7216350002295,297.33447265625,0.0174464546144008,25.67309107431877,349.72859175865653,145,0.4999999999999999,-0.8660254037844387,0.0,1.0,2,355.99594881896064
2026,5,25,0,925.0,18.75,73.0,764.6451562842561,296.88525390625,0.0180277191102504,26.5191734050018,354.0024153846516,145,0.4999999999999999,-0.8660254037844387,0.0,1.0,2,357.9903034813126
2026,5,25,0,850.0,19.25,72.5,1502.2570781051634,294.66070556640625,0.0121345371007919,16.461176057190727,294.567912633573,145,0.4999999999999999,-0.8660254037844387,0.0,1.0,2,250.27738276560385
2026,5,25,0,850.0,19.25,72.75,1502.2060922945143,294.32281494140625,0.0126128047704696,17.105037604402856,297.7597476611176,145,0.4999999999999999,-0.8660254037844387,0.0,1.0,2,251.14415322575746
2026,5,25,0,850.0,19.25,73.0,1501.645248377377,294.24664306640625,0.0126900523900985,17.208996355128544,298.30376500463075,145,0.4999999999999999,-0.8660254037844387,0.0,1.0,2,251.96511294397575
2026,5,25,0,850.0,19.0,72.5,1502.6522181376924,294.44390869140625,0.0121712535619735,16.510618275485673,295.0496244453595,145,0.4999999999999999,-0.8660254037844387,0.0,1.0,2,250.9285421535272
2026,5,25,0,850.0,19.0,72.75,1502.6394716850302,294.16851806640625,0.0131473392248153,17.824208161881778,301.0544850780503,145,0.4999999999999999,-0.8660254037844387,0.0,1.0,2,251.8298605121287
2026,5,25,0,850.0,19.0,73.0,1502.1933458418523,294.25836181640625,0.0130567401647567,17.702347473415553,300.4141695173223,145,0.4999999999999999,-0.8660254037844387,0.0,1.0,2,252.79249402471527
2026,5,25,0,850.0,18.75,72.5,1503.2767943181414,294.19390869140625,0.013371929526329,18.126236997903504,302.32350911906303,145,0.4999999999999999,-0.8660254037844387,0.0,1.0,2,251.48436359022205
2026,5,25,0,850.0,18.75,72.75,1503.2130620548303,293.85406494140625,0.0143151134252548,19.393737474165103,308.23871469921914,145,0.4999999999999999,-0.8660254037844387,0.0,1.0,2,252.45997779070095
2026,5,25,0,850.0,18.75,73.0,1502.7159504010035,293.97711181640625,0.0138044208288192,18.707620595844144,305.11336607866576,145,0.4999999999999999,-0.8660254037844387,0.0,1.0,2,253.4522276862399
2026,5,25,6,1000.0,19.25,72.5,93.6127864287244,302.6376953125,0.0200087763369083,31.781992028668927,385.8448773017827,145,0.4999999999999999,-0.8660254037844387,1.0,6.123233995736766e-17,2,385.7271113532088
2026,5,25,6,1000.0,19.25,72.75,92.29990180451532,303.2919921875,0.0194847323000431,30.959340313259432,381.3980401974284,145,0.4999999999999999,-0.8660254037844387,1.0,6.123233995736766e-17,2,384.1236512011308
2026,5,25,6,1000.0,19.25,73.0,90.29870873654612,304.6708984375,0.0187656618654727,29.82969025482712,374.5669514899364,145,0.4999999999999999,-0.8660254037844387,1.0,6.123233995736766e-17,2,367.5512787337683
2026,5,25,6,1000.0,19.0,72.5,93.85496902930664,302.7177734375,0.0200230814516544,31.80444114083638,385.7999556662254,145,0.4999999999999999,-0.8660254037844387,1.0,6.123233995736766e-17,2,386.55098072865485
2026,5,25,6,1000.0,19.0,72.75,93.23039284885766,302.8193359375,0.0202557779848575,32.1695592170343,387.11232467833406,145,0.4999999999999999,-0.8660254037844387,1.0,6.123233995736766e-17,2,386.50631008580683
2026,5,25,6,1000.0,19.0,73.0,91.56060755010633,303.8271484375,0.0194971300661563,30.978808481884084,380.5841838057668,145,0.4999999999999999,-0.8660254037844387,1.0,6.123233995736766e-17,2,376.3688291285443
2026,5,25,6,1000.0,18.75,72.5,94.47954520975564,302.5732421875,0.019989226013422,31.751310951713684,385.829643436374,145,0.4999999999999999,-0.8660254037844387,1.0,6.123233995736766e-17,2,386.87311527188643
2026,5,25,6,1000.0,18.75,72.75,94.16088389320002,302.3857421875,0.0201055742800235,31.93389016421433,386.89394435779263,145,0.4999999999999999,-0.8660254037844387,1.0,6.123233995736766e-17,2,386.8338561156872
2026,5,25,6,1000.0,18.75,73.0,92.69504183704426,303.1650390625,0.0196644999086856,31.24160038484537,382.75585977808726,145,0.4999999999999999,-0.8660254037844387,1.0,6.123233995736766e-17,2,377.0607174031767
2026,5,25,6,925.0,19.25,72.5,785.1668454887755,297.2367553710937,0.0167176462709903,24.61140940897467,345.39691586992154,145,0.4999999999999999,-0.8660254037844387,1.0,6.123233995736766e-17,2,348.64852398282255
2026,5,25,6,925.0,19.25,72.75,785.0011416041666,297.2640991210937,0.0179793573915958,26.44880116019428,353.111371124147,145,0.4999999999999999,-0.8660254037844387,1.0,6.123233995736766e-17,2,351.0356414018565
2026,5,25,6,925.0,19.25,73.0,784.5422693083266,297.6605834960937,0.0184113718569278,27.07729036066333,355.13835871653725,145,0.4999999999999999,-0.8660254037844387,1.0,6.123233995736766e-17,2,351.6393425579373
2026,5,25,6,925.0,19.0,72.5,785.6002248792911,297.1918334960937,0.0173008181154727,25.4610114863991,349.0528176754489,145,0.4999999999999999,-0.8660254037844387,1.0,6.123233995736766e-17,2,348.5810424923501
2026,5,25,6,925.0,19.0,72.75,785.2050848467622,297.3969116210937,0.0175273157656192,25.79082710981856,350.1289589398073,145,0.4999999999999999,-0.8660254037844387,1.0,6.123233995736766e-17,2,350.18701028920424
2026,5,25,6,925.0,19.0,73.0,785.0903667728022,297.4242553710937,0.0181524492800235,26.700652249082143,353.9230837779481,145,0.4999999999999999,-0.8660254037844387,1.0,6.123233995736766e-17,2,350.8433408818919
2026,5,25,6,925.0,18.75,72.5,786.0336042698068,297.3832397460937,0.0173642374575138,25.553368917614563,349.1485286573313,145,0.4999999999999999,-0.8660254037844387,1.0,6.123233995736766e-17,2,348.85581824110955
2026,5,25,6,925.0,18.75,72.75,785.6002248792911,297.3558959960937,0.0178591944277286,26.273931563230363,352.2302239185896,145,0.4999999999999999,-0.8660254037844387,1.0,6.123233995736766e-17,2,350.24468940947935
2026,5,25,6,925.0,18.75,73.0,785.7404358585756,297.1879272460937,0.0183818079531192,27.03429156873969,355.7031697248012,145,0.4999999999999999,-0.8660254037844387,1.0,6.123233995736766e-17,2,350.9554467084179
2026,5,25,6,850.0,19.25,72.5,1523.1437340988005,294.6905517578125,0.0122188590466976,16.574720342167858,295.01860493487817,145,0.4999999999999999,-0.8660254037844387,1.0,6.123233995736766e-17,2,243.86942504452517
2026,5,25,6,850.0,19.25,72.75,1523.8192960898982,294.0987548828125,0.0148324035108089,20.088287805388816,310.9078212325661,145,0.4999999999999999,-0.8660254037844387,1.0,6.123233995736766e-17,2,243.9914465599494
2026,5,25,6,850.0,19.25,73.0,1524.1252109537916,293.7784423828125,0.0164751075208187,22.29103210568272,320.8612819906172,145,0.4999999999999999,-0.8660254037844387,1.0,6.123233995736766e-17,2,249.5114482371184
2026,5,25,6,850.0,19.0,72.5,1523.7045780159383,294.5030517578125,0.0120786689221858,16.385940021922274,294.4399176520446,145,0.4999999999999999,-0.8660254037844387,1.0,6.123233995736766e-17,2,244.22028845388633
2026,5,25,6,850.0,19.0,72.75,1524.1634503117784,294.1085205078125,0.014539148658514,19.694596195427383,309.1969651049248,145,0.4999999999999999,-0.8660254037844387,1.0,6.123233995736766e-17,2,244.3185790938979
2026,5,25,6,850.0,19.0,73.0,1524.5585903443073,293.8702392578125,0.0160564444959163,21.73004959615816,318.3080059749677,145,0.4999999999999999,-0.8660254037844387,1.0,6.123233995736766e-17,2,249.7486301672109
2026,5,25,6,850.0,18.75,72.5,1524.4693651756718,293.8253173828125,0.0147036574780941,19.91546471301216,310.5311733889227,145,0.4999999999999999,-0.8660254037844387,1.0,6.123233995736766e-17,2,245.3315189388977
2026,5,25,6,850.0,18.75,72.75,1524.609576154956,294.0128173828125,0.0153445266187191,20.77547439549403,313.98920490120906,145,0.4999999999999999,-0.8660254037844387,1.0,6.123233995736766e-17,2,245.47283548896905
2026,5,25,6,850.0,18.75,73.0,1524.953730376836,293.9639892578125,0.0158471129834651,21.44945231497076,316.9654028370883,145,0.4999999999999999,-0.8660254037844387,1.0,6.123233995736766e-17,2,249.66552432967399
2026,5,25,12,1000.0,19.25,72.5,60.94437511790469,302.6584167480469,0.0200069919228553,31.77919170871894,385.79819676952457,145,0.4999999999999999,-0.8660254037844387,1.2246467991473532e-16,-1.0,2,385.4042851294496
2026,5,25,12,1000.0,19.25,72.75,60.53648863271352,303.1427917480469,0.0198796764016151,31.579377191943536,384.1642766312919,145,0.4999999999999999,-0.8660254037844387,1.2246467991473532e-16,-1.0,2,384.5560173988194
2026,5,25,12,1000.0,19.25,73.0,58.10191617422871,304.5744323730469,0.0193799510598182,30.794791118796745,378.6041245168617,145,0.4999999999999999,-0.8660254037844387,1.2246467991473532e-16,-1.0,2,365.7941071959994
2026,5,25,12,1000.0,19.0,72.5,61.709162277638136,302.6994323730469,0.0202454105019569,32.15329404056417,387.2513058578782,145,0.4999999999999999,-0.8660254037844387,1.2246467991473532e-16,-1.0,2,385.8058611880332
2026,5,25,12,1000.0,19.0,72.75,61.18655771848695,302.9552917480469,0.0204366222023963,32.453246735732804,388.0328066656736,145,0.4999999999999999,-0.8660254037844387,1.2246467991473532e-16,-1.0,2,386.44884950523596
2026,5,25,12,1000.0,19.0,73.0,59.51677241973559,303.9787292480469,0.0201419368386268,31.99094678243724,384.4176754263992,145,0.4999999999999999,-0.8660254037844387,1.2246467991473532e-16,-1.0,2,372.67746918527814
2026,5,25,12,1000.0,18.75,72.5,62.42296362672269,302.8185729980469,0.0204022899270057,32.39939496444633,388.0485215641514,145,0.4999999999999999,-0.8660254037844387,1.2246467991473532e-16,-1.0,2,386.0534106254385
2026,5,25,12,1000.0,18.75,72.75,61.78564099361148,302.8127136230469,0.0205777660012245,32.67461403356606,389.17811917460665,145,0.4999999999999999,-0.8660254037844387,1.2246467991473532e-16,-1.0,2,386.8190284460207
2026,5,25,12,1000.0,18.75,73.0,61.428740319069206,303.2111511230469,0.0201905742287635,32.067259987421075,386.0281765400797,145,0.4999999999999999,-0.8660254037844387,1.2246467991473532e-16,-1.0,2,373.45280230390216
2026,5,25,12,925.0,19.25,72.5,752.6338652374919,297.7248840332031,0.0153935924172401,22.6802279358558,336.5340854091873,145,0.4999999999999999,-0.8660254037844387,1.2246467991473532e-16,-1.0,2,342.15618368177564
2026,5,25,12,925.0,19.25,72.75,753.1309768913187,297.4768371582031,0.0173548236489295,25.53966005666317,348.94699000884714,145,0.4999999999999999,-0.8660254037844387,1.2246467991473532e-16,-1.0,2,341.96088043472355
2026,5,25,12,925.0,19.25,73.0,753.0162588173587,297.7854309082031,0.0186999812722206,27.49697389355932,356.7070165451905,145,0.4999999999999999,-0.8660254037844387,1.2246467991473532e-16,-1.0,2,342.6744873319924
2026,5,25,12,925.0,19.0,72.5,753.4878775658609,297.6448059082031,0.0163401141762733,24.061078523930863,342.46409418636824,145,0.4999999999999999,-0.8660254037844387,1.2246467991473532e-16,-1.0,2,343.4385921007376
2026,5,25,12,925.0,19.0,72.75,753.4241453025498,297.5002746582031,0.0169790759682655,24.992350638332173,346.60444726077014,145,0.4999999999999999,-0.8660254037844387,1.2246467991473532e-16,-1.0,2,337.31267156699073
2026,5,25,12,925.0,19.0,73.0,753.4496382078743,297.4983215332031,0.0184362903237342,27.113531477304942,355.54700193624404,145,0.4999999999999999,-0.8660254037844387,1.2246467991473532e-16,-1.0,2,337.7058890674735
2026,5,25,12,925.0,18.75,72.5,754.2016789149455,297.5119934082031,0.0168651118874549,24.82630306854148,345.8869131355545,145,0.4999999999999999,-0.8660254037844387,1.2246467991473532e-16,-1.0,2,344.78332097692606
2026,5,25,12,925.0,18.75,72.75,753.9212569563766,297.4182434082031,0.0176890864968299,26.026335332702843,351.08911556716043,145,0.4999999999999999,-0.8660254037844387,1.2246467991473532e-16,-1.0,2,337.84113584642495
2026,5,25,12,925.0,18.75,73.0,754.4311150628655,297.4182434082031,0.0186322703957557,27.398524687705805,356.87523866801484,145,0.4999999999999999,-0.8660254037844387,1.2246467991473532e-16,-1.0,2,337.8864511892113
2026,5,25,12,850.0,19.25,72.5,1493.6767238302582,296.2206420898437,0.0110387653112411,14.984606027252788,286.36952198893295,145,0.4999999999999999,-0.8660254037844387,1.2246467991473532e-16,-1.0,2,241.61166905039144
2026,5,25,12,850.0,19.25,72.75,1493.969892241489,295.7831420898437,0.012425884604454,16.853443014771994,294.8551623183354,145,0.4999999999999999,-0.8660254037844387,1.2246467991473532e-16,-1.0,2,241.67670135562935
2026,5,25,12,850.0,19.25,73.0,1493.663977377596,295.2577514648437,0.0141529887914657,19.175968338569984,305.44518365678994,145,0.4999999999999999,-0.8660254037844387,1.2246467991473532e-16,-1.0,2,245.0713503577129
2026,5,25,12,850.0,19.0,72.5,1494.2503142000585,296.0819702148437,0.0108990520238876,14.796199711014395,285.7318503358681,145,0.4999999999999999,-0.8660254037844387,1.2246467991473532e-16,-1.0,2,242.56652132929847
2026,5,25,12,850.0,19.0,72.75,1494.1993283894094,295.6171264648437,0.012583240866661,17.06524835902513,295.9651628979318,145,0.4999999999999999,-0.8660254037844387,1.2246467991473532e-16,-1.0,2,242.5838843889533
2026,5,25,12,850.0,19.0,73.0,1493.9826386941515,295.0018920898437,0.0143680423498153,19.464823480835417,307.0193763129532,145,0.4999999999999999,-0.8660254037844387,1.2246467991473532e-16,-1.0,2,245.20247034666002
2026,5,25,12,850.0,18.75,72.5,1494.811158117196,295.8104858398437,0.0116166919469833,15.76361478363816,290.1756875487885,145,0.4999999999999999,-0.8660254037844387,1.2246467991473532e-16,-1.0,2,244.04199025027157
2026,5,25,12,850.0,18.75,72.75,1494.5434826112894,295.3944702148437,0.0134882777929306,18.28266988739739,301.4472869894917,145,0.4999999999999999,-0.8660254037844387,1.2246467991473532e-16,-1.0,2,244.0632983816663
2026,5,25,12,850.0,18.75,73.0,1494.4797503479783,294.7870483398437,0.0148186534643173,20.06983161751616,309.9008704645689,145,0.4999999999999999,-0.8660254037844387,1.2246467991473532e-16,-1.0,2,245.16361989918354
2026,5,25,18,1000.0,19.25,72.5,81.43509442572133,302.41259765625,0.019964549690485,31.71258441768493,385.94540591605687,145,0.4999999999999999,-0.8660254037844387,-1.0,-1.8369701987210294e-16,2,388.0163300937722
2026,5,25,18,1000.0,19.25,72.75,81.98319189019696,302.33251953125,0.0205019451677799,32.55570271717306,389.5224460762373,145,0.4999999999999999,-0.8660254037844387,-1.0,-1.8369701987210294e-16,2,387.869915044064
2026,5,25,18,1000.0,19.25,73.0,82.30185320675257,302.53759765625,0.0204046703875064,32.40312889910936,388.54664025926047,145,0.4999999999999999,-0.8660254037844387,-1.0,-1.8369701987210294e-16,2,386.0158456237283
2026,5,25,18,1000.0,19.0,72.5,82.44206418603703,302.40283203125,0.0201409794390201,31.98944455528913,387.0913158444831,145,0.4999999999999999,-0.8660254037844387,-1.0,-1.8369701987210294e-16,2,387.8083657530444
2026,5,25,18,1000.0,19.0,72.75,82.78621840791708,302.41845703125,0.0203197933733463,32.26998620664911,388.2087423960927,145,0.4999999999999999,-0.8660254037844387,-1.0,-1.8369701987210294e-16,2,387.6649256315711
2026,5,25,18,1000.0,19.0,73.0,83.01565455583712,302.40673828125,0.0203078724443912,32.25128530367189,388.1526103351972,145,0.4999999999999999,-0.8660254037844387,-1.0,-1.8369701987210294e-16,2,386.3740791530281
2026,5,25,18,1000.0,18.75,72.5,83.56375202031275,302.47705078125,0.0200580097734928,31.85925276944993,386.4335558584537,145,0.4999999999999999,-0.8660254037844387,-1.0,-1.8369701987210294e-16,2,387.7909670625742
2026,5,25,18,1000.0,18.75,72.75,83.5382591149883,302.45556640625,0.0202911831438541,32.22510358983711,387.9619604712214,145,0.4999999999999999,-0.8660254037844387,-1.0,-1.8369701987210294e-16,2,387.61997672131645
2026,5,25,18,1000.0,18.75,73.0,84.0098778634906,302.07275390625,0.0205214954912662,32.58636491271219,390.0970963317005,145,0.4999999999999999,-0.8660254037844387,-1.0,-1.8369701987210294e-16,2,386.5299583315665
2026,5,25,18,925.0,19.25,72.5,772.5360071354643,296.8740234375,0.0171879269182682,25.296590881471083,348.8458595816964,145,0.4999999999999999,-0.8660254037844387,-1.0,-1.8369701987210294e-16,2,355.1473909883079
2026,5,25,18,925.0,19.25,72.75,773.0841045999399,296.7197265625,0.0173066593706607,25.46951838646396,349.8155856838644,145,0.4999999999999999,-0.8660254037844387,-1.0,-1.8369701987210294e-16,2,356.2007395674384
2026,5,25,18,925.0,19.25,73.0,773.1860762212377,296.7333984375,0.0170663334429264,25.119470849478287,348.3116269520176,145,0.4999999999999999,-0.8660254037844387,-1.0,-1.8369701987210294e-16,2,356.85525059299783
2026,5,25,18,925.0,19.0,72.5,773.4410052744821,296.9560546875,0.0163620449602603,24.09305400485651,343.62915365380496,145,0.4999999999999999,-0.8660254037844387,-1.0,-1.8369701987210294e-16,2,354.3681755007255
2026,5,25,18,925.0,19.0,72.75,773.721427233051,296.8681640625,0.0164378620684146,24.203590222406827,344.2288965928898,145,0.4999999999999999,-0.8660254037844387,-1.0,-1.8369701987210294e-16,2,355.1270671430229
2026,5,25,18,925.0,19.0,73.0,773.9381169283089,296.8251953125,0.0169580914080142,24.961777493464066,347.50340179387194,145,0.4999999999999999,-0.8660254037844387,-1.0,-1.8369701987210294e-16,2,356.1874670868589
2026,5,25,18,925.0,18.75,72.5,774.4224821294735,296.9560546875,0.0162571407854557,23.940094177737823,342.9821572799003,145,0.4999999999999999,-0.8660254037844387,-1.0,-1.8369701987210294e-16,2,354.03769834400725
2026,5,25,18,925.0,18.75,72.75,774.3969892241489,296.8857421875,0.0162070728838443,23.86708381552912,342.7784062663597,145,0.4999999999999999,-0.8660254037844387,-1.0,-1.8369701987210294e-16,2,354.7522162169661
2026,5,25,18,925.0,18.75,73.0,774.6519182773934,296.7978515625,0.0170119740068912,25.04027939597933,347.8775588629353,145,0.4999999999999999,-0.8660254037844387,-1.0,-1.8369701987210294e-16,2,355.9125788357109
2026,5,25,18,850.0,19.25,72.5,1510.680491681665,295.0978698730469,0.0115497149527072,15.673361845803957,290.65249605042203,145,0.4999999999999999,-0.8660254037844387,-1.0,-1.8369701987210294e-16,2,266.50197207095385
2026,5,25,18,850.0,19.25,72.75,1510.6422523236783,294.8107604980469,0.0115253962576389,15.640590076563027,290.8603548792631,145,0.4999999999999999,-0.8660254037844387,-1.0,-1.8369701987210294e-16,2,269.5516006919202
2026,5,25,18,850.0,19.25,73.0,1510.0814084065405,294.6174011230469,0.0118253268301486,16.044708014973658,292.8319325688392,145,0.4999999999999999,-0.8660254037844387,-1.0,-1.8369701987210294e-16,2,269.16736212067264
2026,5,25,18,850.0,19.0,72.5,1511.3942930307496,294.7502136230469,0.011793378740549,16.001669026519767,292.4841475000645,145,0.4999999999999999,-0.8660254037844387,-1.0,-1.8369701987210294e-16,2,267.95582425057114
2026,5,25,18,850.0,19.0,72.75,1511.1138710721807,294.5568542480469,0.0118768252432346,16.114080801880682,293.2045360488612,145,0.4999999999999999,-0.8660254037844387,-1.0,-1.8369701987210294e-16,2,274.59031635405177
2026,5,25,18,850.0,19.0,73.0,1510.731477492314,294.5705261230469,0.0118749178946018,16.111511516281578,293.17666805871806,145,0.4999999999999999,-0.8660254037844387,-1.0,-1.8369701987210294e-16,2,274.35023425090486
2026,5,25,18,850.0,18.75,72.5,1512.0826014745098,294.4377136230469,0.0119769610464572,16.248959991450906,293.9315394365131,145,0.4999999999999999,-0.8660254037844387,-1.0,-1.8369701987210294e-16,2,268.8060622878885
2026,5,25,18,850.0,18.75,72.75,1511.5727433680208,294.2853698730469,0.0123679675161838,16.7754750869126,296.3875928417194,145,0.4999999999999999,-0.8660254037844387,-1.0,-1.8369701987210294e-16,2,275.8863313551493
2026,5,25,18,850.0,18.75,73.0,1511.3815465780874,294.2931823730469,0.0125806368887424,17.061743668739982,297.6106904737111,145,0.4999999999999999,-0.8660254037844387,-1.0,-1.8369701987210294e-16,2,276.3603751008625
2026,5,30,0,1000.0,19.25,72.5,64.7846423090454,303.0398864746094,0.019518356770277,31.012140027749886,382.0343167198588,150,0.4999999999999999,-0.8660254037844387,0.0,1.0,2,388.7199608449438
2026,5,30,0,1000.0,19.25,72.75,65.82985142734778,302.8367614746094,0.0200614742934703,31.86468937776825,385.842565281436,150,0.4999999999999999,-0.8660254037844387,0.0,1.0,2,388.2655923210317
2026,5,30,0,1000.0,19.25,73.0,66.33970953383674,302.6746520996094,0.0200400166213512,31.831017117323626,385.98157018252016,150,0.4999999999999999,-0.8660254037844387,0.0,1.0,2,387.5762535473745
2026,5,30,0,1000.0,19.0,72.5,65.51119011079217,303.0867614746094,0.019833069294691,31.50622233183038,383.9619534915892,150,0.4999999999999999,-0.8660254037844387,0.0,1.0,2,386.8037431095958
2026,5,30,0,1000.0,19.0,72.75,66.30147017585007,303.1082458496094,0.0196909718215465,31.28315981064544,383.02006380707405,150,0.4999999999999999,-0.8660254037844387,0.0,1.0,2,386.08420714920385
2026,5,30,0,1000.0,19.0,73.0,67.14273605155685,302.7762145996094,0.0197496227920055,31.375233854168965,383.95415256028326,150,0.4999999999999999,-0.8660254037844387,0.0,1.0,2,385.3235074129346
2026,5,30,0,1000.0,18.75,72.5,66.5309063237701,303.0672302246094,0.0202688984572887,32.19014317096029,386.77233200261367,150,0.4999999999999999,-0.8660254037844387,0.0,1.0,2,386.0639008318314
2026,5,30,0,1000.0,18.75,72.75,66.88780699831237,303.1609802246094,0.0200738720595836,31.8841440661258,385.3704253687065,150,0.4999999999999999,-0.8660254037844387,0.0,1.0,2,385.1118806278231
2026,5,30,0,1000.0,18.75,73.0,68.63407101303707,302.4168395996094,0.0201659016311168,32.028548660456615,387.2268276523388,150,0.4999999999999999,-0.8660254037844387,0.0,1.0,2,384.5885050260404
2026,5,30,0,925.0,19.25,72.5,756.8708159769137,297.21636962890625,0.0165247730910778,24.33028821108985,344.24071644121574,150,0.4999999999999999,-0.8660254037844387,0.0,1.0,2,348.9644721917136
2026,5,30,0,925.0,19.25,72.75,757.8777857372294,296.98004150390625,0.0176067166030406,25.90642574822124,351.2622110964028,150,0.4999999999999999,-0.8660254037844387,0.0,1.0,2,349.51348393140853
2026,5,30,0,925.0,19.25,73.0,758.081728979825,296.67926025390625,0.0185265354812145,27.24477385888163,357.40109317899845,150,0.4999999999999999,-0.8660254037844387,0.0,1.0,2,350.02286535458234
2026,5,30,0,925.0,19.0,72.5,757.8905321898916,297.48590087890625,0.016138058155775,23.76643746846264,341.4593157806511,150,0.4999999999999999,-0.8660254037844387,0.0,1.0,2,347.22419223836494
2026,5,30,0,925.0,19.0,72.75,758.5915870863139,297.37066650390625,0.0166387371718883,24.49640378972055,344.7095077267559,150,0.4999999999999999,-0.8660254037844387,0.0,1.0,2,347.7268337065139
2026,5,30,0,925.0,19.0,73.0,758.9739806661806,296.98785400390625,0.0177326016128063,26.0896774630686,352.025049200724,150,0.4999999999999999,-0.8660254037844387,0.0,1.0,2,348.284053160004
2026,5,30,0,925.0,18.75,72.5,759.0122200241673,297.71051025390625,0.0161499790847301,23.78382273116189,341.1993473648,150,0.4999999999999999,-0.8660254037844387,0.0,1.0,2,347.17876134100266
2026,5,30,0,925.0,18.75,72.75,759.445599414683,297.78082275390625,0.0160555653274059,23.64612461450476,340.5159345755857,150,0.4999999999999999,-0.8660254037844387,0.0,1.0,2,347.71813285607
2026,5,30,0,925.0,18.75,73.0,759.9682039738341,297.19683837890625,0.0172834210097789,25.43567489295972,348.9381325134084,150,0.4999999999999999,-0.8660254037844387,0.0,1.0,2,348.3938817688019
2026,5,30,0,850.0,19.25,72.5,1492.521576557744,293.6640930175781,0.008536834269762,11.605880774250664,274.8082324387141,150,0.4999999999999999,-0.8660254037844387,0.0,1.0,2,279.6345065712374
2026,5,30,0,850.0,19.25,72.75,1493.4520676020863,292.9023742675781,0.0102911181747913,13.976017914034347,285.9585070497001,150,0.4999999999999999,-0.8660254037844387,0.0,1.0,2,288.54057655123626
2026,5,30,0,850.0,19.25,73.0,1493.4520676020863,292.2304992675781,0.0113086886703968,15.34851337686438,292.750704105825,150,0.4999999999999999,-0.8660254037844387,0.0,1.0,2,293.88257399387476
2026,5,30,0,850.0,19.0,72.5,1494.0384044245488,293.9297180175781,0.0081305690109729,11.056276200374205,272.14170431423406,150,0.4999999999999999,-0.8660254037844387,0.0,1.0,2,282.9470469520666
2026,5,30,0,850.0,19.0,72.75,1494.8286844896063,293.2890930175781,0.0098090358078479,13.325197847396096,282.6793028298498,150,0.4999999999999999,-0.8660254037844387,0.0,1.0,2,292.69785955333253
2026,5,30,0,850.0,19.0,73.0,1495.01988127954,292.5996398925781,0.0112304873764514,15.243095555828694,291.83762694613785,150,0.4999999999999999,-0.8660254037844387,0.0,1.0,2,297.26764038117864
2026,5,30,0,850.0,18.75,72.5,1495.8484007025845,293.9179992675781,0.0086908526718616,11.814169682318212,275.4268449553863,150,0.4999999999999999,-0.8660254037844387,0.0,1.0,2,284.94576363974414
2026,5,30,0,850.0,18.75,72.75,1496.39649816706,293.3398742675781,0.0106816478073596,14.502962321172651,287.7257107802564,150,0.4999999999999999,-0.8660254037844387,0.0,1.0,2,294.7355201435864
2026,5,30,0,850.0,18.75,73.0,1496.7151594836157,292.8515930175781,0.0119662471115589,16.23452949959863,295.84144667622536,150,0.4999999999999999,-0.8660254037844387,0.0,1.0,2,298.1517803074334
2026,5,30,6,1000.0,19.25,72.5,83.96008703277879,303.2406616210937,0.0192445255815982,30.582087311434297,379.95358966142624,150,0.4999999999999999,-0.8660254037844387,1.0,6.123233995736766e-17,2,381.50662029395346
2026,5,30,6,1000.0,19.25,72.75,83.46297537895204,304.1410522460937,0.0188621021807193,29.98125338108125,376.0398263988205,150,0.4999999999999999,-0.8660254037844387,1.0,6.123233995736766e-17,2,379.48635811859987
2026,5,30,6,1000.0,19.25,73.0,81.11762808910281,306.1137084960937,0.0177081562578678,28.16658849111361,365.6191344140248,150,0.4999999999999999,-0.8660254037844387,1.0,6.123233995736766e-17,2,370.1278119941778
2026,5,30,6,1000.0,19.0,72.5,84.3424806126455,303.1859741210937,0.0197351910173892,31.352578533231814,383.17100326239546,150,0.4999999999999999,-0.8660254037844387,1.0,6.123233995736766e-17,2,381.46590386320827
2026,5,30,6,1000.0,19.0,72.75,84.64839547653888,303.3109741210937,0.0198853947222232,31.588352428304216,383.91661724413234,150,0.4999999999999999,-0.8660254037844387,1.0,6.123233995736766e-17,2,380.91435356713345
2026,5,30,6,1000.0,19.0,73.0,82.65994886123192,305.0648803710937,0.0185712315142154,29.52407509044824,372.70371031530726,150,0.4999999999999999,-0.8660254037844387,1.0,6.123233995736766e-17,2,375.3448617403225
2026,5,30,6,1000.0,18.75,72.5,84.8650851717967,303.2250366210937,0.019997451454401,31.764219541377187,384.775181192605,150,0.4999999999999999,-0.8660254037844387,1.0,6.123233995736766e-17,2,380.9743621870112
2026,5,30,6,1000.0,18.75,72.75,85.40043618361011,302.9144897460937,0.0201824642717838,32.05453558445828,386.48205020594,150,0.4999999999999999,-0.8660254037844387,1.0,6.123233995736766e-17,2,380.583285749271
2026,5,30,6,1000.0,18.75,73.0,83.90910122212989,304.3285522460937,0.01857266202569,29.526323899348515,373.9015281524053,150,0.4999999999999999,-0.8660254037844387,1.0,6.123233995736766e-17,2,376.4948605164432
2026,5,30,6,925.0,19.25,72.5,776.4430936214202,297.24932861328125,0.0163711048662662,24.106263265848185,343.2454353711555,150,0.4999999999999999,-0.8660254037844387,1.0,6.123233995736766e-17,2,344.3770118575547
2026,5,30,6,925.0,19.25,72.75,777.284359497127,297.59503173828125,0.0172241665422916,25.3493745859592,347.96423650012724,150,0.4999999999999999,-0.8660254037844387,1.0,6.123233995736766e-17,2,347.10851044463493
2026,5,30,6,925.0,19.25,73.0,777.2078807811537,298.49737548828125,0.0171373821794986,25.222967661468378,346.06141560410106,150,0.4999999999999999,-0.8660254037844387,1.0,6.123233995736766e-17,2,348.39059027938515
2026,5,30,6,925.0,19.0,72.5,776.940205275247,297.40167236328125,0.015945766121149,23.485967846317266,340.40160931955046,150,0.4999999999999999,-0.8660254037844387,1.0,6.123233995736766e-17,2,344.26347109490104
2026,5,30,6,925.0,19.0,72.75,777.399077571087,297.72979736328125,0.0152581669390201,22.48253128793519,335.6950712747198,150,0.4999999999999999,-0.8660254037844387,1.0,6.123233995736766e-17,2,346.6245312261678
2026,5,30,6,925.0,19.0,73.0,777.8324569616026,298.26495361328125,0.0160683132708072,23.66471781663201,339.8799942170172,150,0.4999999999999999,-0.8660254037844387,1.0,6.123233995736766e-17,2,348.05386008073737
2026,5,30,6,925.0,18.75,72.5,777.4245704764114,297.43096923828125,0.0170048214495182,25.02985908235493,346.86790783123047,150,0.4999999999999999,-0.8660254037844387,1.0,6.123233995736766e-17,2,345.0111727703888
2026,5,30,6,925.0,18.75,72.75,777.6922459823181,297.62823486328125,0.0162795521318912,23.972773581149507,342.11697118815016,150,0.4999999999999999,-0.8660254037844387,1.0,6.123233995736766e-17,2,347.4789917882661
2026,5,30,6,925.0,18.75,73.0,778.5844976686739,298.07745361328125,0.0162909962236881,23.989460596114505,341.5195377267021,150,0.4999999999999999,-0.8660254037844387,1.0,6.123233995736766e-17,2,349.06908906740915
2026,5,30,6,850.0,19.25,72.5,1513.554418430351,296.25323486328125,0.0046855732798576,6.384933495161865,249.78293153402905,150,0.4999999999999999,-0.8660254037844387,1.0,6.123233995736766e-17,2,261.30611668649624
2026,5,30,6,850.0,19.25,72.75,1514.6123740013156,295.64971923828125,0.0053808018565177,7.329219233342687,254.37788099225432,150,0.4999999999999999,-0.8660254037844387,1.0,6.123233995736766e-17,2,260.4522000336724
2026,5,30,6,850.0,19.25,73.0,1515.2369501817643,293.89385986328125,0.0094687268137931,12.86554614555942,279.99397346627063,150,0.4999999999999999,-0.8660254037844387,1.0,6.123233995736766e-17,2,262.67253691770776
2026,5,30,6,850.0,19.0,72.5,1514.4466701167066,295.98175048828125,0.0052019879221916,7.086423368338334,253.0237135841733,150,0.4999999999999999,-0.8660254037844387,1.0,6.123233995736766e-17,2,267.28481596100846
2026,5,30,6,850.0,19.0,72.75,1515.09673920248,295.64776611328125,0.0058976933360099,8.030765473675238,257.3735208461802,150,0.4999999999999999,-0.8660254037844387,1.0,6.123233995736766e-17,2,265.3895942725716
2026,5,30,6,850.0,19.0,73.0,1515.606597308969,294.05987548828125,0.0092837139964103,12.615571990377196,278.7262678049771,150,0.4999999999999999,-0.8660254037844387,1.0,6.123233995736766e-17,2,267.2125438341108
2026,5,30,6,850.0,18.75,72.5,1515.3516682557245,295.52471923828125,0.0066472813487052,9.047357077863484,261.836736837517,150,0.4999999999999999,-0.8660254037844387,1.0,6.123233995736766e-17,2,269.8442596718858
2026,5,30,6,850.0,18.75,72.75,1515.5683579509823,295.27862548828125,0.0074850842356681,10.18249459591838,266.94335348453865,150,0.4999999999999999,-0.8660254037844387,1.0,6.123233995736766e-17,2,268.1983960354278
2026,5,30,6,850.0,18.75,73.0,1516.2439199420803,293.75714111328125,0.0108367726206779,14.71220437947258,288.13228113750625,150,0.4999999999999999,-0.8660254037844387,1.0,6.123233995736766e-17,2,269.24243638794115
2026,5,30,12,1000.0,19.25,72.5,55.77529023672712,303.4231262207031,0.0200296528637409,31.814753572476054,384.64464650884463,150,0.4999999999999999,-0.8660254037844387,1.2246467991473532e-16,-1.0,2,393.4474527539459
2026,5,30,12,1000.0,19.25,72.75,55.354657298873725,303.4680480957031,0.0195594914257526,31.076729909293515,381.579443104114,150,0.4999999999999999,-0.8660254037844387,1.2246467991473532e-16,-1.0,2,391.94169977994676
2026,5,30,12,1000.0,19.25,73.0,52.28276220727772,305.1907043457031,0.017912495881319,28.488111032918845,368.3525971209921,150,0.4999999999999999,-0.8660254037844387,1.2246467991473532e-16,-1.0,2,374.69707790086386
2026,5,30,12,1000.0,19.0,72.5,56.57831675444724,303.5071105957031,0.0202337391674518,32.134983055260456,385.7992317208663,150,0.4999999999999999,-0.8660254037844387,1.2246467991473532e-16,-1.0,2,393.8352631785745
2026,5,30,12,1000.0,19.0,72.75,56.5528238491228,303.2629699707031,0.0204063542187213,32.40577011092492,387.3128977592488,150,0.4999999999999999,-0.8660254037844387,1.2246467991473532e-16,-1.0,2,393.6440198650192
2026,5,30,12,1000.0,19.0,73.0,54.30944818057135,304.7922668457031,0.0185686238110065,29.519975689275743,373.1265390706817,150,0.4999999999999999,-0.8660254037844387,1.2246467991473532e-16,-1.0,2,379.8289531731265
2026,5,30,12,1000.0,18.75,72.5,57.38134327216736,303.6360168457031,0.020353902131319,32.32349268680127,386.3428936193908,150,0.4999999999999999,-0.8660254037844387,1.2246467991473532e-16,-1.0,2,392.1081430607923
2026,5,30,12,1000.0,18.75,72.75,57.190146482234,303.2727355957031,0.0204015858471393,32.39829055919125,387.2658608185369,150,0.4999999999999999,-0.8660254037844387,1.2246467991473532e-16,-1.0,2,392.00304182829973
2026,5,30,12,1000.0,18.75,73.0,56.10669800594495,304.3020324707031,0.018738854676485,29.78755764412496,374.99675062551466,150,0.4999999999999999,-0.8660254037844387,1.2246467991473532e-16,-1.0,2,380.1751671471486
2026,5,30,12,925.0,19.25,72.5,748.9414768135654,297.4865417480469,0.0165845043957233,24.41735620585551,344.20183908349986,150,0.4999999999999999,-0.8660254037844387,1.2246467991473532e-16,-1.0,2,338.35882664672846
2026,5,30,12,925.0,19.25,72.75,749.094434245512,297.6935729980469,0.0176569111645221,25.97949765802853,350.46585898199254,150,0.4999999999999999,-0.8660254037844387,1.2246467991473532e-16,-1.0,2,336.68234026785865
2026,5,30,12,925.0,19.25,73.0,748.3169006331163,298.6037292480469,0.0172673352062702,25.41224756672659,346.6923775788951,150,0.4999999999999999,-0.8660254037844387,1.2246467991473532e-16,-1.0,2,342.2606921546028
2026,5,30,12,925.0,19.0,72.5,749.9611930265432,297.4084167480469,0.0178023464977741,26.191193652898026,351.7995475937508,150,0.4999999999999999,-0.8660254037844387,1.2246467991473532e-16,-1.0,2,338.1876895736341
2026,5,30,12,925.0,19.0,72.75,749.7445033312855,297.9572448730469,0.0152870304882526,22.52466954091637,335.5436974184753,150,0.4999999999999999,-0.8660254037844387,1.2246467991473532e-16,-1.0,2,333.4809839379908
2026,5,30,12,925.0,19.0,73.0,749.5150671833654,298.5470886230469,0.0153876431286335,22.67154373003033,335.3088044232636,150,0.4999999999999999,-0.8660254037844387,1.2246467991473532e-16,-1.0,2,338.5200923001907
2026,5,30,12,925.0,18.75,72.5,750.8661911655612,297.4084167480469,0.0181699879467487,26.72616832738617,354.0555291508478,150,0.4999999999999999,-0.8660254037844387,1.2246467991473532e-16,-1.0,2,338.79800775849753
2026,5,30,12,925.0,18.75,72.75,750.4455582277078,298.2091979980469,0.0155340321362018,22.88521041709158,336.6925530351051,150,0.4999999999999999,-0.8660254037844387,1.2246467991473532e-16,-1.0,2,333.7069514151651
2026,5,30,12,925.0,18.75,73.0,750.68774082829,298.5978698730469,0.0156732685863971,23.088402420550224,336.9795580593025,150,0.4999999999999999,-0.8660254037844387,1.2246467991473532e-16,-1.0,2,338.4831556890676
2026,5,30,12,850.0,19.25,72.5,1488.2507182626075,296.8924560546875,0.004701517522335,6.406598482549229,249.2785196430633,150,0.4999999999999999,-0.8660254037844387,1.2246467991473532e-16,-1.0,2,271.4736549611087
2026,5,30,12,850.0,19.25,72.75,1488.7478299164345,296.8201904296875,0.0047549232840538,6.479163016909334,249.65303038062183,150,0.4999999999999999,-0.8660254037844387,1.2246467991473532e-16,-1.0,2,270.95282912858295
2026,5,30,12,850.0,19.25,73.0,1488.5438866738389,296.3006591796875,0.0069030746817588,9.394053042287236,262.523089242378,150,0.4999999999999999,-0.8660254037844387,1.2246467991473532e-16,-1.0,2,274.56523676867386
2026,5,30,12,850.0,19.0,72.5,1489.3214202862343,296.7381591796875,0.0049752220511436,6.778442082416755,250.99739434405663,150,0.4999999999999999,-0.8660254037844387,1.2246467991473532e-16,-1.0,2,276.4566472926216
2026,5,30,12,850.0,19.0,72.75,1489.691067413439,296.4959716796875,0.0052880272269248,7.203255210977213,253.02836537806635,150,0.4999999999999999,-0.8660254037844387,1.2246467991473532e-16,-1.0,2,274.8796543667646
2026,5,30,12,850.0,19.0,73.0,1489.64008160279,296.4686279296875,0.0057891830801963,7.8835273423699315,255.9414369079431,150,0.4999999999999999,-0.8660254037844387,1.2246467991473532e-16,-1.0,2,277.5036640076506
2026,5,30,12,850.0,18.75,72.5,1490.5578261944702,296.4783935546875,0.0057920441031455,7.887409727689499,255.94837940859995,150,0.4999999999999999,-0.8660254037844387,1.2246467991473532e-16,-1.0,2,277.74585609255865
2026,5,30,12,850.0,18.75,72.75,1490.6470513631057,296.2088623046875,0.0060833916068077,8.282695538504397,257.8922032397074,150,0.4999999999999999,-0.8660254037844387,1.2246467991473532e-16,-1.0,2,276.11999472628054
2026,5,30,12,850.0,18.75,73.0,1490.7872623423902,296.3885498046875,0.006039522588253,8.223185153531862,257.4618355613216,150,0.4999999999999999,-0.8660254037844387,1.2246467991473532e-16,-1.0,2,278.03522831289854
2026,5,30,18,1000.0,19.25,72.5,75.80985084897749,302.7689208984375,0.0202987976372241,32.237049061849376,387.4731918182116,150,0.4999999999999999,-0.8660254037844387,-1.0,-1.8369701987210294e-16,2,400.16682236336015
2026,5,30,18,1000.0,19.25,72.75,76.80407415663096,302.7747802734375,0.0206206627190113,32.7418850129337,389.51724606078665,150,0.4999999999999999,-0.8660254037844387,-1.0,-1.8369701987210294e-16,2,400.2303125642772
2026,5,30,18,1000.0,19.25,73.0,76.85505996727986,303.0091552734375,0.0204647369682788,32.4973444010645,388.1195367986754,150,0.4999999999999999,-0.8660254037844387,-1.0,-1.8369701987210294e-16,2,395.58650818990196
2026,5,30,18,1000.0,19.0,72.5,76.05203344955974,302.8587646484375,0.0204523392021656,32.47789884048619,388.2987791665213,150,0.4999999999999999,-0.8660254037844387,-1.0,-1.8369701987210294e-16,2,399.9170601496768
2026,5,30,18,1000.0,19.0,72.75,76.84231351461764,303.0032958984375,0.0202291794121265,32.127829252386775,386.6283681363639,150,0.4999999999999999,-0.8660254037844387,-1.0,-1.8369701987210294e-16,2,400.06020206064653
2026,5,30,18,1000.0,19.0,73.0,77.10998902052434,302.9739990234375,0.0201257057487964,31.96547883028402,386.0186692540369,150,0.4999999999999999,-0.8660254037844387,-1.0,-1.8369701987210294e-16,2,395.6761150085652
2026,5,30,18,1000.0,18.75,72.5,76.63837027202204,303.0150146484375,0.0201433487236499,31.993162125936376,386.06129898379976,150,0.4999999999999999,-0.8660254037844387,-1.0,-1.8369701987210294e-16,2,399.14670423858524
2026,5,30,18,1000.0,18.75,72.75,77.02076385188877,303.1673583984375,0.0200250931084156,31.80759801630748,385.04894873867136,150,0.4999999999999999,-0.8660254037844387,-1.0,-1.8369701987210294e-16,2,399.3511553224761
2026,5,30,18,1000.0,18.75,73.0,77.9385084435689,302.8118896484375,0.0200904197990894,31.91011047954948,386.0696679749135,150,0.4999999999999999,-0.8660254037844387,-1.0,-1.8369701987210294e-16,2,395.10698304477677
2026,5,30,18,925.0,19.25,72.5,767.9179075869436,297.2358093261719,0.0170982666313648,25.165989072249378,347.7397184114608,150,0.4999999999999999,-0.8660254037844387,-1.0,-1.8369701987210294e-16,2,335.5527145504091
2026,5,30,18,925.0,19.25,72.75,768.9758631579082,297.0697937011719,0.0179503746330738,26.4066257233459,353.2371430557622,150,0.4999999999999999,-0.8660254037844387,-1.0,-1.8369701987210294e-16,2,336.8858631292061
2026,5,30,18,925.0,19.25,73.0,769.0013560632326,296.9447937011719,0.0188353843986988,27.69382119710552,358.87789253717267,150,0.4999999999999999,-0.8660254037844387,-1.0,-1.8369701987210294e-16,2,344.4964903272035
2026,5,30,18,925.0,19.0,72.5,768.3257940721347,297.3412780761719,0.016824085265398,24.766521021362536,345.89338697864184,150,0.4999999999999999,-0.8660254037844387,-1.0,-1.8369701987210294e-16,2,335.13483913338274
2026,5,30,18,925.0,19.0,72.75,769.1415670425171,297.3471374511719,0.0170644111931324,25.11667058212649,347.3616970580775,150,0.4999999999999999,-0.8660254037844387,-1.0,-1.8369701987210294e-16,2,336.39185051084564
2026,5,30,18,925.0,19.0,73.0,769.4602283590727,297.0834655761719,0.0179999656975269,26.478789278607103,353.52072975778754,150,0.4999999999999999,-0.8660254037844387,-1.0,-1.8369701987210294e-16,2,344.3247397480524
2026,5,30,18,925.0,18.75,72.5,768.8993844419349,297.3022155761719,0.0165923424065113,24.428780904227857,344.5273006528388,150,0.4999999999999999,-0.8660254037844387,-1.0,-1.8369701987210294e-16,2,335.1872894399722
2026,5,30,18,925.0,18.75,72.75,769.5621999803706,297.4643249511719,0.0169008560478687,24.878385357934825,346.1786569593875,150,0.4999999999999999,-0.8660254037844387,-1.0,-1.8369701987210294e-16,2,336.50924276322934
2026,5,30,18,925.0,18.75,73.0,770.2250155188061,297.0893249511719,0.0181792564690113,26.739652392783764,354.61397122643496,150,0.4999999999999999,-0.8660254037844387,-1.0,-1.8369701987210294e-16,2,344.8645145237083
2026,5,30,18,850.0,19.25,72.5,1504.264246072818,294.31109619140625,0.0094393379986286,12.825842121174556,279.3474070853057,150,0.4999999999999999,-0.8660254037844387,-1.0,-1.8369701987210294e-16,2,281.0234291812041
2026,5,30,18,850.0,19.25,72.75,1505.1564977591738,293.30328369140625,0.0111788399517536,15.173467734636883,290.676665194097,150,0.4999999999999999,-0.8660254037844387,-1.0,-1.8369701987210294e-16,2,286.69687650617016
2026,5,30,18,850.0,19.25,73.0,1504.9143151585915,292.64117431640625,0.0124376900494098,16.869334824943845,298.8698666998976,150,0.4999999999999999,-0.8660254037844387,-1.0,-1.8369701987210294e-16,2,290.9789243787573
2026,5,30,18,850.0,19.0,72.5,1504.901568705929,294.58843994140625,0.0090368874371051,12.281993131085644,276.6949411690167,150,0.4999999999999999,-0.8660254037844387,-1.0,-1.8369701987210294e-16,2,283.64764048016764
2026,5,30,18,850.0,19.0,72.75,1505.7045952236494,293.56500244140625,0.0119231827557086,16.176524667023454,294.70028127967254,150,0.4999999999999999,-0.8660254037844387,-1.0,-1.8369701987210294e-16,2,288.96418563940347
2026,5,30,18,850.0,19.0,73.0,1505.6153700550135,293.03570556640625,0.0128458626568317,17.418654133267587,300.7548127010379,150,0.4999999999999999,-0.8660254037844387,-1.0,-1.8369701987210294e-16,2,292.51345559267895
2026,5,30,18,850.0,18.75,72.5,1505.8957920135826,294.99273681640625,0.0084789879620075,11.52764150230333,273.01006734260017,150,0.4999999999999999,-0.8660254037844387,-1.0,-1.8369701987210294e-16,2,285.7921735911525
2026,5,30,18,850.0,18.75,72.75,1506.431143025396,294.28961181640625,0.0099891312420368,13.568374348671592,282.56980218152813,150,0.4999999999999999,-0.8660254037844387,-1.0,-1.8369701987210294e-16,2,291.0126958895315
2026,5,30,18,850.0,18.75,73.0,1506.5586075520184,293.79937744140625,0.0106943733990192,14.52012887161318,287.25171685384686,150,0.4999999999999999,-0.8660254037844387,-1.0,-1.8369701987210294e-16,2,293.4464531429058
2026,6,1,0,1000.0,19.25,72.5,74.93281026140426,302.5257263183594,0.0193226560950279,30.70480594479069,381.6455011024565,152,1.2246467991473532e-16,-1.0,0.0,1.0,3,390.10850211738165
2026,6,1,0,1000.0,19.25,72.75,75.85055485308439,301.8128356933594,0.0205357298254966,32.6086892025994,390.63927163348967,152,1.2246467991473532e-16,-1.0,0.0,1.0,3,390.18190545549237
2026,6,1,0,1000.0,19.25,73.0,76.99773559268456,301.0511169433594,0.0204746946692466,32.51296257592691,391.57240063538393,152,1.2246467991473532e-16,-1.0,0.0,1.0,3,390.16730359466817
2026,6,1,0,1000.0,19.0,72.5,75.7485832317866,302.5140075683594,0.0192997679114341,30.668856950165186,381.51861042615286,152,1.2246467991473532e-16,-1.0,0.0,1.0,3,389.32005047492686
2026,6,1,0,1000.0,19.0,72.75,76.69182072879119,301.8558044433594,0.0202553495764732,32.16888710631443,388.7642681514293,152,1.2246467991473532e-16,-1.0,0.0,1.0,3,388.9331398914932
2026,6,1,0,1000.0,19.0,73.0,77.66055113112022,300.9671325683594,0.0203397497534751,32.30129208796332,390.84739016259937,152,1.2246467991473532e-16,-1.0,0.0,1.0,3,388.64772685259493
2026,6,1,0,1000.0,18.75,72.5,76.79379235008898,302.3890075683594,0.0191409811377525,30.419433581491404,380.7105623681686,152,1.2246467991473532e-16,-1.0,0.0,1.0,3,388.84858508154866
2026,6,1,0,1000.0,18.75,72.75,77.43111498320017,301.7190856933594,0.0199091657996177,31.625661854442267,386.77434399626657,152,1.2246467991473532e-16,-1.0,0.0,1.0,3,388.200944275372
2026,6,1,0,1000.0,18.75,73.0,78.57829572280035,300.8089294433594,0.0199935659766197,31.758121885609373,388.8838904222928,152,1.2246467991473532e-16,-1.0,0.0,1.0,3,388.0046129255559
2026,6,1,0,925.0,19.25,72.5,765.6902658208971,297.1212463378906,0.0151398405432701,22.309769806140395,335.8468462824418,152,1.2246467991473532e-16,-1.0,0.0,1.0,3,344.62695026673316
2026,6,1,0,925.0,19.25,72.75,766.0981523060883,296.5411682128906,0.016409657895565,24.16247162339024,344.5471483487213,152,1.2246467991473532e-16,-1.0,0.0,1.0,3,344.23826617933133
2026,6,1,0,925.0,19.25,73.0,765.9961806847905,296.1349182128906,0.017271302640438,25.4180257705885,350.5008971016101,152,1.2246467991473532e-16,-1.0,0.0,1.0,3,344.93408640852977
2026,6,1,0,925.0,19.0,72.5,766.3785742646572,297.0450744628906,0.0153267607092857,22.58266978707405,337.110779044749,152,1.2246467991473532e-16,-1.0,0.0,1.0,3,344.31810583509485
2026,6,1,0,925.0,19.0,72.75,766.5570246019283,296.5665588378906,0.0169446691870689,24.94222178233684,347.8157674370604,152,1.2246467991473532e-16,-1.0,0.0,1.0,3,343.4480407680751
2026,6,1,0,925.0,19.0,73.0,766.5315316966039,296.1700744628906,0.0174467787146568,25.673562995960765,351.5330874271864,152,1.2246467991473532e-16,-1.0,0.0,1.0,3,344.2210936666373
2026,6,1,0,925.0,18.75,72.5,767.1178685190662,297.0626525878906,0.0151398405432701,22.309769806140395,335.9316862229475,152,1.2246467991473532e-16,-1.0,0.0,1.0,3,344.9197327284136
2026,6,1,0,925.0,18.75,72.75,767.0668827084173,296.8243713378906,0.0162403807044029,23.915654666154293,343.0757952690489,152,1.2246467991473532e-16,-1.0,0.0,1.0,3,344.1462446933619
2026,6,1,0,925.0,18.75,73.0,767.219840140364,296.3634338378906,0.0168364271521568,24.784505343520102,347.45692042577565,152,1.2246467991473532e-16,-1.0,0.0,1.0,3,344.9869793493372
2026,6,1,0,850.0,19.25,72.5,1501.8635313792172,293.27508544921875,0.0110798925161361,15.040060876545496,290.1323955418323,152,1.2246467991473532e-16,-1.0,0.0,1.0,3,287.09290825021964
2026,6,1,0,850.0,19.25,72.75,1502.3988823910306,293.33758544921875,0.0122691243886947,16.64239998239168,297.0025734282156,152,1.2246467991473532e-16,-1.0,0.0,1.0,3,291.465327786224
2026,6,1,0,850.0,19.25,73.0,1502.194939148435,293.63641357421875,0.0122877210378646,16.66743835265489,296.7352932302798,152,1.2246467991473532e-16,-1.0,0.0,1.0,3,294.9734326768559
2026,6,1,0,850.0,19.0,72.5,1502.653811444275,293.18133544921875,0.0115586370229721,15.685384948262517,293.0463950867198,152,1.2246467991473532e-16,-1.0,0.0,1.0,3,289.4025819454772
2026,6,1,0,850.0,19.0,72.75,1503.036205024142,293.30242919921875,0.0121470540761947,16.478031604947223,296.3341394581675,152,1.2246467991473532e-16,-1.0,0.0,1.0,3,293.8927150342878
2026,6,1,0,850.0,19.0,73.0,1502.8577546868707,293.52703857421875,0.0121995061635971,16.548661608241623,296.35852709680444,152,1.2246467991473532e-16,-1.0,0.0,1.0,3,296.75452566297565
2026,6,1,0,850.0,18.75,72.5,1503.5970489412798,293.03289794921875,0.0123935788869857,16.809953761196297,298.11430852166586,152,1.2246467991473532e-16,-1.0,0.0,1.0,3,291.2330614693904
2026,6,1,0,850.0,18.75,72.75,1503.8009921838752,293.18133544921875,0.0130406469106674,17.680699774427964,301.7049940271718,152,1.2246467991473532e-16,-1.0,0.0,1.0,3,295.6877965362436
2026,6,1,0,850.0,18.75,73.0,1503.5715560359554,293.32391357421875,0.0132213681936264,17.92377128919812,302.5748411570082,152,1.2246467991473532e-16,-1.0,0.0,1.0,3,297.68297790515925
2026,6,1,6,1000.0,19.25,72.5,93.52151983602964,302.8372802734375,0.0184461325407028,29.327400626541674,375.5221490918319,152,1.2246467991473532e-16,-1.0,1.0,6.123233995736766e-17,3,385.3548235972523
2026,6,1,6,1000.0,19.25,72.75,92.98616882421622,303.1693115234375,0.0192801207304,30.637997600909674,380.2991104398685,152,1.2246467991473532e-16,-1.0,1.0,6.123233995736766e-17,3,383.1341355173561
2026,6,1,6,1000.0,19.25,73.0,92.19588875915834,303.6966552734375,0.0189305990934371,30.088890705130986,377.2025492829772,152,1.2246467991473532e-16,-1.0,1.0,6.123233995736766e-17,3,371.10845653919546
2026,6,1,6,1000.0,19.0,72.5,94.1333495638164,302.8919677734375,0.0185109823942184,29.429358073618506,375.8473425381736,152,1.2246467991473532e-16,-1.0,1.0,6.123233995736766e-17,3,385.9809631769035
2026,6,1,6,1000.0,19.0,72.75,93.96764567920748,302.6048583984375,0.0193988531827926,30.824476676437666,382.0004508846112,152,1.2246467991473532e-16,-1.0,1.0,6.123233995736766e-17,3,385.25906096404736
2026,6,1,6,1000.0,19.0,73.0,93.25384433012292,302.9056396484375,0.0192844122648239,30.644738271794736,380.76588045208587,152,1.2246467991473532e-16,-1.0,1.0,6.123233995736766e-17,3,375.9338755441056
2026,6,1,6,1000.0,18.75,72.5,94.6559541229676,302.8665771484375,0.0185343474149703,29.46609079465149,376.0382516866172,152,1.2246467991473532e-16,-1.0,1.0,6.123233995736766e-17,3,385.89066968402915
2026,6,1,6,1000.0,18.75,72.75,94.46475733303424,302.3099365234375,0.0193921774625778,30.81399261482238,382.45293798460455,152,1.2246467991473532e-16,-1.0,1.0,6.123233995736766e-17,3,385.2864168436152
2026,6,1,6,1000.0,18.75,73.0,93.33032304609628,302.6439208984375,0.0187932699918746,29.873080272733315,378.06052408846153,152,1.2246467991473532e-16,-1.0,1.0,6.123233995736766e-17,3,377.1006417593504
2026,6,1,6,925.0,19.25,72.5,784.8211975419741,297.482421875,0.0141045302152633,20.797122718674046,328.9491464003179,152,1.2246467991473532e-16,-1.0,1.0,6.123233995736766e-17,3,343.57098824738534
2026,6,1,6,925.0,19.25,72.75,784.7957046366497,296.798828125,0.0166064947843551,24.449409162252824,345.37412715342475,152,1.2246467991473532e-16,-1.0,1.0,6.123233995736766e-17,3,344.8128088827149
2026,6,1,6,925.0,19.25,73.0,783.8779600449695,296.58984375,0.0178219527006149,26.21972965366913,353.19716975958124,152,1.2246467991473532e-16,-1.0,1.0,6.123233995736766e-17,3,346.16856805493563
2026,6,1,6,925.0,19.0,72.5,785.3310556484631,296.833984375,0.0157996863126754,23.2728581682511,340.34023946273913,152,1.2246467991473532e-16,-1.0,1.0,6.123233995736766e-17,3,343.40045798111845
2026,6,1,6,925.0,19.0,72.75,784.7702117313252,296.62890625,0.0168167799711227,24.755875783638565,346.93047828271386,152,1.2246467991473532e-16,-1.0,1.0,6.123233995736766e-17,3,343.8731419055284
2026,6,1,6,925.0,19.0,73.0,784.2603536248363,296.302734375,0.0178977698087692,26.330071924485825,354.11603376417804,152,1.2246467991473532e-16,-1.0,1.0,6.123233995736766e-17,3,345.3194495750586
2026,6,1,6,925.0,18.75,72.5,785.5859847017076,296.421875,0.0169765204191207,24.988627410054804,348.23418946798165,152,1.2246467991473532e-16,-1.0,1.0,6.123233995736766e-17,3,344.14744105482697
2026,6,1,6,925.0,18.75,72.75,784.8466904472986,296.626953125,0.0168749541044235,24.840644241296143,347.29280714599213,152,1.2246467991473532e-16,-1.0,1.0,6.123233995736766e-17,3,344.66072190939474
2026,6,1,6,925.0,18.75,73.0,784.6937330153519,296.5859375,0.0170580595731735,25.10741771469376,348.4866286821766,152,1.2246467991473532e-16,-1.0,1.0,6.123233995736766e-17,3,346.0314658915601
2026,6,1,6,850.0,19.25,72.5,1521.1827720220465,293.23419189453125,0.0118726268410682,16.10842535486336,294.81641285644275,152,1.2246467991473532e-16,-1.0,1.0,6.123233995736766e-17,3,284.42027368022013
2026,6,1,6,850.0,19.25,72.75,1521.055307495424,293.01934814453125,0.0134767070412635,18.267113731287864,304.46175867072577,152,1.2246467991473532e-16,-1.0,1.0,6.123233995736766e-17,3,282.7441172812381
2026,6,1,6,850.0,19.25,73.0,1521.3102365486686,293.31231689453125,0.0141862407326698,19.22063649662241,308.21255249861423,152,1.2246467991473532e-16,-1.0,1.0,6.123233995736766e-17,3,284.36766542429035
2026,6,1,6,850.0,19.0,72.5,1521.106293306073,293.26739501953125,0.0111621394753456,15.150952270108968,290.6226411404317,152,1.2246467991473532e-16,-1.0,1.0,6.123233995736766e-17,3,287.58436274056714
2026,6,1,6,850.0,19.0,72.75,1520.9533358741264,293.08184814453125,0.0133632197976112,18.114525686814808,303.7173124072044,152,1.2246467991473532e-16,-1.0,1.0,6.123233995736766e-17,3,285.51287771917663
2026,6,1,6,850.0,19.0,73.0,1521.4122081699663,293.28692626953125,0.0144561305642127,19.583119998122065,309.81830229861293,152,1.2246467991473532e-16,-1.0,1.0,6.123233995736766e-17,3,286.67973792182715
2026,6,1,6,850.0,18.75,72.5,1521.1827720220465,293.27520751953125,0.010412074625492,14.139251881317891,286.2257205030616,152,1.2246467991473532e-16,-1.0,1.0,6.123233995736766e-17,3,289.6214619372969
2026,6,1,6,850.0,18.75,72.75,1521.0298145900997,293.01348876953125,0.013665534555912,18.520953461033447,305.5722248799908,152,1.2246467991473532e-16,-1.0,1.0,6.123233995736766e-17,3,287.74567833663326
2026,6,1,6,850.0,18.75,73.0,1521.5906585072375,293.08770751953125,0.014977790415287,20.283416662896887,313.12750880201554,152,1.2246467991473532e-16,-1.0,1.0,6.123233995736766e-17,3,288.1176377703198
2026,6,1,12,1000.0,19.25,72.5,60.47514632927657,302.7743530273437,0.0196926183998584,31.28574480304906,383.59318148696354,152,1.2246467991473532e-16,-1.0,1.2246467991473532e-16,-1.0,3,392.946005557033
2026,6,1,12,1000.0,19.25,72.75,59.77409143285424,303.0595092773437,0.0192968435585498,30.664263786374747,380.5886344514379,152,1.2246467991473532e-16,-1.0,1.2246467991473532e-16,-1.0,3,391.7417359736162
2026,6,1,12,1000.0,19.25,73.0,56.82966086788047,304.9247436523437,0.0176922865211963,28.141614609095523,367.3834508714856,152,1.2246467991473532e-16,-1.0,1.2246467991473532e-16,-1.0,3,376.224070957056
2026,6,1,12,1000.0,19.0,72.5,61.20169413102334,303.0126342773437,0.0195543356239795,31.0686344135093,382.3095109550568,152,1.2246467991473532e-16,-1.0,1.2246467991473532e-16,-1.0,3,393.3832060943579
2026,6,1,12,1000.0,19.0,72.75,60.93401862511664,302.8602905273437,0.0195023603737354,30.98702152856688,382.23345755910753,152,1.2246467991473532e-16,-1.0,1.2246467991473532e-16,-1.0,3,393.3837729338136
2026,6,1,12,1000.0,19.0,73.0,58.9583184624719,304.3954467773437,0.0179163999855518,28.49425326000768,369.6385099887706,152,1.2246467991473532e-16,-1.0,1.2246467991473532e-16,-1.0,3,380.5623887333297
2026,6,1,12,1000.0,18.75,72.5,62.04296000673013,303.2235717773437,0.0193526335060596,30.7518880369038,380.6708425367436,152,1.2246467991473532e-16,-1.0,1.2246467991473532e-16,-1.0,3,391.9580158362298
2026,6,1,12,1000.0,18.75,72.75,61.67331287952563,302.9364624023437,0.0192482061684131,30.587868622264548,380.4833185209041,152,1.2246467991473532e-16,-1.0,1.2246467991473532e-16,-1.0,3,391.92706950538155
2026,6,1,12,1000.0,18.75,73.0,60.79380764583217,303.8837280273437,0.0179063864052295,28.478499092970544,370.3908048335604,152,1.2246467991473532e-16,-1.0,1.2246467991473532e-16,-1.0,3,380.7370640968776
2026,6,1,12,925.0,19.25,72.5,752.2286674571592,297.9281311035156,0.0135457105934619,19.979871049358625,324.89175986234994,152,1.2246467991473532e-16,-1.0,1.2246467991473532e-16,-1.0,3,347.2950467145775
2026,6,1,12,925.0,19.25,72.75,752.1394422885237,297.8871154785156,0.0152656622231006,22.49347388677971,335.5138476667576,152,1.2246467991473532e-16,-1.0,1.2246467991473532e-16,-1.0,3,343.21820507580526
2026,6,1,12,925.0,19.25,73.0,751.871766782617,298.3539123535156,0.0164267607033252,24.18740581293834,341.93929900273287,152,1.2246467991473532e-16,-1.0,1.2246467991473532e-16,-1.0,3,343.87999729732564
2026,6,1,12,925.0,19.0,72.5,753.235637217475,297.6312561035156,0.0150043554604053,22.111925688014068,334.277047368224,152,1.2246467991473532e-16,-1.0,1.2246467991473532e-16,-1.0,3,347.5421413724625
2026,6,1,12,925.0,19.0,72.75,752.840497184946,298.2738342285156,0.0124041624367237,18.30868964143092,317.41149103732107,152,1.2246467991473532e-16,-1.0,1.2246467991473532e-16,-1.0,3,339.52932636015794
2026,6,1,12,925.0,19.0,73.0,753.0444404275415,298.4164123535156,0.0140254087746143,20.681444177895013,327.16157482986847,152,1.2246467991473532e-16,-1.0,1.2246467991473532e-16,-1.0,3,339.21646786977885
2026,6,1,12,925.0,18.75,72.5,754.204367619804,297.3168029785156,0.0162064619362354,23.86619288810528,342.13145029886505,152,1.2246467991473532e-16,-1.0,1.2246467991473532e-16,-1.0,3,347.6527140444985
2026,6,1,12,925.0,18.75,72.75,753.6817630606528,298.4671936035156,0.0130831785500049,19.30301962154215,321.3195436442004,152,1.2246467991473532e-16,-1.0,1.2246467991473532e-16,-1.0,3,339.48221794736185
2026,6,1,12,925.0,18.75,73.0,754.2426069777906,298.4925842285156,0.0142705030739307,21.03974548695439,328.5559829595071,152,1.2246467991473532e-16,-1.0,1.2246467991473532e-16,-1.0,3,339.39995693074167
2026,6,1,12,850.0,19.25,72.5,1491.7388646989543,296.53155517578125,0.0053942874073982,7.347527955280007,253.6063349175066,152,1.2246467991473532e-16,-1.0,1.2246467991473532e-16,-1.0,3,282.08754499261113
2026,6,1,12,850.0,19.25,72.75,1491.6751324356433,295.56475830078125,0.0090726092457771,12.33027626792346,275.8133122471185,152,1.2246467991473532e-16,-1.0,1.2246467991473532e-16,-1.0,3,282.75229432465005
2026,6,1,12,850.0,19.25,73.0,1491.5604143616831,294.60382080078125,0.0126784518361091,17.193385112195994,297.78523359014537,152,1.2246467991473532e-16,-1.0,1.2246467991473532e-16,-1.0,3,284.7712619550598
2026,6,1,12,850.0,19.0,72.5,1492.5673841219989,296.53350830078125,0.0053652003407478,7.308037388463112,253.436943881408,152,1.2246467991473532e-16,-1.0,1.2246467991473532e-16,-1.0,3,284.536639502992
2026,6,1,12,850.0,19.0,72.75,1492.452666048039,295.56085205078125,0.0089390948414802,12.149801775204091,275.0470500632788,152,1.2246467991473532e-16,-1.0,1.2246467991473532e-16,-1.0,3,284.5769414701243
2026,6,1,12,850.0,19.0,73.0,1492.4271731427143,294.80694580078125,0.0124080851674079,16.829482009760152,295.9674021990819,152,1.2246467991473532e-16,-1.0,1.2246467991473532e-16,-1.0,3,285.7992561356313
2026,6,1,12,850.0,18.75,72.5,1493.599846787639,296.48663330078125,0.0055578425526618,7.569555561602439,254.591601509241,152,1.2246467991473532e-16,-1.0,1.2246467991473532e-16,-1.0,3,285.16091710811764
2026,6,1,12,850.0,18.75,72.75,1493.2811854710835,295.55499267578125,0.0089991763234138,12.231018901484871,275.40033198020814,152,1.2246467991473532e-16,-1.0,1.2246467991473532e-16,-1.0,3,284.79746822786495
2026,6,1,12,850.0,18.75,73.0,1493.3194248290702,294.73272705078125,0.0123103335499763,16.697882889829497,295.49505093301246,152,1.2246467991473532e-16,-1.0,1.2246467991473532e-16,-1.0,3,285.2530175909746
2026,6,1,18,1000.0,19.25,72.5,89.76768952700463,302.6353454589844,0.0200986750423908,31.92306426506896,386.4234061018672,152,1.2246467991473532e-16,-1.0,-1.0,-1.8369701987210294e-16,3,395.18177556006935
2026,6,1,18,1000.0,19.25,72.75,90.73641992933368,302.5826110839844,0.0202278979122638,32.125818699430674,387.3394357273416,152,1.2246467991473532e-16,-1.0,-1.0,-1.8369701987210294e-16,3,396.19550247916635
2026,6,1,18,1000.0,19.25,73.0,91.61592516302711,302.7349548339844,0.0199994929134845,31.767423283917434,385.62005434979926,152,1.2246467991473532e-16,-1.0,-1.0,-1.8369701987210294e-16,3,394.60583128579117
2026,6,1,18,1000.0,19.0,72.5,90.29029408615582,302.6783142089844,0.0201067812740802,31.935784102795463,386.4018828719906,152,1.2246467991473532e-16,-1.0,-1.0,-1.8369701987210294e-16,3,394.8819595732729
2026,6,1,18,1000.0,19.0,72.75,91.00409543524036,302.6744079589844,0.0199570544064044,31.7008212396052,385.4518898920369,152,1.2246467991473532e-16,-1.0,-1.0,-1.8369701987210294e-16,3,395.80651081135005
2026,6,1,18,1000.0,19.0,73.0,91.8708542162716,302.6216735839844,0.0197472460567951,31.37150282935685,384.2002572405547,152,1.2246467991473532e-16,-1.0,-1.0,-1.8369701987210294e-16,3,394.5595799218633
2026,6,1,18,1000.0,18.75,72.5,90.82564509796924,302.7427673339844,0.0196990855038166,31.29589757442272,383.68780355379374,152,1.2246467991473532e-16,-1.0,-1.0,-1.8369701987210294e-16,3,394.5192871220696
2026,6,1,18,1000.0,18.75,72.75,91.2335315831604,302.7837829589844,0.0195460207760334,31.05557856612913,382.640819032884,152,1.2246467991473532e-16,-1.0,-1.0,-1.8369701987210294e-16,3,395.326351001351
2026,6,1,18,1000.0,18.75,73.0,92.3424729647739,302.4595642089844,0.0193471796810627,30.743322463705454,381.91340847698586,152,1.2246467991473532e-16,-1.0,-1.0,-1.8369701987210294e-16,3,394.11040824639116
2026,6,1,18,925.0,19.25,72.5,781.4060942542816,297.075439453125,0.0163955576717853,24.14191451613737,343.65662906721184,152,1.2246467991473532e-16,-1.0,-1.0,-1.8369701987210294e-16,3,346.4926367503404
2026,6,1,18,925.0,19.25,72.75,782.3620782039484,296.841064453125,0.0177049525082111,26.04943083976076,352.08334523608903,152,1.2246467991473532e-16,-1.0,-1.0,-1.8369701987210294e-16,3,347.1062532336471
2026,6,1,18,925.0,19.25,73.0,782.9866543843974,296.733642578125,0.0182170756161212,26.79467102524386,355.4077162049617,152,1.2246467991473532e-16,-1.0,-1.0,-1.8369701987210294e-16,3,350.07637170940586
2026,6,1,18,925.0,19.0,72.5,781.941445266095,297.032470703125,0.0166120417416095,24.45749421415076,345.05527143371,152,1.2246467991473532e-16,-1.0,-1.0,-1.8369701987210294e-16,3,346.16132393304247
2026,6,1,18,925.0,19.0,72.75,782.5915143518685,296.932861328125,0.017380703240633,25.57734684495476,349.9432648500744,152,1.2246467991473532e-16,-1.0,-1.0,-1.8369701987210294e-16,3,346.7392564803236
2026,6,1,18,925.0,19.0,73.0,783.3308086062774,296.675048828125,0.0182585604488849,26.855019556275284,355.7560807514057,152,1.2246467991473532e-16,-1.0,-1.0,-1.8369701987210294e-16,3,350.05914220850116
2026,6,1,18,925.0,18.75,72.5,782.3238388459617,296.897705078125,0.0173182375729084,25.48638010102136,349.6125901411001,152,1.2246467991473532e-16,-1.0,-1.0,-1.8369701987210294e-16,3,345.5956910033642
2026,6,1,18,925.0,18.75,72.75,782.8082040471262,296.841064453125,0.0178904421627521,26.31940789588724,353.22619127843825,152,1.2246467991473532e-16,-1.0,-1.0,-1.8369701987210294e-16,3,346.23107273929367
2026,6,1,18,925.0,18.75,73.0,783.6367234701708,296.509033203125,0.017930019646883,26.37700446087401,353.9909946396959,152,1.2246467991473532e-16,-1.0,-1.0,-1.8369701987210294e-16,3,350.29315985944515
2026,6,1,18,850.0,19.25,72.5,1517.1668427801544,292.832763671875,0.0124212093651294,16.84714941426006,298.5297853063462,152,1.2246467991473532e-16,-1.0,-1.0,-1.8369701987210294e-16,3,282.0974054353762
2026,6,1,18,850.0,19.25,72.75,1518.3777557830656,292.135498046875,0.0134011097252368,18.16547250025848,305.17948929801935,152,1.2246467991473532e-16,-1.0,-1.0,-1.8369701987210294e-16,3,287.3112455489259
2026,6,1,18,850.0,19.25,73.0,1518.2630377091057,291.975341796875,0.0121236629784107,16.44653259344333,297.8694344315848,152,1.2246467991473532e-16,-1.0,-1.0,-1.8369701987210294e-16,3,291.112309336834
2026,6,1,18,850.0,19.0,72.5,1517.7021937919678,292.811279296875,0.0120268650352954,16.31617271719266,296.24708404679865,152,1.2246467991473532e-16,-1.0,-1.0,-1.8369701987210294e-16,3,283.14985649997146
2026,6,1,18,850.0,19.0,72.75,1518.568952572999,292.002685546875,0.0135207958519458,18.326387233839,306.0583548179349,152,1.2246467991473532e-16,-1.0,-1.0,-1.8369701987210294e-16,3,287.9303241617477
2026,6,1,18,850.0,19.0,73.0,1518.5816990256612,291.924560546875,0.0124946422874927,16.945997468846237,300.11988219330715,152,1.2246467991473532e-16,-1.0,-1.0,-1.8369701987210294e-16,3,291.30644315506737
2026,6,1,18,850.0,18.75,72.5,1518.224798351119,292.785888671875,0.0120864696800708,16.396445378085673,296.62821302800256,152,1.2246467991473532e-16,-1.0,-1.0,-1.8369701987210294e-16,3,284.3433338530547
2026,6,1,18,850.0,18.75,72.75,1518.619938383648,292.006591796875,0.0133152790367603,18.050061183216247,304.8444134816974,152,1.2246467991473532e-16,-1.0,-1.0,-1.8369701987210294e-16,3,288.9863969472895
2026,6,1,18,850.0,18.75,73.0,1518.8111351735813,292.041748046875,0.0130663700401782,17.715300814618608,303.3341718492702,152,1.2246467991473532e-16,-1.0,-1.0,-1.8369701987210294e-16,3,291.33758063170507
2026,6,5,0,1000.0,19.25,72.5,40.65520909280947,302.5959167480469,0.0202249884605407,32.12125403138001,387.2980541375732,156,1.2246467991473532e-16,-1.0,0.0,1.0,3,392.1575756420454
2026,6,5,0,1000.0,19.25,72.75,41.56020723182738,302.0197448730469,0.0209683775901794,33.28704647007129,393.0541736785008,156,1.2246467991473532e-16,-1.0,0.0,1.0,3,392.9408643122308
2026,6,5,0,1000.0,19.25,73.0,42.4142195601964,301.5666198730469,0.0202664732933044,32.1863384952169,389.3350489084861,156,1.2246467991473532e-16,-1.0,0.0,1.0,3,391.6445801923498
2026,6,5,0,1000.0,19.0,72.5,40.92288459871618,302.7131042480469,0.0199283957481384,31.65584306194345,385.2030366697744,156,1.2246467991473532e-16,-1.0,0.0,1.0,3,391.87747181058563
2026,6,5,0,1000.0,19.0,72.75,41.64943240046296,302.2365417480469,0.0200509428977966,31.848163187524,386.799223620108,156,1.2246467991473532e-16,-1.0,0.0,1.0,3,392.166812563766
2026,6,5,0,1000.0,19.0,73.0,42.503444728831965,301.5627136230469,0.0196303725242614,31.18802034607004,385.2470981252652,156,1.2246467991473532e-16,-1.0,0.0,1.0,3,390.46938002912447
2026,6,5,0,1000.0,18.75,72.5,41.3052781785829,302.6955261230469,0.0199360251426696,31.667817125504936,385.28163538201056,156,1.2246467991473532e-16,-1.0,0.0,1.0,3,391.25981858097515
2026,6,5,0,1000.0,18.75,72.75,41.75140402176075,302.0900573730469,0.0200194716453552,31.798776284065525,386.8480154921856,156,1.2246467991473532e-16,-1.0,0.0,1.0,3,391.1478423043352
2026,6,5,0,1000.0,18.75,73.0,43.53590739447212,301.0177917480469,0.019535481929779,31.03903044316148,385.5631753235663,156,1.2246467991473532e-16,-1.0,0.0,1.0,3,389.51564854676843
2026,6,5,0,925.0,19.25,72.5,732.1913434538044,297.00836181640625,0.0169923976063728,25.011759001547592,347.4353026502876,156,1.2246467991473532e-16,-1.0,0.0,1.0,3,340.09965701564136
2026,6,5,0,925.0,19.25,72.75,732.3952866963999,296.71734619140625,0.0180133059620857,26.4982009309034,354.1774293153653,156,1.2246467991473532e-16,-1.0,0.0,1.0,3,343.7081914355042
2026,6,5,0,925.0,19.25,73.0,732.1658505484799,296.22906494140625,0.0186331942677497,27.399868018632223,358.7792349607878,156,1.2246467991473532e-16,-1.0,0.0,1.0,3,344.75016959644165
2026,6,5,0,925.0,19.0,72.5,732.4590189597111,296.90484619140625,0.0172808840870857,25.43198015484797,349.3714047526813,156,1.2246467991473532e-16,-1.0,0.0,1.0,3,339.51523888285504
2026,6,5,0,925.0,19.0,72.75,732.3825402437377,296.74664306640625,0.0173924639821052,25.59447287022288,350.3033533242075,156,1.2246467991473532e-16,-1.0,0.0,1.0,3,338.87657895649045
2026,6,5,0,925.0,19.0,73.0,732.1276111904932,296.35406494140625,0.0179126933217048,26.35179003689462,354.1275640435073,156,1.2246467991473532e-16,-1.0,0.0,1.0,3,340.7123891399792
2026,6,5,0,925.0,18.75,72.5,732.573737033671,296.81304931640625,0.0173118785023689,25.47711920771136,349.7038633653236,156,1.2246467991473532e-16,-1.0,0.0,1.0,3,339.4939279033591
2026,6,5,0,925.0,18.75,72.75,732.2933150751021,296.74664306640625,0.0177148059010505,26.063773800909136,352.2912262456697,156,1.2246467991473532e-16,-1.0,0.0,1.0,3,338.8412254127293
2026,6,5,0,925.0,18.75,73.0,732.0128931165332,296.32086181640625,0.0179560855031013,26.414936243810573,354.44803136522,156,1.2246467991473532e-16,-1.0,0.0,1.0,3,340.8289544742354
2026,6,5,0,850.0,19.25,72.5,1468.3829818286572,292.51580810546875,0.0131451152265071,17.821216921966123,303.1789357093227,156,1.2246467991473532e-16,-1.0,0.0,1.0,3,288.7647482902557
2026,6,5,0,850.0,19.25,72.75,1468.714389597875,292.87518310546875,0.0128652118146419,17.444687545861015,301.0743541911168,156,1.2246467991473532e-16,-1.0,0.0,1.0,3,295.29320795078206
2026,6,5,0,850.0,19.25,73.0,1467.9496024381417,292.89276123046875,0.0126835368573665,17.200228217634027,299.9888184957088,156,1.2246467991473532e-16,-1.0,0.0,1.0,3,300.6055183519478
2026,6,5,0,850.0,19.0,72.5,1468.5614321659284,292.82830810546875,0.0119878314435482,16.263601030004388,295.99704543314937,156,1.2246467991473532e-16,-1.0,0.0,1.0,3,288.4017257517661
2026,6,5,0,850.0,19.0,72.75,1468.7653754085238,293.02166748046875,0.0125500224530696,17.020538916535905,299.04335596297085,156,1.2246467991473532e-16,-1.0,0.0,1.0,3,295.57723265160615
2026,6,5,0,850.0,19.0,73.0,1468.2810102073597,293.05487060546875,0.0129496119916439,17.558237044944292,301.3364343353747,156,1.2246467991473532e-16,-1.0,0.0,1.0,3,300.8178269585577
2026,6,5,0,850.0,18.75,72.5,1468.9183328404706,293.17596435546875,0.0114871524274349,15.589050909021058,292.63495731429225,156,1.2246467991473532e-16,-1.0,0.0,1.0,3,287.88924631031665
2026,6,5,0,850.0,18.75,72.75,1468.816361219173,293.14276123046875,0.0123492740094661,16.750308743461314,297.7163303880784,156,1.2246467991473532e-16,-1.0,0.0,1.0,3,295.3126873423066
2026,6,5,0,850.0,18.75,73.0,1468.4084747339816,293.16424560546875,0.0133949778974056,18.15722779968491,303.7951724439328,156,1.2246467991473532e-16,-1.0,0.0,1.0,3,300.5424538569247
2026,6,5,6,1000.0,19.25,72.5,56.40544299021583,303.00537109375,0.0198055617511272,31.46304436623044,383.92404564504335,156,1.2246467991473532e-16,-1.0,1.0,6.123233995736766e-17,3,389.2144794160279
2026,6,5,6,1000.0,19.25,72.75,56.125021031646895,303.41357421875,0.0194770209491252,30.947231059721748,381.14586041237135,156,1.2246467991473532e-16,-1.0,1.0,6.123233995736766e-17,3,388.2162490524143
2026,6,5,6,1000.0,19.25,73.0,54.03460279504214,305.30224609375,0.0179358832538127,28.52490535545082,368.3235956206963,156,1.2246467991473532e-16,-1.0,1.0,6.123233995736766e-17,3,379.34522829403227
2026,6,5,6,1000.0,19.0,72.5,57.23396241326039,302.89990234375,0.0196591727435588,31.23323687319185,383.1679747240215,156,1.2246467991473532e-16,-1.0,1.0,6.123233995736766e-17,3,389.545441664522
2026,6,5,6,1000.0,19.0,72.75,57.64184889845156,302.72802734375,0.0200730673968791,31.882881390814475,386.101761796912,156,1.2246467991473532e-16,-1.0,1.0,6.123233995736766e-17,3,389.60884196689744
2026,6,5,6,1000.0,19.0,73.0,55.61516292515793,304.75537109375,0.0186444632709026,29.6391927415004,373.6648530496372,156,1.2246467991473532e-16,-1.0,1.0,6.123233995736766e-17,3,382.07188761037537
2026,6,5,6,1000.0,18.75,72.5,58.151707004940526,302.88232421875,0.0195390097796916,31.04456990531652,382.43047346109086,156,1.2246467991473532e-16,-1.0,1.0,6.123233995736766e-17,3,389.5082096338123
2026,6,5,6,1000.0,18.75,72.75,58.54684703746948,302.49560546875,0.019863735884428,31.55435729887375,385.1590275900657,156,1.2246467991473532e-16,-1.0,1.0,6.123233995736766e-17,3,389.5700525155084
2026,6,5,6,1000.0,18.75,73.0,57.00452626534036,304.02099609375,0.018276821821928,29.061171525960766,372.52305468984576,156,1.2246467991473532e-16,-1.0,1.0,6.123233995736766e-17,3,382.4777502434729
2026,6,5,6,925.0,19.25,72.5,748.5624192193563,297.0888977050781,0.0173116661608219,25.47680996752108,349.2777918168333,156,1.2246467991473532e-16,-1.0,1.0,6.123233995736766e-17,3,336.675500797787
2026,6,5,6,925.0,19.25,72.75,749.5311496216854,297.3291320800781,0.0180130936205387,26.49789195144261,353.216849386244,156,1.2246467991473532e-16,-1.0,1.0,6.123233995736766e-17,3,342.8471333010098
2026,6,5,6,925.0,19.25,73.0,749.8115715802543,298.4131164550781,0.0173922516405582,25.594163660004025,347.74375737856667,156,1.2246467991473532e-16,-1.0,1.0,6.123233995736766e-17,3,344.8112867013485
2026,6,5,6,925.0,19.0,72.5,749.0722773258452,296.9170227050781,0.0175963379442691,25.891316222064752,351.296095455996,156,1.2246467991473532e-16,-1.0,1.0,6.123233995736766e-17,3,336.1746291234902
2026,6,5,6,925.0,19.0,72.75,749.5184031690231,297.0166320800781,0.0173231102526187,25.49347627362189,349.4594421778744,156,1.2246467991473532e-16,-1.0,1.0,6.123233995736766e-17,3,337.07473722607205
2026,6,5,6,925.0,19.0,73.0,750.1812187074588,298.0185852050781,0.0170942284166812,25.160106558548623,346.52330198542927,156,1.2246467991473532e-16,-1.0,1.0,6.123233995736766e-17,3,340.3500724366464
2026,6,5,6,925.0,18.75,72.5,749.6458676956454,296.7900695800781,0.0179735161364078,26.44030113898689,353.8179613789048,156,1.2246467991473532e-16,-1.0,1.0,6.123233995736766e-17,3,335.92574308492505
2026,6,5,6,925.0,18.75,72.75,749.8370644855787,296.8428039550781,0.0175457932054996,25.817729157816984,351.09982565532744,156,1.2246467991473532e-16,-1.0,1.0,6.123233995736766e-17,3,336.75223189816467
2026,6,5,6,925.0,18.75,73.0,750.6145980979744,297.8740539550781,0.0168462730944156,24.798852439515343,345.22408814269573,156,1.2246467991473532e-16,-1.0,1.0,6.123233995736766e-17,3,340.2902279864976
2026,6,5,6,850.0,19.25,72.5,1486.1738431319566,293.1739501953125,0.0133363306522369,18.0783691181622,303.4402861418563,156,1.2246467991473532e-16,-1.0,1.0,6.123233995736766e-17,3,286.89299252808155
2026,6,5,6,850.0,19.25,72.75,1487.2445451555832,293.4825439453125,0.012932926416397,17.535789682632775,300.68914070949035,156,1.2246467991473532e-16,-1.0,1.0,6.123233995736766e-17,3,294.4275745535083
2026,6,5,6,850.0,19.25,73.0,1488.187782652588,293.0489501953125,0.0139843523502349,18.9494072614888,307.38645299902305,156,1.2246467991473532e-16,-1.0,1.0,6.123233995736766e-17,3,302.99607819798786
2026,6,5,6,850.0,19.0,72.5,1486.377786374552,293.1446533203125,0.0136233866214752,18.46429924701075,305.1536029371917,156,1.2246467991473532e-16,-1.0,1.0,6.123233995736766e-17,3,286.3345374289321
2026,6,5,6,850.0,19.0,72.75,1486.9641231970145,293.5606689453125,0.0127417147159576,17.278517375528963,299.4753734027688,156,1.2246467991473532e-16,-1.0,1.0,6.123233995736766e-17,3,294.5651298016732
2026,6,5,6,850.0,19.0,73.0,1487.9838394099922,292.8946533203125,0.0136620104312896,18.51621652990154,305.70826732484824,156,1.2246467991473532e-16,-1.0,1.0,6.123233995736766e-17,3,303.10381086040564
2026,6,5,6,850.0,18.75,72.5,1486.7601799544188,293.1212158203125,0.0138732492923736,18.800116445491724,306.64227615463915,156,1.2246467991473532e-16,-1.0,1.0,6.123233995736766e-17,3,285.99929790324995
2026,6,5,6,850.0,18.75,72.75,1487.015109007663,293.6134033203125,0.0129314959049224,17.53386517241022,300.51297076185006,156,1.2246467991473532e-16,-1.0,1.0,6.123233995736766e-17,3,294.29952826558605
2026,6,5,6,850.0,18.75,73.0,1488.187782652588,292.6778564453125,0.0143238604068756,19.405485389884365,309.8666347501301,156,1.2246467991473532e-16,-1.0,1.0,6.123233995736766e-17,3,302.69500554989366
2026,6,5,12,1000.0,19.25,72.5,31.494492895127287,303.3451538085937,0.0203852951526641,32.372737048874484,387.0384661551204,156,1.2246467991473532e-16,-1.0,1.2246467991473532e-16,-1.0,3,391.4689788999568
2026,6,5,12,1000.0,19.25,72.75,31.3415354631806,303.2240600585937,0.0204682648181915,32.502877685269,387.7734093923688,156,1.2246467991473532e-16,-1.0,1.2246467991473532e-16,-1.0,3,391.0547954551714
2026,6,5,12,1000.0,19.25,73.0,28.193161655611245,304.6615600585937,0.0195451080799102,31.054145456660063,379.5026880539475,156,1.2246467991473532e-16,-1.0,1.2246467991473532e-16,-1.0,3,379.27487588396843
2026,6,5,12,1000.0,19.0,72.5,31.609210969087304,303.5404663085937,0.0203252136707305,32.27848918495486,386.323499162812,156,1.2246467991473532e-16,-1.0,1.2246467991473532e-16,-1.0,3,391.44912547694565
2026,6,5,12,1000.0,19.0,72.75,31.30329610519393,303.2689819335937,0.0207143127918243,32.88873577822261,389.261319660741,156,1.2246467991473532e-16,-1.0,1.2246467991473532e-16,-1.0,3,391.8757852886573
2026,6,5,12,1000.0,19.0,73.0,29.14914560527805,304.2514038085937,0.0196481049060821,31.21586048313948,380.8343680047801,156,1.2246467991473532e-16,-1.0,1.2246467991473532e-16,-1.0,3,381.47509351338937
2026,6,5,12,1000.0,18.75,72.5,31.78766130635844,303.7787475585937,0.0201359093189239,31.981489152381656,384.717583663677,156,1.2246467991473532e-16,-1.0,1.2246467991473532e-16,-1.0,3,390.2116176144666
2026,6,5,12,1000.0,18.75,72.75,31.15033867324724,303.5053100585937,0.0205350220203399,32.60757913176952,387.71595935965297,156,1.2246467991473532e-16,-1.0,1.2246467991473532e-16,-1.0,3,390.4728844033467
2026,6,5,12,1000.0,18.75,73.0,30.44928377682492,304.1752319335937,0.0194773972034454,30.94782190029924,379.88065952727936,156,1.2246467991473532e-16,-1.0,1.2246467991473532e-16,-1.0,3,381.3846836289315
2026,6,5,12,925.0,19.25,72.5,725.0367994071626,297.666015625,0.0183515958487987,26.99034843231044,354.7637988333837,156,1.2246467991473532e-16,-1.0,1.2246467991473532e-16,-1.0,3,339.1469845488712
2026,6,5,12,925.0,19.25,72.75,724.6926451852825,298.212890625,0.0175662450492382,25.847505122800143,349.11184838603515,156,1.2246467991473532e-16,-1.0,1.2246467991473532e-16,-1.0,3,338.31929399671685
2026,6,5,12,925.0,19.25,73.0,723.7239147829534,298.759765625,0.0176816396415233,26.01549509655708,348.976740308042,156,1.2246467991473532e-16,-1.0,1.2246467991473532e-16,-1.0,3,340.2770110052519
2026,6,5,12,925.0,19.0,72.5,725.4701787976782,297.767578125,0.0186171941459178,27.37660326621587,356.22896032576926,156,1.2246467991473532e-16,-1.0,1.2246467991473532e-16,-1.0,3,339.8179636678472
2026,6,5,12,925.0,19.0,72.75,724.8328561645669,298.48828125,0.0170321874320507,25.069727151731904,345.4336304004174,156,1.2246467991473532e-16,-1.0,1.2246467991473532e-16,-1.0,3,335.538194916871
2026,6,5,12,925.0,19.0,73.0,724.4887019426869,298.74609375,0.0170340947806835,25.072505819320543,345.0566440395046,156,1.2246467991473532e-16,-1.0,1.2246467991473532e-16,-1.0,3,336.9500764567264
2026,6,5,12,925.0,18.75,72.5,725.7888401142337,297.79296875,0.0188351087272167,27.693420462029906,357.5213344676536,156,1.2246467991473532e-16,-1.0,1.2246467991473532e-16,-1.0,3,340.46543190854885
2026,6,5,12,925.0,18.75,72.75,725.2279961970959,298.50390625,0.0171571187674999,25.251716411990888,346.17187919918155,156,1.2246467991473532e-16,-1.0,1.2246467991473532e-16,-1.0,3,335.5756393073938
2026,6,5,12,925.0,18.75,73.0,725.3299678183937,298.794921875,0.0171966962516307,25.309363794013084,345.97271389779183,156,1.2246467991473532e-16,-1.0,1.2246467991473532e-16,-1.0,3,336.6401974523419
2026,6,5,12,850.0,19.25,72.5,1464.2168834413385,293.7019348144531,0.0156867690384387,21.23447232038668,316.40130171386664,156,1.2246467991473532e-16,-1.0,1.2246467991473532e-16,-1.0,3,288.9603642051896
2026,6,5,12,850.0,19.25,72.75,1464.535544757894,293.9109191894531,0.0142829604446887,19.350552312687,307.9764155470683,156,1.2246467991473532e-16,-1.0,1.2246467991473532e-16,-1.0,3,292.63810137789096
2026,6,5,12,850.0,19.25,73.0,1464.3953337786097,293.9929504394531,0.0141947455704212,19.232060968855937,307.3558213070541,156,1.2246467991473532e-16,-1.0,1.2246467991473532e-16,-1.0,3,296.26808977785686
2026,6,5,12,850.0,19.0,72.5,1464.879698979774,293.5925598144531,0.015821237117052,21.414762240667265,317.333564903012,156,1.2246467991473532e-16,-1.0,1.2246467991473532e-16,-1.0,3,288.7433812241379
2026,6,5,12,850.0,19.0,72.75,1465.0708957697077,293.7663879394531,0.0155060477554798,20.99212180296023,315.2642544825087,156,1.2246467991473532e-16,-1.0,1.2246467991473532e-16,-1.0,3,292.88196827654195
2026,6,5,12,850.0,19.0,73.0,1465.096388675032,293.8523254394531,0.0147011466324329,19.91209399618719,310.48016438197624,156,1.2246467991473532e-16,-1.0,1.2246467991473532e-16,-1.0,3,296.36922341016117
2026,6,5,12,850.0,18.75,72.5,1465.618993234183,293.6159973144531,0.0159142203629016,21.53941373518549,317.84015809233995,156,1.2246467991473532e-16,-1.0,1.2246467991473532e-16,-1.0,3,288.4893257156486
2026,6,5,12,850.0,18.75,72.75,1465.618993234183,293.8523254394531,0.0153043456375598,20.72157332228411,313.9768479241123,156,1.2246467991473532e-16,-1.0,1.2246467991473532e-16,-1.0,3,293.07600742216687
2026,6,5,12,850.0,18.75,73.0,1465.669979044832,293.6882629394531,0.0155236907303333,21.015783675031525,315.4745870618456,156,1.2246467991473532e-16,-1.0,1.2246467991473532e-16,-1.0,3,296.4984343683684
2026,6,5,18,1000.0,19.25,72.5,49.13040513325142,303.19781494140625,0.0204831063747406,32.52615578580082,387.9128406256201,156,1.2246467991473532e-16,-1.0,-1.0,-1.8369701987210294e-16,3,391.8308720009567
2026,6,5,18,1000.0,19.25,72.75,50.15012134622935,302.73297119140625,0.0213170945644378,33.83355062880451,394.0324692935663,156,1.2246467991473532e-16,-1.0,-1.0,-1.8369701987210294e-16,3,393.5360538857136
2026,6,5,18,1000.0,19.25,73.0,50.78744397934055,302.49468994140625,0.0211435258388519,33.561564838272524,393.3426980131521,156,1.2246467991473532e-16,-1.0,-1.0,-1.8369701987210294e-16,3,393.14338312081776
2026,6,5,18,1000.0,19.0,72.5,49.76772776636263,303.30914306640625,0.0204225480556488,32.431171050198344,387.3369203128223,156,1.2246467991473532e-16,-1.0,-1.0,-1.8369701987210294e-16,3,391.160641438981
2026,6,5,18,1000.0,19.0,72.75,50.96589431661169,302.81695556640625,0.0208350121974945,33.07797770328634,390.8115662450937,156,1.2246467991473532e-16,-1.0,-1.0,-1.8369701987210294e-16,3,392.68744779535996
2026,6,5,18,1000.0,19.0,73.0,52.08758215088741,302.21343994140625,0.0209346711635589,33.23421012721873,392.4992908258967,156,1.2246467991473532e-16,-1.0,-1.0,-1.8369701987210294e-16,3,392.7215624025521
2026,6,5,18,1000.0,18.75,72.5,50.71096526336721,303.25640869140625,0.0202537477016448,32.166373993603166,386.35315103917503,156,1.2246467991473532e-16,-1.0,-1.0,-1.8369701987210294e-16,3,390.8777105846413
2026,6,5,18,1000.0,18.75,72.75,51.84539955030515,302.66461181640625,0.0206333100795745,32.76171804474169,389.78829392841465,156,1.2246467991473532e-16,-1.0,-1.0,-1.8369701987210294e-16,3,392.1247435844276
2026,6,5,18,1000.0,18.75,73.0,53.91032488158546,301.76617431640625,0.0207458436489105,32.938174956319536,392.0699230756516,156,1.2246467991473532e-16,-1.0,-1.0,-1.8369701987210294e-16,3,392.14940246280787
2026,6,5,18,925.0,19.25,72.5,741.9160403909592,297.2181396484375,0.0176722444593906,26.001818582096305,351.2959055073864,156,1.2246467991473532e-16,-1.0,-1.0,-1.8369701987210294e-16,3,349.05614976329014
2026,6,5,18,925.0,19.25,72.75,742.7190669086793,297.1712646484375,0.0179678834974765,26.432104633429947,353.1860468257068,156,1.2246467991473532e-16,-1.0,-1.0,-1.8369701987210294e-16,3,350.2348677924615
2026,6,5,18,925.0,19.25,73.0,742.872024340626,297.2728271484375,0.0182697214186191,26.871255051775087,354.88083418625865,156,1.2246467991473532e-16,-1.0,-1.0,-1.8369701987210294e-16,3,350.53000540668796
2026,6,5,18,925.0,19.0,72.5,742.7445598140038,297.3060302734375,0.0179626382887363,26.42447185876607,352.94315879936585,156,1.2246467991473532e-16,-1.0,-1.0,-1.8369701987210294e-16,3,351.1514554315236
2026,6,5,18,925.0,19.0,72.75,743.3054037311417,297.2161865234375,0.0182468332350254,26.83796012939144,354.8294964953898,156,1.2246467991473532e-16,-1.0,-1.0,-1.8369701987210294e-16,3,351.9879524903812
2026,6,5,18,925.0,19.0,73.0,743.6750508583461,297.1634521484375,0.0187541879713535,27.57578273224584,358.0290983638196,156,1.2246467991473532e-16,-1.0,-1.0,-1.8369701987210294e-16,3,352.3325018012934
2026,6,5,18,925.0,18.75,72.5,743.496600521075,297.3489990234375,0.0180584825575351,26.56393587278197,353.46439811012647,156,1.2246467991473532e-16,-1.0,-1.0,-1.8369701987210294e-16,3,351.9635533746999
2026,6,5,18,925.0,18.75,72.75,743.8280082902928,297.1439208984375,0.0185357965528965,27.258241311941724,356.71883505401564,156,1.2246467991473532e-16,-1.0,-1.0,-1.8369701987210294e-16,3,352.6817921402122
2026,6,5,18,925.0,18.75,73.0,744.4398380180796,296.8997802734375,0.0192467607557773,28.29167836459157,361.47986839186433,156,1.2246467991473532e-16,-1.0,-1.0,-1.8369701987210294e-16,3,353.02146489176437
2026,6,5,18,850.0,19.25,72.5,1479.8169481933178,294.2553100585937,0.0124821476638317,16.92917907448498,297.0873852938408,156,1.2246467991473532e-16,-1.0,-1.0,-1.8369701987210294e-16,3,284.03218724839564
2026,6,5,18,850.0,19.25,72.75,1480.785678595647,293.8764038085937,0.0139417462050914,18.89215911957058,306.0426186371422,156,1.2246467991473532e-16,-1.0,-1.0,-1.8369701987210294e-16,3,284.69139572075227
2026,6,5,18,850.0,19.25,73.0,1481.0278611962292,293.6342163085937,0.0147590450942516,19.989817932685863,311.11096498207587,156,1.2246467991473532e-16,-1.0,-1.0,-1.8369701987210294e-16,3,287.494240446303
2026,6,5,18,850.0,19.0,72.5,1480.951382480256,294.0092163085937,0.0135421566665172,18.355103824926896,303.55010196119537,156,1.2246467991473532e-16,-1.0,-1.0,-1.8369701987210294e-16,3,283.09971648938495
2026,6,5,18,850.0,19.0,72.75,1481.6141980186917,293.7553100585937,0.0146565251052379,19.85218955646747,310.3521811257335,156,1.2246467991473532e-16,-1.0,-1.0,-1.8369701987210294e-16,3,284.12058311070507
2026,6,5,18,850.0,19.0,73.0,1481.818141261287,293.6322631835937,0.0151495747268199,20.51393037045933,313.380997113497,156,1.2246467991473532e-16,-1.0,-1.0,-1.8369701987210294e-16,3,287.28908115547955
2026,6,5,18,850.0,18.75,72.5,1482.136802577843,293.7982788085937,0.014978390187025,20.28422156678496,312.1611653869668,156,1.2246467991473532e-16,-1.0,-1.0,-1.8369701987210294e-16,3,283.0381314786488
2026,6,5,18,850.0,18.75,72.75,1482.2897600097897,293.7318725585937,0.0154681019484996,20.94122908858425,315.0919428435208,156,1.2246467991473532e-16,-1.0,-1.0,-1.8369701987210294e-16,3,284.16393543065436
2026,6,5,18,850.0,18.75,73.0,1482.2897600097897,293.5228881835937,0.0154528431594371,20.92076342635436,315.2921851036823,156,1.2246467991473532e-16,-1.0,-1.0,-1.8369701987210294e-16,3,287.1444090286794
2026,6,15,0,1000.0,19.25,72.5,71.13795230787272,301.7966613769531,0.0190480425953865,30.27342299519948,381.1038748031436,166,1.2246467991473532e-16,-1.0,0.0,1.0,3,387.5501963101031
2026,6,15,0,1000.0,19.25,72.75,71.97921818357952,301.6306457519531,0.0196722224354743,31.253724457423164,385.4009016003432,166,1.2246467991473532e-16,-1.0,0.0,1.0,3,387.14217459754593
2026,6,15,0,1000.0,19.25,73.0,72.05569689955286,301.5408020019531,0.0196464732289314,31.213298747397864,385.3880854376047,166,1.2246467991473532e-16,-1.0,0.0,1.0,3,385.2225844797297
2026,6,15,0,1000.0,19.0,72.5,71.92823237293062,302.0505676269531,0.0190127566456794,30.21798292735832,380.4527279238679,166,1.2246467991473532e-16,-1.0,0.0,1.0,3,387.61511522272224
2026,6,15,0,1000.0,19.0,72.75,72.38710466877069,301.8923645019531,0.0194104388356208,30.84267147219397,383.27350577003904,166,1.2246467991473532e-16,-1.0,0.0,1.0,3,386.65275814327475
2026,6,15,0,1000.0,19.0,73.0,72.94794858590855,301.4372863769531,0.0195873454213142,31.1204646072654,385.18333067096665,166,1.2246467991473532e-16,-1.0,0.0,1.0,3,384.69081366581963
2026,6,15,0,1000.0,18.75,72.5,72.74400534331296,302.1697082519531,0.0191910937428474,30.498155948975484,381.3985762395879,166,1.2246467991473532e-16,-1.0,0.0,1.0,3,387.41562593992523
2026,6,15,0,1000.0,18.75,72.75,72.64203372201517,302.0212707519531,0.019032783806324,30.24944920025725,380.63028846533496,166,1.2246467991473532e-16,-1.0,0.0,1.0,3,386.4349540918399
2026,6,15,0,1000.0,18.75,73.0,74.17160804148206,301.2947082519531,0.0191014483571052,30.357327816299183,382.2904340696989,166,1.2246467991473532e-16,-1.0,0.0,1.0,3,384.6400173396439
2026,6,15,0,925.0,19.25,72.5,760.4424118455335,296.5418701171875,0.0145614817738533,21.46498745321955,333.1042549176161,166,1.2246467991473532e-16,-1.0,0.0,1.0,3,349.0305511915703
2026,6,15,0,925.0,19.25,72.75,761.3091706265647,296.3797607421875,0.015232391655445,22.44490039420308,337.49729287089065,166,1.2246467991473532e-16,-1.0,0.0,1.0,3,351.4998374913059
2026,6,15,0,925.0,19.25,73.0,761.385649342538,296.2059326171875,0.0162466242909431,23.924759107282565,344.04263418537795,166,1.2246467991473532e-16,-1.0,0.0,1.0,3,351.3217666203843
2026,6,15,0,925.0,19.0,72.5,761.5386067744847,296.5164794921875,0.0147994235157966,21.81260939441153,334.6153253595767,166,1.2246467991473532e-16,-1.0,0.0,1.0,3,348.7228250449063
2026,6,15,0,925.0,19.0,72.75,761.8190287330536,296.5203857421875,0.0155251696705818,22.872275997247165,339.1051046861403,166,1.2246467991473532e-16,-1.0,0.0,1.0,3,350.79476706435474
2026,6,15,0,925.0,19.0,73.0,762.1504365022714,296.1981201171875,0.0165942385792732,24.43154475280893,346.20900078316066,166,1.2246467991473532e-16,-1.0,0.0,1.0,3,350.6472684161811
2026,6,15,0,925.0,18.75,72.5,762.4818442714893,296.4930419921875,0.0151270106434822,22.291036136916134,336.67908838751475,166,1.2246467991473532e-16,-1.0,0.0,1.0,3,348.22499566319027
2026,6,15,0,925.0,18.75,72.75,762.2524081235692,296.7469482421875,0.014863796532154,21.90663828693686,334.68192080582645,166,1.2246467991473532e-16,-1.0,0.0,1.0,3,350.15417397550124
2026,6,15,0,925.0,18.75,73.0,762.7877591353827,296.2254638671875,0.0161426737904548,23.77316885445789,343.3688743827804,166,1.2246467991473532e-16,-1.0,0.0,1.0,3,350.52244748934055
2026,6,15,0,850.0,19.25,72.5,1494.582916949213,292.3427429199219,0.0112374499440193,15.25248172101063,292.19345436928245,166,1.2246467991473532e-16,-1.0,0.0,1.0,3,299.4063009097241
2026,6,15,0,850.0,19.25,72.75,1495.0672821503777,292.2841491699219,0.0103467181324958,14.05105450651759,287.01977013976045,166,1.2246467991473532e-16,-1.0,0.0,1.0,3,299.57311118225874
2026,6,15,0,850.0,19.25,73.0,1494.96531052908,292.1943054199219,0.0096166804432868,13.06540874825426,282.82077152478166,166,1.2246467991473532e-16,-1.0,0.0,1.0,3,299.27529444867974
2026,6,15,0,850.0,19.0,72.5,1495.42418282492,292.4325866699219,0.0101345255970954,13.76465661325318,285.5937694723456,166,1.2246467991473532e-16,-1.0,0.0,1.0,3,299.2948036109975
2026,6,15,0,850.0,19.0,72.75,1495.9085480260844,292.4482116699219,0.0097587779164314,13.257326948540548,283.3627121261334,166,1.2246467991473532e-16,-1.0,0.0,1.0,3,299.38368475452614
2026,6,15,0,850.0,19.0,73.0,1495.9340409314088,292.2548522949219,0.00940353423357,12.777469651818707,281.49291976127506,166,1.2246467991473532e-16,-1.0,0.0,1.0,3,299.12210815852615
2026,6,15,0,850.0,18.75,72.5,1496.4184061325734,292.4677429199219,0.0092905238270759,12.624773866272184,280.5815748987372,166,1.2246467991473532e-16,-1.0,0.0,1.0,3,299.20294937700487
2026,6,15,0,850.0,18.75,72.75,1496.7498139017912,292.4169616699219,0.0106161311268806,14.414577547737744,288.44731104009537,166,1.2246467991473532e-16,-1.0,0.0,1.0,3,299.2521814417022
2026,6,15,0,850.0,18.75,73.0,1496.8772784284135,292.0966491699219,0.0113452151417732,15.397748807625266,293.1308328129546,166,1.2246467991473532e-16,-1.0,0.0,1.0,3,299.0974471781397
2026,6,15,6,1000.0,19.25,72.5,85.98358639290686,302.5986022949219,0.0175759904086589,27.95858723659069,370.3365483392221,166,1.2246467991473532e-16,-1.0,1.0,6.123233995736766e-17,3,389.635257889062
2026,6,15,6,1000.0,19.25,72.75,85.57569990771569,303.1552429199219,0.0173122994601726,27.54349433793722,367.7631087191493,166,1.2246467991473532e-16,-1.0,1.0,6.123233995736766e-17,3,389.5587882161005
2026,6,15,6,1000.0,19.25,73.0,83.35781714448869,304.5282897949219,0.0169603936374187,26.98933160027824,363.3742930544344,166,1.2246467991473532e-16,-1.0,1.0,6.123233995736766e-17,3,382.5894816274911
2026,6,15,6,1000.0,19.0,72.5,86.41696578342248,302.6122741699219,0.0176103226840496,28.012622197038063,370.5347666075656,166,1.2246467991473532e-16,-1.0,1.0,6.123233995736766e-17,3,389.59957530537946
2026,6,15,6,1000.0,19.0,72.75,86.44245868874692,302.8505554199219,0.0173170678317546,27.55100170744892,368.2762132713752,166,1.2246467991473532e-16,-1.0,1.0,6.123233995736766e-17,3,388.95013369724757
2026,6,15,6,1000.0,19.0,73.0,84.78541984265779,303.9677429199219,0.0171330086886882,27.26118599531047,365.3424088180397,166,1.2246467991473532e-16,-1.0,1.0,6.123233995736766e-17,3,382.26325221589536
2026,6,15,6,1000.0,18.75,72.5,87.00330260588478,302.6962585449219,0.0175783745944499,27.962339736484363,370.1956142231018,166,1.2246467991473532e-16,-1.0,1.0,6.123233995736766e-17,3,389.33671675082854
2026,6,15,6,1000.0,18.75,72.75,87.13076713250703,302.6825866699219,0.0173351876437664,27.579529318918752,368.6589384380565,166,1.2246467991473532e-16,-1.0,1.0,6.123233995736766e-17,3,388.65102662444974
2026,6,15,6,1000.0,18.75,73.0,86.162036730178,303.3056335449219,0.0170595757663249,27.14554212985708,365.9118194464031,166,1.2246467991473532e-16,-1.0,1.0,6.123233995736766e-17,3,382.6310891051303
2026,6,15,6,925.0,19.25,72.5,776.2133089376852,296.2030639648437,0.0164396874606609,24.206251396553267,345.24368138394215,166,1.2246467991473532e-16,-1.0,1.0,6.123233995736766e-17,3,349.26772011745754
2026,6,15,6,925.0,19.25,72.75,776.6466883282008,296.3573608398437,0.0165412537753582,24.354312087380126,345.6391872073642,166,1.2246467991473532e-16,-1.0,1.0,6.123233995736766e-17,3,350.3731046991232
2026,6,15,6,925.0,19.25,73.0,775.9073940737918,297.0897827148437,0.0165159814059734,24.31747238600849,344.3770259189803,166,1.2246467991473532e-16,-1.0,1.0,6.123233995736766e-17,3,350.636415953699
2026,6,15,6,925.0,19.0,72.5,776.6976741388497,296.3046264648437,0.0157506577670574,23.20132408824047,340.8206849102426,166,1.2246467991473532e-16,-1.0,1.0,6.123233995736766e-17,3,349.16843147554493
2026,6,15,6,925.0,19.0,72.75,776.9016173814452,296.4042358398437,0.0164239518344402,24.18331079720745,344.8421666049065,166,1.2246467991473532e-16,-1.0,1.0,6.123233995736766e-17,3,349.75213527686014
2026,6,15,6,925.0,19.0,73.0,776.8761244761208,296.7577514648437,0.016768705099821,24.68581899135525,346.43757901239053,166,1.2246467991473532e-16,-1.0,1.0,6.123233995736766e-17,3,350.22814678432627
2026,6,15,6,925.0,18.75,72.5,777.2330251506631,296.3807983398437,0.0159552209079265,23.49975974517917,341.97500662130454,166,1.2246467991473532e-16,-1.0,1.0,6.123233995736766e-17,3,348.81427614902253
2026,6,15,6,925.0,18.75,72.75,777.3604896772854,296.2811889648437,0.0162570588290691,23.939974670323164,343.9940708767762,166,1.2246467991473532e-16,-1.0,1.0,6.123233995736766e-17,3,349.6327615703351
2026,6,15,6,925.0,18.75,73.0,777.7428832571521,296.4784545898437,0.0164415948092937,24.209032045742543,344.83929233880207,166,1.2246467991473532e-16,-1.0,1.0,6.123233995736766e-17,3,350.53520821990213
2026,6,15,6,850.0,19.25,72.5,1510.7083745468638,292.3169250488281,0.0120711773633956,16.375850974095286,297.1288361335466,166,1.2246467991473532e-16,-1.0,1.0,6.123233995736766e-17,3,295.53764203611934
2026,6,15,6,850.0,19.25,72.75,1511.065275221406,292.2641906738281,0.0135374516248703,18.3487786260388,305.81061631069457,166,1.2246467991473532e-16,-1.0,1.0,6.123233995736766e-17,3,295.85528400716834
2026,6,15,6,850.0,19.25,73.0,1511.014289410757,292.5180969238281,0.0140524357557296,19.040882058851235,308.4926777465026,166,1.2246467991473532e-16,-1.0,1.0,6.123233995736766e-17,3,297.4398861746697
2026,6,15,6,850.0,19.0,72.5,1511.4221758959482,292.6079406738281,0.0109143704175949,14.81685843950752,289.97056684380715,166,1.2246467991473532e-16,-1.0,1.0,6.123233995736766e-17,3,295.5122261371865
2026,6,15,6,850.0,19.0,72.75,1511.4221758959482,292.5356750488281,0.0115876644849777,15.724500551131332,294.01423518285634,166,1.2246467991473532e-16,-1.0,1.0,6.123233995736766e-17,3,295.74540979543553
2026,6,15,6,850.0,19.0,73.0,1511.4476688012726,292.4809875488281,0.012456938624382,16.895245662798104,299.1867935219657,166,1.2246467991473532e-16,-1.0,1.0,6.123233995736766e-17,3,297.3255197329728
2026,6,15,6,850.0,18.75,72.5,1512.1869630556816,292.9399719238281,0.0093036144971847,12.642462598785022,280.11755093056854,166,1.2246467991473532e-16,-1.0,1.0,6.123233995736766e-17,3,295.70336497848615
2026,6,15,6,850.0,18.75,72.75,1511.8300623811394,292.8247375488281,0.0102110356092453,13.867931226203018,285.58025650225943,166,1.2246467991473532e-16,-1.0,1.0,6.123233995736766e-17,3,295.91154292578005
2026,6,15,6,850.0,18.75,73.0,1511.983019813086,292.4165344238281,0.0117564648389816,15.951938259577531,295.154090096834,166,1.2246467991473532e-16,-1.0,1.0,6.123233995736766e-17,3,297.3971239748563
2026,6,15,12,1000.0,19.25,72.5,60.53648863271352,302.6325378417969,0.0187512561678886,29.80704912204412,377.81039815947713,166,1.2246467991473532e-16,-1.0,1.2246467991473532e-16,-1.0,3,385.72619545661524
2026,6,15,12,1000.0,19.25,72.75,60.29430603213126,302.7067565917969,0.0188614055514335,29.980158639339944,378.39267835947993,166,1.2246467991473532e-16,-1.0,1.2246467991473532e-16,-1.0,3,385.0957781740506
2026,6,15,12,1000.0,19.25,73.0,57.84698712098423,304.0876159667969,0.0176592990756034,28.089701411535305,368.4970651288772,166,1.2246467991473532e-16,-1.0,1.2246467991473532e-16,-1.0,3,380.6919281365903
2026,6,15,12,1000.0,19.0,72.5,61.709162277638136,302.6423034667969,0.018627755343914,29.612929381634697,377.0037583678383,166,1.2246467991473532e-16,-1.0,1.2246467991473532e-16,-1.0,3,386.0874199605597
2026,6,15,12,1000.0,19.0,72.75,61.976837783544845,302.3024597167969,0.019247643649578,30.58698504301325,381.5389641930532,166,1.2246467991473532e-16,-1.0,1.2246467991473532e-16,-1.0,3,385.3542343343194
2026,6,15,12,1000.0,19.0,73.0,60.51099572738907,303.3512878417969,0.0183173343539237,29.124879541378807,373.8631911020077,166,1.2246467991473532e-16,-1.0,1.2246467991473532e-16,-1.0,3,380.8345557031196
2026,6,15,12,1000.0,18.75,72.5,62.9583146385361,302.7262878417969,0.0184932872653007,29.40153844187085,376.0053311487851,166,1.2246467991473532e-16,-1.0,1.2246467991473532e-16,-1.0,3,386.08865936548204
2026,6,15,12,1000.0,18.75,72.75,63.2259901444428,302.2887878417969,0.0188208743929862,29.9164629965937,378.82484797442686,166,1.2246467991473532e-16,-1.0,1.2246467991473532e-16,-1.0,3,385.2505234891321
2026,6,15,12,1000.0,18.75,73.0,62.93282173321165,302.7809753417969,0.0179473087191581,28.542880160405915,372.4222170785537,166,1.2246467991473532e-16,-1.0,1.2246467991473532e-16,-1.0,3,381.10714166645016
2026,6,15,12,925.0,19.25,72.5,751.3701739540261,296.3002014160156,0.0174866840243339,25.73166762053585,351.5776420388006,166,1.2246467991473532e-16,-1.0,1.2246467991473532e-16,-1.0,3,346.1789048688212
2026,6,15,12,925.0,19.25,72.75,751.5486242912973,296.6654357910156,0.0175515338778495,25.82608711190259,351.4105403831285,166,1.2246467991473532e-16,-1.0,1.2246467991473532e-16,-1.0,3,348.1163544827488
2026,6,15,12,925.0,19.25,73.0,751.0897519954572,297.6205139160156,0.016852967441082,24.808607064932502,345.6481427510831,166,1.2246467991473532e-16,-1.0,1.2246467991473532e-16,-1.0,3,351.783105087851
2026,6,15,12,925.0,19.0,72.5,752.3643972616796,296.3705139160156,0.0172806903719902,25.43169803047599,350.1944581206668,166,1.2246467991473532e-16,-1.0,1.2246467991473532e-16,-1.0,3,346.0708879866323
2026,6,15,12,925.0,19.0,72.75,752.2369327350574,296.6244201660156,0.0166693851351737,24.541072787033738,346.02669618804885,166,1.2246467991473532e-16,-1.0,1.2246467991473532e-16,-1.0,3,347.47651474610205
2026,6,15,12,925.0,19.0,73.0,752.4153830723285,297.0814514160156,0.0165249034762382,24.330478275272025,344.44453207951017,166,1.2246467991473532e-16,-1.0,1.2246467991473532e-16,-1.0,3,351.07275724454985
2026,6,15,12,925.0,18.75,72.5,753.5625638119287,296.4427795410156,0.0173283740878105,25.50114204637516,350.37752381325424,166,1.2246467991473532e-16,-1.0,1.2246467991473532e-16,-1.0,3,346.09811668659563
2026,6,15,12,925.0,18.75,72.75,753.3586205693331,296.6537170410156,0.0166250392794609,24.4764387617294,345.7083004156382,166,1.2246467991473532e-16,-1.0,1.2246467991473532e-16,-1.0,3,347.26345935873735
2026,6,15,12,925.0,18.75,73.0,753.9449573917954,296.8763732910156,0.0164028331637382,24.15252170116658,344.0004175274629,166,1.2246467991473532e-16,-1.0,1.2246467991473532e-16,-1.0,3,351.16718763125147
2026,6,15,12,850.0,19.25,72.5,1486.8792796214814,292.8861083984375,0.0118867084383964,16.127393821809726,295.332413904375,166,1.2246467991473532e-16,-1.0,1.2246467991473532e-16,-1.0,3,300.64639946077176
2026,6,15,12,850.0,19.25,72.75,1487.6950525918635,293.0579833984375,0.0119568035006523,16.221809839745795,295.5281613705471,166,1.2246467991473532e-16,-1.0,1.2246467991473532e-16,-1.0,3,300.15365407541685
2026,6,15,12,850.0,19.25,73.0,1488.0774461717306,292.9036865234375,0.0130330249667167,17.670447037056917,302.01920789938066,166,1.2246467991473532e-16,-1.0,1.2246467991473532e-16,-1.0,3,299.4169955029352
2026,6,15,12,850.0,19.0,72.5,1487.8480100238105,292.8294677734375,0.0131364986300468,17.809627670467535,302.7206543754436,166,1.2246467991473532e-16,-1.0,1.2246467991473532e-16,-1.0,3,300.5351789503466
2026,6,15,12,850.0,19.0,72.75,1488.4853326569216,293.0931396484375,0.0130239650607109,17.65825988745524,301.7214400364979,166,1.2246467991473532e-16,-1.0,1.2246467991473532e-16,-1.0,3,299.8739114600638
2026,6,15,12,850.0,19.0,73.0,1488.7147688048417,292.9564208984375,0.0131403133273124,17.814758421825754,302.5782115798597,166,1.2246467991473532e-16,-1.0,1.2246467991473532e-16,-1.0,3,299.14856080684496
2026,6,15,12,850.0,18.75,72.5,1489.1736411006818,292.7396240234375,0.0132785961031913,18.000732225977295,303.66914080297704,166,1.2246467991473532e-16,-1.0,1.2246467991473532e-16,-1.0,3,300.5383930641095
2026,6,15,12,850.0,18.75,72.75,1489.403077248602,292.9036865234375,0.0132557079195976,17.9699524963431,303.3213665462417,166,1.2246467991473532e-16,-1.0,1.2246467991473532e-16,-1.0,3,299.8219019920745
2026,6,15,12,850.0,18.75,73.0,1489.4285701539263,292.5325927734375,0.0136004611849784,18.43348223199808,305.82578428056775,166,1.2246467991473532e-16,-1.0,1.2246467991473532e-16,-1.0,3,299.1645850039986
2026,6,15,18,1000.0,19.25,72.5,79.04433789826292,302.5145874023437,0.0184898003935813,29.39605644044249,376.3299195484111,166,1.2246467991473532e-16,-1.0,-1.0,-1.8369701987210294e-16,3,388.1021767891731
2026,6,15,18,1000.0,19.25,72.75,79.5159566467652,302.2274780273437,0.0193433389067649,30.737290253821367,382.2783866761505,166,1.2246467991473532e-16,-1.0,-1.0,-1.8369701987210294e-16,3,388.34918786882275
2026,6,15,18,1000.0,19.25,73.0,79.43947793079187,302.1630249023437,0.0194630250334739,30.92525277050305,383.15459555938384,166,1.2246467991473532e-16,-1.0,-1.0,-1.8369701987210294e-16,3,385.64316855503625
2026,6,15,18,1000.0,19.0,72.5,80.02581475325417,302.5731811523437,0.0185198411345481,29.44328523753787,376.42626720836734,166,1.2246467991473532e-16,-1.0,-1.0,-1.8369701987210294e-16,3,388.6144121847999
2026,6,15,18,1000.0,19.0,72.75,80.3062367118231,302.5165405273437,0.0187582597136497,29.81805649699896,378.0466951098527,166,1.2246467991473532e-16,-1.0,-1.0,-1.8369701987210294e-16,3,388.41724413184835
2026,6,15,18,1000.0,19.0,73.0,80.48468704909425,302.1473999023437,0.0191001519560813,30.35529112798376,380.8522263232044,166,1.2246467991473532e-16,-1.0,-1.0,-1.8369701987210294e-16,3,385.4148054568817
2026,6,15,18,1000.0,18.75,72.5,81.02003806090765,302.7079467773437,0.0185613259673118,29.508503153988865,376.4707777516695,166,1.2246467991473532e-16,-1.0,-1.0,-1.8369701987210294e-16,3,388.69045617881284
2026,6,15,18,1000.0,18.75,72.75,80.96905225025876,302.7723999023437,0.0185160264372825,29.43728802449177,376.07530436486246,166,1.2246467991473532e-16,-1.0,-1.0,-1.8369701987210294e-16,3,388.3915190528008
2026,6,15,18,1000.0,18.75,73.0,81.83581103128999,302.0673217773437,0.0187577828764915,29.81730706164322,378.7868473145504,166,1.2246467991473532e-16,-1.0,-1.0,-1.8369701987210294e-16,3,385.5705288837389
2026,6,15,18,925.0,19.25,72.5,769.4243291701295,296.0908203125,0.0173110589385032,25.47592564864635,350.81554326140315,166,1.2246467991473532e-16,-1.0,-1.0,-1.8369701987210294e-16,3,350.1036965744008
2026,6,15,18,925.0,19.25,72.75,769.8704550133074,296.0478515625,0.0174951180815696,25.743947777950616,352.02285373534824,166,1.2246467991473532e-16,-1.0,-1.0,-1.8369701987210294e-16,3,351.3602532726618
2026,6,15,18,925.0,19.25,73.0,769.5900330547385,296.0185546875,0.0175809487700462,25.868911907761422,352.60047000415483,166,1.2246467991473532e-16,-1.0,-1.0,-1.8369701987210294e-16,3,350.89683073228184
2026,6,15,18,925.0,19.0,72.5,770.533270551743,296.1669921875,0.0176252946257591,25.93347165454009,352.64312127751555,166,1.2246467991473532e-16,-1.0,-1.0,-1.8369701987210294e-16,3,349.9312541055351
2026,6,15,18,925.0,19.0,72.75,770.7244673416764,296.0927734375,0.017864666879177,26.281896008612907,354.24155210676525,166,1.2246467991473532e-16,-1.0,-1.0,-1.8369701987210294e-16,3,350.7058758974128
2026,6,15,18,925.0,19.0,73.0,770.6734815310275,295.9423828125,0.0180592164397239,26.565003690557667,355.6841398578828,166,1.2246467991473532e-16,-1.0,-1.0,-1.8369701987210294e-16,3,350.46031069815723
2026,6,15,18,925.0,18.75,72.5,771.731437101992,296.2470703125,0.0177836045622825,26.163914927863924,353.4974077456297,166,1.2246467991473532e-16,-1.0,-1.0,-1.8369701987210294e-16,3,349.97798636318964
2026,6,15,18,925.0,18.75,72.75,771.6804512913432,296.2041015625,0.0176562890410423,25.97859201418019,352.7769489405407,166,1.2246467991473532e-16,-1.0,-1.0,-1.8369701987210294e-16,3,350.60993352439954
2026,6,15,18,925.0,18.75,73.0,771.846155175952,295.9873046875,0.0179123505949974,26.35129127283386,354.703092283326,166,1.2246467991473532e-16,-1.0,-1.0,-1.8369701987210294e-16,3,350.78777777127704
2026,6,15,18,850.0,19.25,72.5,1503.2353683469892,291.556640625,0.0117225274443626,15.906215517024265,296.02979926238385,166,1.2246467991473532e-16,-1.0,-1.0,-1.8369701987210294e-16,3,304.5011149917049
2026,6,15,18,850.0,19.25,72.75,1503.7452264534782,291.7734375,0.0111846551299095,15.181307610268874,292.58187390843136,166,1.2246467991473532e-16,-1.0,-1.0,-1.8369701987210294e-16,3,304.8340343297931
2026,6,15,18,850.0,19.25,73.0,1503.4775509475714,291.654296875,0.010892353951931,14.787166421241444,291.0002573559853,166,1.2246467991473532e-16,-1.0,-1.0,-1.8369701987210294e-16,3,304.9698424819857
2026,6,15,18,850.0,19.0,72.5,1504.6884639504826,291.607421875,0.0120954141020774,16.408490796108612,298.16929337226884,166,1.2246467991473532e-16,-1.0,-1.0,-1.8369701987210294e-16,3,303.4428782152681
2026,6,15,18,850.0,19.0,72.75,1505.0071252670382,291.9453125,0.0113024339079856,15.340082125174716,293.06533053465705,166,1.2246467991473532e-16,-1.0,-1.0,-1.8369701987210294e-16,3,303.72828218680917
2026,6,15,18,850.0,19.0,73.0,1504.650224592496,291.662109375,0.0116023644804954,15.74430882833224,295.18759429840816,166,1.2246467991473532e-16,-1.0,-1.0,-1.8369701987210294e-16,3,304.0513287053448
2026,6,15,18,850.0,18.75,72.5,1506.307263438585,291.673828125,0.0109691247344017,14.890698212515977,291.4303581970219,166,1.2246467991473532e-16,-1.0,-1.0,-1.8369701987210294e-16,3,303.1371963912337
2026,6,15,18,850.0,18.75,72.75,1506.3200098912473,292.09375,0.010770283639431,14.622524679150732,289.74525422294715,166,1.2246467991473532e-16,-1.0,-1.0,-1.8369701987210294e-16,3,303.38249414526217
2026,6,15,18,850.0,18.75,73.0,1505.8866305007318,291.6796875,0.0115289315581321,15.645354292109587,294.73180201091753,166,1.2246467991473532e-16,-1.0,-1.0,-1.8369701987210294e-16,3,303.7533263159745
2026,6,25,0,1000.0,19.25,72.5,48.314632162869074,300.2057189941406,0.0189874470233917,30.17821587360297,383.38999696549104,176,1.2246467991473532e-16,-1.0,0.0,1.0,3,389.1069849040771
2026,6,25,0,1000.0,19.25,72.75,48.849983174682485,299.8326721191406,0.0193932354450225,30.81565415697942,386.6673741136734,176,1.2246467991473532e-16,-1.0,0.0,1.0,3,389.6288299520769
2026,6,25,0,1000.0,19.25,73.0,49.28336256519811,299.2525939941406,0.0192187130451202,30.54154134742121,386.5234920672655,176,1.2246467991473532e-16,-1.0,0.0,1.0,3,385.85917781066587
2026,6,25,0,1000.0,19.0,72.5,49.25786965987366,300.3443908691406,0.0186975300312042,29.722605422781264,381.2714166298711,176,1.2246467991473532e-16,-1.0,0.0,1.0,3,388.99900268510993
2026,6,25,0,1000.0,19.0,72.75,49.53829161844259,300.1803283691406,0.0190761387348175,30.31756500011711,384.0098224458338,176,1.2246467991473532e-16,-1.0,0.0,1.0,3,389.2067751236437
2026,6,25,0,1000.0,19.0,73.0,49.512798713118144,299.5494689941406,0.0191791355609893,30.479371158031384,385.7560329773655,176,1.2246467991473532e-16,-1.0,0.0,1.0,3,385.4087019910252
2026,6,25,0,1000.0,18.75,72.5,50.456036210122726,300.1549377441406,0.0186178982257843,29.597434630342,381.0714636268386,176,1.2246467991473532e-16,-1.0,0.0,1.0,3,388.20906741648156
2026,6,25,0,1000.0,18.75,72.75,50.27758587285159,300.1607971191406,0.018938809633255,30.101792305669445,383.1496762374285,176,1.2246467991473532e-16,-1.0,0.0,1.0,3,388.3917093437685
2026,6,25,0,1000.0,18.75,73.0,50.71096526336721,299.5318908691406,0.0189554989337921,30.12801658232664,384.3253825932917,176,1.2246467991473532e-16,-1.0,0.0,1.0,3,385.4426251995655
2026,6,25,0,925.0,19.25,72.5,734.898570501267,295.395751953125,0.0180766880512237,26.59042506396837,356.66074970287593,176,1.2246467991473532e-16,-1.0,0.0,1.0,3,351.7775175096985
2026,6,25,0,925.0,19.25,72.75,734.8475846906182,295.319580078125,0.0181391537189483,26.681308882192468,357.1707652132826,176,1.2246467991473532e-16,-1.0,0.0,1.0,3,353.44542892069
2026,6,25,0,925.0,19.25,73.0,734.2867407734802,295.319580078125,0.0179260075092315,26.371165777307468,355.8443286713468,176,1.2246467991473532e-16,-1.0,0.0,1.0,3,354.32735053657916
2026,6,25,0,925.0,19.0,72.5,735.8927938089205,295.387939453125,0.0181305706501007,26.668821433769647,357.0083236757551,176,1.2246467991473532e-16,-1.0,0.0,1.0,3,351.8138172410153
2026,6,25,0,925.0,19.0,72.75,735.7398363769738,295.335205078125,0.0181129276752471,26.643152385136435,356.98265938047246,176,1.2246467991473532e-16,-1.0,0.0,1.0,3,353.22517286311677
2026,6,25,0,925.0,19.0,73.0,735.0770208385381,295.370361328125,0.0178902447223663,26.319120556755248,355.541250039051,176,1.2246467991473532e-16,-1.0,0.0,1.0,3,354.3766788318898
2026,6,25,0,925.0,18.75,72.5,736.7085667793028,295.346923828125,0.0181033909320831,26.629276997023005,356.90464244705225,176,1.2246467991473532e-16,-1.0,0.0,1.0,3,351.8168111877696
2026,6,25,0,925.0,18.75,72.75,736.4281448207339,295.296142578125,0.0180728733539581,26.58487468600029,356.79567102526204,176,1.2246467991473532e-16,-1.0,0.0,1.0,3,352.94804874039056
2026,6,25,0,925.0,18.75,73.0,735.9437796195695,295.182861328125,0.0178721249103546,26.292750124138102,355.7257234751152,176,1.2246467991473532e-16,-1.0,0.0,1.0,3,354.38856312651285
2026,6,25,0,850.0,19.25,72.5,1469.1609137676985,291.9587097167969,0.0145464166998863,19.70435514683746,312.14636165008807,176,1.2246467991473532e-16,-1.0,0.0,1.0,3,315.6507298644794
2026,6,25,0,850.0,19.25,72.75,1469.0844350517252,291.9645690917969,0.0145769342780113,19.74533080562233,312.31766447326424,176,1.2246467991473532e-16,-1.0,0.0,1.0,3,316.3302826106738
2026,6,25,0,850.0,19.25,73.0,1468.5235911345874,291.9782409667969,0.0145254358649253,19.67618350749204,311.9964545366944,176,1.2246467991473532e-16,-1.0,0.0,1.0,3,315.72094299925396
2026,6,25,0,850.0,19.0,72.5,1470.1296441700276,291.8903503417969,0.0146460756659507,19.83816070962979,312.8254550031082,176,1.2246467991473532e-16,-1.0,0.0,1.0,3,315.54078715892405
2026,6,25,0,850.0,19.0,72.75,1469.9511938327564,291.8708190917969,0.0146718248724937,19.87272987031213,313.00356247585046,176,1.2246467991473532e-16,-1.0,0.0,1.0,3,316.2733480678809
2026,6,25,0,850.0,19.0,73.0,1469.4413357262674,291.9801940917969,0.0145416483283042,19.697952564061733,312.0890365340809,176,1.2246467991473532e-16,-1.0,0.0,1.0,3,315.61905899463216
2026,6,25,0,850.0,18.75,72.5,1471.0218958563833,291.7848815917969,0.0146947130560874,19.903457112924617,313.25600349827954,176,1.2246467991473532e-16,-1.0,0.0,1.0,3,315.6237101903081
2026,6,25,0,850.0,18.75,72.75,1470.664995181841,291.8805847167969,0.0146250948309898,19.809992452499326,312.7155002255181,176,1.2246467991473532e-16,-1.0,0.0,1.0,3,316.46514830625154
2026,6,25,0,850.0,18.75,73.0,1470.155137075352,292.0426940917969,0.0143866762518882,19.48984859876732,311.0936908287597,176,1.2246467991473532e-16,-1.0,0.0,1.0,3,315.83796070989376
2026,6,25,6,1000.0,19.25,72.5,68.98420013460255,299.569091796875,0.0196518637239933,31.221761814179903,388.80812056288113,176,1.2246467991473532e-16,-1.0,1.0,6.123233995736766e-17,3,386.888808563772
2026,6,25,6,1000.0,19.25,72.75,69.00969303992699,300.420654296875,0.019644234329462,31.209783663472155,387.28971665461086,176,1.2246467991473532e-16,-1.0,1.0,6.123233995736766e-17,3,387.05110725057455
2026,6,25,6,1000.0,19.25,73.0,68.23215942753133,301.336669921875,0.019618485122919,31.16935659445885,385.5554500553153,176,1.2246467991473532e-16,-1.0,1.0,6.123233995736766e-17,3,382.4403950777935
2026,6,25,6,1000.0,19.0,72.5,70.27159185348718,299.451904296875,0.0195226408541202,31.01886707065102,388.1671135349844,176,1.2246467991473532e-16,-1.0,1.0,6.123233995736766e-17,3,386.66019354644413
2026,6,25,6,1000.0,19.0,72.75,70.5010280014072,299.795654296875,0.0193395353853702,30.731316524848705,386.38089854296334,176,1.2246467991473532e-16,-1.0,1.0,6.123233995736766e-17,3,386.5440498330683
2026,6,25,6,1000.0,19.0,73.0,69.95293053693158,300.510498046875,0.0194287039339542,30.87135555069975,385.7375420595976,176,1.2246467991473532e-16,-1.0,1.0,6.123233995736766e-17,3,382.19341787963435
2026,6,25,6,1000.0,18.75,72.5,71.77567326762963,299.395263671875,0.0194687582552433,30.934255899320632,387.9128783903645,176,1.2246467991473532e-16,-1.0,1.0,6.123233995736766e-17,3,386.58564325069716
2026,6,25,6,1000.0,18.75,72.75,71.72468745698073,299.481201171875,0.0193128325045108,30.68937678546342,386.74623058926807,176,1.2246467991473532e-16,-1.0,1.0,6.123233995736766e-17,3,386.462023034336
2026,6,25,6,1000.0,18.75,73.0,71.72468745698073,299.781982421875,0.0192575193941593,30.60249733103447,385.8696758077815,176,1.2246467991473532e-16,-1.0,1.0,6.123233995736766e-17,3,382.5640853174554
2026,6,25,6,925.0,19.25,72.5,754.9719928568879,295.4632873535156,0.0179877020418643,26.460943944081347,356.0000180017193,176,1.2246467991473532e-16,-1.0,1.0,6.123233995736766e-17,3,356.7320811062956
2026,6,25,6,925.0,19.25,72.75,755.4818509633769,295.3011779785156,0.0173916555941104,25.59329570107301,352.54628163024364,176,1.2246467991473532e-16,-1.0,1.0,6.123233995736766e-17,3,358.17369750427525
2026,6,25,6,925.0,19.25,73.0,755.2779077207814,295.3246154785156,0.0170163847506046,25.04670521135399,350.1720080849606,176,1.2246467991473532e-16,-1.0,1.0,6.123233995736766e-17,3,357.23124329494675
2026,6,25,6,925.0,19.0,72.5,756.0681877858392,295.5765686035156,0.0175614096224308,25.840465261301706,353.1711813490442,176,1.2246467991473532e-16,-1.0,1.0,6.123233995736766e-17,3,357.07700417989184
2026,6,25,6,925.0,19.0,72.75,756.1956523124614,295.4418029785156,0.0173516012728214,25.534967435042965,352.07713874546323,176,1.2246467991473532e-16,-1.0,1.0,6.123233995736766e-17,3,358.3044346308692
2026,6,25,6,925.0,19.0,73.0,756.1956523124614,295.3480529785156,0.017113659530878,25.188411823669306,350.74166185139006,176,1.2246467991473532e-16,-1.0,1.0,6.123233995736766e-17,3,357.30354004913363
2026,6,25,6,925.0,18.75,72.5,757.1133969041416,295.5941467285156,0.0173854567110538,25.584268891305104,352.0499393589603,176,1.2246467991473532e-16,-1.0,1.0,6.123233995736766e-17,3,356.91975936657553
2026,6,25,6,925.0,18.75,72.75,757.0879039988172,295.4476623535156,0.0171470381319522,25.23703282061316,350.7948741990783,176,1.2246467991473532e-16,-1.0,1.0,6.123233995736766e-17,3,358.12656341166263
2026,6,25,6,925.0,18.75,73.0,757.2918472414127,295.3890686035156,0.0170292593538761,25.065461450409902,350.1524137659387,176,1.2246467991473532e-16,-1.0,1.0,6.123233995736766e-17,3,357.44691544518537
2026,6,25,6,850.0,19.25,72.5,1488.5916858713222,292.0926208496094,0.0134017057716846,18.166273925982534,305.2394474750614,176,1.2246467991473532e-16,-1.0,1.0,6.123233995736766e-17,3,313.4818933960135
2026,6,25,6,850.0,19.25,72.75,1488.8211220192422,292.0809020996094,0.0134746618568897,18.264364085506067,305.68375303170166,176,1.2246467991473532e-16,-1.0,1.0,6.123233995736766e-17,3,314.1840741671767
2026,6,25,6,850.0,19.25,73.0,1488.6171787766466,292.0008239746094,0.0137574262917041,18.644462087883976,307.452274835127,176,1.2246467991473532e-16,-1.0,1.0,6.123233995736766e-17,3,314.04011396493553
2026,6,25,6,850.0,19.0,72.5,1489.662387894949,291.9519958496094,0.0137064047157764,18.575887373246704,307.2172498017751,176,1.2246467991473532e-16,-1.0,1.0,6.123233995736766e-17,3,313.649059696449
2026,6,25,6,850.0,19.0,72.75,1489.5859091789755,291.9187927246094,0.0137316770851612,18.60985481509689,307.4101183003804,176,1.2246467991473532e-16,-1.0,1.0,6.123233995736766e-17,3,314.44400107870393
2026,6,25,6,850.0,19.0,73.0,1489.432951747029,291.8309020996094,0.0137216635048389,18.596396141154333,307.4682954281608,176,1.2246467991473532e-16,-1.0,1.0,6.123233995736766e-17,3,314.2561681162464
2026,6,25,6,850.0,18.75,72.5,1490.6821041079268,291.8172302246094,0.0138156004250049,18.722644934912,308.0395026951842,176,1.2246467991473532e-16,-1.0,1.0,6.123233995736766e-17,3,313.81989794422327
2026,6,25,6,850.0,18.75,72.75,1490.4271750546825,291.8230895996094,0.0138456411659717,18.763015898113,308.2084941141019,176,1.2246467991473532e-16,-1.0,1.0,6.123233995736766e-17,3,314.77145337616423
2026,6,25,6,850.0,18.75,73.0,1490.4016821493578,291.7000427246094,0.0138947553932666,18.829016070475426,308.6625071595508,176,1.2246467991473532e-16,-1.0,1.0,6.123233995736766e-17,3,314.6760630960955
2026,6,25,12,1000.0,19.25,72.5,47.77529788459872,301.66387939453125,0.019135545939207,30.410895091540404,381.8896957020805,176,1.2246467991473532e-16,-1.0,1.2246467991473532e-16,-1.0,3,387.945266648386
2026,6,25,12,1000.0,19.25,72.75,49.368604467376734,300.99395751953125,0.0190606825053691,30.29328181426653,382.5334896949978,176,1.2246467991473532e-16,-1.0,1.2246467991473532e-16,-1.0,3,387.8981752865067
2026,6,25,12,1000.0,19.25,73.0,49.67451933127011,301.07208251953125,0.0187073461711406,29.73803428274777,380.1170377817765,176,1.2246467991473532e-16,-1.0,1.2246467991473532e-16,-1.0,3,381.6482450095541
2026,6,25,12,1000.0,19.0,72.5,48.99895734017223,301.59747314453125,0.0187774412333965,29.84820334907946,379.69382668904575,176,1.2246467991473532e-16,-1.0,1.2246467991473532e-16,-1.0,3,388.2778920141416
2026,6,25,12,1000.0,19.0,72.75,50.22261679574574,301.13067626953125,0.0191794149577617,30.4798100580952,383.070474277269,176,1.2246467991473532e-16,-1.0,1.2246467991473532e-16,-1.0,3,388.4093487992436
2026,6,25,12,1000.0,19.0,73.0,50.464799396328,301.26739501953125,0.0186997167766094,29.72604253182119,379.7420426428498,176,1.2246467991473532e-16,-1.0,1.2246467991473532e-16,-1.0,3,381.87337045819646
2026,6,25,12,1000.0,18.75,72.5,50.65599618626137,301.56231689453125,0.0186076872050762,29.581383373551144,378.6579700198464,176,1.2246467991473532e-16,-1.0,1.2246467991473532e-16,-1.0,3,388.2138434408807
2026,6,25,12,1000.0,18.75,72.75,51.11486848210144,301.22637939453125,0.018879484385252,30.00856893979876,380.9717855878205,176,1.2246467991473532e-16,-1.0,1.2246467991473532e-16,-1.0,3,388.22417214702506
2026,6,25,12,1000.0,18.75,73.0,51.803176925861536,301.12091064453125,0.0186258070170879,29.609866752604884,379.5083242537374,176,1.2246467991473532e-16,-1.0,1.2246467991473532e-16,-1.0,3,382.1753034751283
2026,6,25,12,925.0,19.25,72.5,736.7467065556281,296.4366455078125,0.0164461843669414,24.21572295669796,344.9308199103226,176,1.2246467991473532e-16,-1.0,1.2246467991473532e-16,-1.0,3,348.9492070748712
2026,6,25,12,925.0,19.25,72.75,737.5624795260104,296.3214111328125,0.0166707746684551,24.543097974204727,346.4956292175077,176,1.2246467991473532e-16,-1.0,1.2246467991473532e-16,-1.0,3,349.5400741014948
2026,6,25,12,925.0,19.25,73.0,737.587972431335,296.4425048828125,0.0167866460978984,24.7119638675958,347.02827157308616,176,1.2246467991473532e-16,-1.0,1.2246467991473532e-16,-1.0,3,352.3136044715752
2026,6,25,12,925.0,19.0,72.5,737.7154369579572,296.4327392578125,0.0161176435649395,23.736664626714955,342.9032163983971,176,1.2246467991473532e-16,-1.0,1.2246467991473532e-16,-1.0,3,348.9752471580149
2026,6,25,12,925.0,19.0,72.75,738.1743092537972,296.2237548828125,0.0167155973613262,24.60842337527641,346.9219251547685,176,1.2246467991473532e-16,-1.0,1.2246467991473532e-16,-1.0,3,349.0314364157686
2026,6,25,12,925.0,19.0,73.0,738.3782524963927,296.0694580078125,0.0170150510966777,25.0447622741527,349.0139835783492,176,1.2246467991473532e-16,-1.0,1.2246467991473532e-16,-1.0,3,351.62621788390913
2026,6,25,12,925.0,18.75,72.5,738.9900822241796,296.3038330078125,0.0163069479167461,24.01271991256227,344.2690661362225,176,1.2246467991473532e-16,-1.0,1.2246467991473532e-16,-1.0,3,348.85974666503574
2026,6,25,12,925.0,18.75,72.75,739.0920538454774,296.2159423828125,0.0165620557963848,24.38463449154517,345.9825055051417,176,1.2246467991473532e-16,-1.0,1.2246467991473532e-16,-1.0,3,348.7216228935076
2026,6,25,12,925.0,18.75,73.0,739.3724758040463,295.9346923828125,0.0169444791972637,24.941944971503155,348.78356595133835,176,1.2246467991473532e-16,-1.0,1.2246467991473532e-16,-1.0,3,351.7365613819053
2026,6,25,12,850.0,19.25,72.5,1472.4729998266482,292.86737060546875,0.0127428360283374,17.280026256481527,300.36833451734395,176,1.2246467991473532e-16,-1.0,1.2246467991473532e-16,-1.0,3,314.2375836668599
2026,6,25,12,850.0,19.25,72.75,1472.7789146905418,292.70721435546875,0.0130928345024585,17.750897926168527,302.623778117196,176,1.2246467991473532e-16,-1.0,1.2246467991473532e-16,-1.0,3,313.8398928233378
2026,6,25,12,850.0,19.25,73.0,1472.7279288798927,292.41033935546875,0.0131491012871265,17.826578100039118,303.33970682814214,176,1.2246467991473532e-16,-1.0,1.2246467991473532e-16,-1.0,3,313.13708832722926
2026,6,25,12,850.0,19.0,72.5,1473.3142657023552,292.81658935546875,0.012645561248064,17.149121990125817,299.8639893535069,176,1.2246467991473532e-16,-1.0,1.2246467991473532e-16,-1.0,3,314.54659839443275
2026,6,25,12,850.0,19.0,72.75,1473.416237323653,292.64862060546875,0.0128763504326343,17.459673774709525,301.4314828117396,176,1.2246467991473532e-16,-1.0,1.2246467991473532e-16,-1.0,3,314.06654359965177
2026,6,25,12,850.0,19.0,73.0,1473.4672231343018,292.52557373046875,0.0130503959953784,17.69381372001859,302.6108777890158,176,1.2246467991473532e-16,-1.0,1.2246467991473532e-16,-1.0,3,313.3863307080538
2026,6,25,12,850.0,18.75,72.5,1474.435953536631,292.59002685546875,0.0128386802971363,17.408990440063885,301.28624979777766,176,1.2246467991473532e-16,-1.0,1.2246467991473532e-16,-1.0,3,314.6948506145132
2026,6,25,12,850.0,18.75,72.75,1474.1810244833864,292.46893310546875,0.0129063911736011,17.50009047995285,301.8396664144451,176,1.2246467991473532e-16,-1.0,1.2246467991473532e-16,-1.0,3,314.3484849468344
2026,6,25,12,850.0,18.75,73.0,1474.1810244833864,292.39666748046875,0.0131543464958667,17.833632769866526,303.3883047620434,176,1.2246467991473532e-16,-1.0,1.2246467991473532e-16,-1.0,3,313.75221286087634
2026,6,25,18,1000.0,19.25,72.5,63.79241063462039,301.2449035644531,0.0194497592747211,30.904420731801498,384.62295857175656,176,1.2246467991473532e-16,-1.0,-1.0,-1.8369701987210294e-16,3,387.665272205287
2026,6,25,18,1000.0,19.25,72.75,64.48071907838049,300.7937316894531,0.0199151523411273,31.63505774482121,388.40280943771006,176,1.2246467991473532e-16,-1.0,-1.0,-1.8369701987210294e-16,3,388.0467620054453
2026,6,25,18,1000.0,19.25,73.0,65.15628106947837,300.1355285644531,0.0194721706211566,30.939614457278694,386.6615988013403,176,1.2246467991473532e-16,-1.0,-1.0,-1.8369701987210294e-16,3,385.40670495702796
2026,6,25,18,1000.0,19.0,72.5,64.42973326773159,301.5632629394531,0.0192003734409809,30.51273299485369,382.4764133053058,176,1.2246467991473532e-16,-1.0,-1.0,-1.8369701987210294e-16,3,387.8101387555647
2026,6,25,18,1000.0,19.0,72.75,65.04156299551835,301.2800598144531,0.0193682201206684,30.7763674804427,384.0370468019853,176,1.2246467991473532e-16,-1.0,-1.0,-1.8369701987210294e-16,3,387.956827983704
2026,6,25,18,1000.0,19.0,73.0,65.79360370258958,300.3972473144531,0.0191798694431781,30.48052400188425,384.3155578141826,176,1.2246467991473532e-16,-1.0,-1.0,-1.8369701987210294e-16,3,385.2494055851543
2026,6,25,18,1000.0,18.75,72.5,65.20726688012726,301.6257629394531,0.019245196133852,30.5831405885912,382.65989629579445,176,1.2246467991473532e-16,-1.0,-1.0,-1.8369701987210294e-16,3,387.98920233193894
2026,6,25,18,1000.0,18.75,72.75,65.81909660791402,301.3327941894531,0.0193830020725727,30.79958274338939,384.04307526276193,176,1.2246467991473532e-16,-1.0,-1.0,-1.8369701987210294e-16,3,388.03628755953974
2026,6,25,18,1000.0,18.75,73.0,67.20845994809645,300.2234191894531,0.0190701968967914,30.308229868748462,383.898064342407,176,1.2246467991473532e-16,-1.0,-1.0,-1.8369701987210294e-16,3,385.44484233497445
2026,6,25,18,925.0,19.25,72.5,751.7614800925903,295.9934387207031,0.0168114192783832,24.748064149878267,347.8678341792337,176,1.2246467991473532e-16,-1.0,-1.0,-1.8369701987210294e-16,3,355.86526512188567
2026,6,25,18,925.0,19.25,72.75,751.9909162405103,295.5500793457031,0.0174389369785785,25.662144610360404,352.4512617494901,176,1.2246467991473532e-16,-1.0,-1.0,-1.8369701987210294e-16,3,357.69498706415123
2026,6,25,18,925.0,19.25,73.0,751.6850013766169,295.3547668457031,0.0176525600254535,25.97316355990533,354.0867090396293,176,1.2246467991473532e-16,-1.0,-1.0,-1.8369701987210294e-16,3,356.4617581351314
2026,6,25,18,925.0,19.0,72.5,752.7047175895949,295.8840637207031,0.0171118266880512,25.185741953455565,349.90013561879874,176,1.2246467991473532e-16,-1.0,-1.0,-1.8369701987210294e-16,3,356.3676217639164
2026,6,25,18,925.0,19.0,72.75,752.6282388736215,295.4973449707031,0.0169787891209125,24.991932725524407,349.67076940755175,176,1.2246467991473532e-16,-1.0,-1.0,-1.8369701987210294e-16,3,357.9974493064672
2026,6,25,18,925.0,19.0,73.0,752.2713381990792,295.2785949707031,0.0169525630772113,24.95372294516737,349.8454994105388,176,1.2246467991473532e-16,-1.0,-1.0,-1.8369701987210294e-16,3,356.8524060384595
2026,6,25,18,925.0,18.75,72.5,753.393026033355,295.8274230957031,0.0170512683689594,25.097524394649984,349.6116791244386,176,1.2246467991473532e-16,-1.0,-1.0,-1.8369701987210294e-16,3,356.33399635959603
2026,6,25,18,925.0,18.75,72.75,753.2655615067328,295.4953918457031,0.0167761333286762,24.696643994039697,348.4123820308563,176,1.2246467991473532e-16,-1.0,-1.0,-1.8369701987210294e-16,3,357.86337483244324
2026,6,25,18,925.0,18.75,73.0,753.1635898854349,295.2004699707031,0.0168724544346332,24.8370019686183,349.4667445837461,176,1.2246467991473532e-16,-1.0,-1.0,-1.8369701987210294e-16,3,357.2144403045411
2026,6,25,18,850.0,19.25,72.5,1486.2738231200258,292.2230834960937,0.0131935216486454,17.886320924098225,303.8449055302795,176,1.2246467991473532e-16,-1.0,-1.0,-1.8369701987210294e-16,3,318.66059779499216
2026,6,25,18,850.0,19.25,72.75,1485.9934011614569,292.1820678710937,0.0134586431086063,18.24282746327649,305.4561747269838,176,1.2246467991473532e-16,-1.0,-1.0,-1.8369701987210294e-16,3,318.9858463657508
2026,6,25,18,850.0,19.25,73.0,1485.4580501496434,292.1996459960937,0.0135549642145633,18.372321405474555,305.99872101381936,176,1.2246467991473532e-16,-1.0,-1.0,-1.8369701987210294e-16,3,317.71083623716515
2026,6,25,18,850.0,19.0,72.5,1486.8346670371636,292.1371459960937,0.0132664777338504,17.984435707355296,304.3860910663958,176,1.2246467991473532e-16,-1.0,-1.0,-1.8369701987210294e-16,3,318.92267382702596
2026,6,25,18,850.0,19.0,72.75,1486.222837309377,292.0707397460937,0.0131539441645145,17.833091646204036,303.81141626701867,176,1.2246467991473532e-16,-1.0,-1.0,-1.8369701987210294e-16,3,319.32360158649203
2026,6,25,18,850.0,19.0,73.0,1485.8149508241856,292.0961303710937,0.0133713819086551,18.12550066160775,305.05657451227296,176,1.2246467991473532e-16,-1.0,-1.0,-1.8369701987210294e-16,3,317.99116476820444
2026,6,25,18,850.0,18.75,72.5,1487.650440007546,292.1039428710937,0.013173971325159,17.86002726092996,303.88576995435614,176,1.2246467991473532e-16,-1.0,-1.0,-1.8369701987210294e-16,3,319.1039029296613
2026,6,25,18,850.0,18.75,72.75,1486.8346670371636,291.9965209960937,0.0130972005426883,17.75677053867378,303.5745767996136,176,1.2246467991473532e-16,-1.0,-1.0,-1.8369701987210294e-16,3,319.56223885125013
2026,6,25,18,850.0,18.75,73.0,1486.503259267946,291.9808959960937,0.0132669545710086,17.985076952059632,304.59387040191933,176,1.2246467991473532e-16,-1.0,-1.0,-1.8369701987210294e-16,3,318.36668024425444
